group,method,n,prior_all_within_band_n,unchanged_surface_n,same_selection_as_mix_n,converged_n,mean_tv_from_prior,mean_kl_from_prior,mean_max_abs_es_change,mean_prior_max_standardized_residual,mean_posterior_max_standardized_residual,mean_scale_floor_fraction,mean_max_posterior_anchor_gap
all,support_band50,80,56,56,73,80,0.001451329183374666,0.00030023950351240646,0.06593292292111451,0.8927097189312854,0.7522835567554411,0.8542982456140351,0.004068703199728926
all,support_point50,80,0,0,26,80,0.027755882175200593,0.014736358861071653,0.4200702878552131,0.8927097189312854,0.186042127483725,0.8542982456140351,0.046894850230977815
all,random_band50,80,56,70,77,80,0.0008825833854912384,0.0002132789977091487,0.03474408625949682,0.8927097189312854,0.8190559656120462,0.8542982456140351,0.0029021899696186322
gaussian,support_band50,20,20,20,20,20,4.163336342344337e-17,-1.1102230246251563e-16,2.331468351712829e-16,0.4680587026655589,0.4680587026655588,1.0,4.440892098500626e-16
gaussian,support_point50,20,0,0,9,20,0.03037778414851231,0.014272100501239665,0.17557057389202116,0.4680587026655589,0.17751004825835207,1.0,0.02222679399889781
gaussian,random_band50,20,20,20,20,20,4.163336342344337e-17,-1.1102230246251563e-16,2.331468351712829e-16,0.4680587026655589,0.4680587026655588,1.0,4.440892098500626e-16
asymmetric_crash,support_band50,20,15,15,19,20,0.0006716401466730279,4.490445224546883e-05,0.03903954522303501,0.835394600605223,0.7666429140378115,0.6552631578947368,0.0020414652777591023
asymmetric_crash,support_point50,20,0,0,6,20,0.021675600248072146,0.012141670853148634,0.47451876784276514,0.835394600605223,0.15950224961952505,0.6552631578947368,0.049981674152915934
asymmetric_crash,random_band50,20,15,19,20,20,0.00012774261499530864,5.484651711050538e-06,0.004484317292674467,0.835394600605223,0.8269194590840186,0.6552631578947368,0.00045102704458022114
student_t4,support_band50,20,13,13,18,20,0.0009328108946902818,9.480767405868901e-05,0.0591164949110088,1.0315107253319866,0.8926122551663334,0.9294736842105262,0.0008422641568870848
student_t4,support_point50,20,0,0,3,20,0.029277355394869097,0.0163858794242798,0.40584759526738196,1.0315107253319866,0.27487752231312,0.9294736842105262,0.03413199269568995
student_t4,random_band50,20,13,19,20,20,1.6520431814694046e-05,1.0608335832140177e-07,0.0004986900616476108,1.0315107253319866,1.0306864672514249,0.9294736842105262,6.9087172205883896e-06
markov_volatility,support_band50,20,8,8,16,20,0.004200865692135313,0.001061245887745579,0.165575651550414,1.2358748471223726,0.8818203551520606,0.832456140350877,0.013391083364269075
markov_volatility,support_point50,20,0,0,8,20,0.0296927889093488,0.016145784665618508,0.6243442144186842,1.2358748471223726,0.13227868974390272,0.832456140350877,0.08123894007640758
markov_volatility,random_band50,20,8,12,17,20,0.0033860704951549094,0.0008475252557673339,0.133993337683665,1.2358748471223726,0.950559233447182,0.832456140350877,0.011150824116673275
