family,track,target,method,n,mean_relative_error,mean_relative_regret,mean_true_es
all,A,equal_weight,historical,80,0.21417796940275685,0.07033567657352421,1.849615204193625
all,A,equal_weight,historical_se_penalty,80,0.21417796940275685,0.07033567657352421,1.849615204193625
all,A,equal_weight,support_mix50,80,0.22022506736178676,0.07033567657352421,1.849615204193625
all,A,equal_weight,support_band50,80,0.2171733795093886,0.07033567657352421,1.849615204193625
all,A,equal_weight,support_point50,80,0.2531192865911686,0.07033567657352421,1.849615204193625
all,A,equal_weight,random_band50,80,0.2206099635945288,0.07033567657352421,1.849615204193625
all,A,equal_weight,filtered_historical,80,0.22307047378440173,0.07033567657352421,1.849615204193625
all,A,historical_se_reference,historical,80,0.16555482033644603,0.03955103773652936,1.7954105092056296
all,A,historical_se_reference,historical_se_penalty,80,0.16555482033644603,0.03955103773652936,1.7954105092056296
all,A,historical_se_reference,support_mix50,80,0.16917217217721772,0.03955103773652936,1.7954105092056296
all,A,historical_se_reference,support_band50,80,0.16587059611382668,0.03955103773652936,1.7954105092056296
all,A,historical_se_reference,support_point50,80,0.19522637168434379,0.03955103773652936,1.7954105092056296
all,A,historical_se_reference,random_band50,80,0.16647110468821094,0.03955103773652936,1.7954105092056296
all,A,historical_se_reference,filtered_historical,80,0.1916124529727165,0.03955103773652936,1.7954105092056296
all,B,own_selection,historical,80,0.16996175800949093,0.031451168695795596,1.7853752683784805
all,B,own_selection,historical_se_penalty,80,0.16555482033644603,0.03955103773652936,1.7954105092056296
all,B,own_selection,support_mix50,80,0.1740625938939273,0.03476939170399893,1.7893226761312768
all,B,own_selection,support_band50,80,0.16969415639481258,0.033017775511344945,1.7854692325807981
all,B,own_selection,support_point50,80,0.20587205171359835,0.048571737462418524,1.8120835453823403
all,B,own_selection,random_band50,80,0.17047091101741385,0.03546285195761031,1.7897137007477106
all,B,own_selection,filtered_historical,80,0.19800982455431856,0.059311926843535645,1.8403169997020605
gaussian,A,equal_weight,historical,20,0.04030134799924892,0.0711577688508385,1.219584361393319
gaussian,A,equal_weight,historical_se_penalty,20,0.04030134799924892,0.0711577688508385,1.219584361393319
gaussian,A,equal_weight,support_mix50,20,0.046329690274116105,0.0711577688508385,1.219584361393319
gaussian,A,equal_weight,support_band50,20,0.046329690274116105,0.0711577688508385,1.219584361393319
gaussian,A,equal_weight,support_point50,20,0.062205464120082266,0.0711577688508385,1.219584361393319
gaussian,A,equal_weight,random_band50,20,0.046329690274116105,0.0711577688508385,1.219584361393319
gaussian,A,equal_weight,filtered_historical,20,0.06543117959112435,0.0711577688508385,1.219584361393319
gaussian,A,historical_se_reference,historical,20,0.042771960684731256,0.016895475545093186,1.1597897126430774
gaussian,A,historical_se_reference,historical_se_penalty,20,0.042771960684731256,0.016895475545093186,1.1597897126430774
gaussian,A,historical_se_reference,support_mix50,20,0.049990923789312774,0.016895475545093186,1.1597897126430774
gaussian,A,historical_se_reference,support_band50,20,0.04999092378931276,0.016895475545093186,1.1597897126430774
gaussian,A,historical_se_reference,support_point50,20,0.05201773286796084,0.016895475545093186,1.1597897126430774
gaussian,A,historical_se_reference,random_band50,20,0.04999092378931276,0.016895475545093186,1.1597897126430774
gaussian,A,historical_se_reference,filtered_historical,20,0.06691802731347184,0.016895475545093186,1.1597897126430774
gaussian,B,own_selection,historical,20,0.04503528185723955,0.01413364078140068,1.156983727770982
gaussian,B,own_selection,historical_se_penalty,20,0.042771960684731256,0.016895475545093186,1.1597897126430774
gaussian,B,own_selection,support_mix50,20,0.050553589602999084,0.01447571565281237,1.157071458010226
gaussian,B,own_selection,support_band50,20,0.050553589602999084,0.01447571565281237,1.157071458010226
gaussian,B,own_selection,support_point50,20,0.06875170883964671,0.021791984141475575,1.164691771497531
gaussian,B,own_selection,random_band50,20,0.050553589602999084,0.01447571565281237,1.157071458010226
gaussian,B,own_selection,filtered_historical,20,0.06873749898815028,0.02667348534312881,1.170935417484174
asymmetric_crash,A,equal_weight,historical,20,0.09042281723907779,0.03879338500222993,2.872436289553492
asymmetric_crash,A,equal_weight,historical_se_penalty,20,0.09042281723907779,0.03879338500222993,2.872436289553492
asymmetric_crash,A,equal_weight,support_mix50,20,0.11411039243881971,0.03879338500222993,2.872436289553492
asymmetric_crash,A,equal_weight,support_band50,20,0.11076479378682999,0.03879338500222993,2.872436289553492
asymmetric_crash,A,equal_weight,support_point50,20,0.11096180135041164,0.03879338500222993,2.872436289553492
asymmetric_crash,A,equal_weight,random_band50,20,0.11264725851799469,0.03879338500222993,2.872436289553492
asymmetric_crash,A,equal_weight,filtered_historical,20,0.19691618190443733,0.03879338500222993,2.872436289553492
asymmetric_crash,A,historical_se_reference,historical,20,0.10405319138782579,0.023460928772470857,2.8310691498431755
asymmetric_crash,A,historical_se_reference,historical_se_penalty,20,0.10405319138782579,0.023460928772470857,2.8310691498431755
asymmetric_crash,A,historical_se_reference,support_mix50,20,0.12162587408292347,0.023460928772470857,2.8310691498431755
asymmetric_crash,A,historical_se_reference,support_band50,20,0.11975234330542257,0.023460928772470857,2.8310691498431755
asymmetric_crash,A,historical_se_reference,support_point50,20,0.11973859983059876,0.023460928772470857,2.8310691498431755
asymmetric_crash,A,historical_se_reference,random_band50,20,0.120207969022376,0.023460928772470857,2.8310691498431755
asymmetric_crash,A,historical_se_reference,filtered_historical,20,0.2168144849145635,0.023460928772470857,2.8310691498431755
asymmetric_crash,B,own_selection,historical,20,0.10583773490753412,0.022842713003764316,2.8292742699015454
asymmetric_crash,B,own_selection,historical_se_penalty,20,0.10405319138782579,0.023460928772470857,2.8310691498431755
asymmetric_crash,B,own_selection,support_mix50,20,0.13024523688486717,0.030683774762647508,2.8508624603064288
asymmetric_crash,B,own_selection,support_band50,20,0.1256753029912426,0.02768627628921998,2.842760787870273
asymmetric_crash,B,own_selection,support_point50,20,0.14403850779457342,0.04467199402817096,2.8887447860322224
asymmetric_crash,B,own_selection,random_band50,20,0.12877865808192163,0.030683774762647508,2.8508624603064288
asymmetric_crash,B,own_selection,filtered_historical,20,0.19452248942879283,0.07951830610691633,2.9858532028659397
student_t4,A,equal_weight,historical,20,0.08870898326158969,0.07115776885083845,1.3390520230626919
student_t4,A,equal_weight,historical_se_penalty,20,0.08870898326158969,0.07115776885083845,1.3390520230626919
student_t4,A,equal_weight,support_mix50,20,0.094497179241146,0.07115776885083845,1.3390520230626919
student_t4,A,equal_weight,support_band50,20,0.08373833909017164,0.07115776885083845,1.3390520230626919
student_t4,A,equal_weight,support_point50,20,0.1348444556501613,0.07115776885083845,1.3390520230626919
student_t4,A,equal_weight,random_band50,20,0.09428239097106014,0.07115776885083845,1.3390520230626919
student_t4,A,equal_weight,filtered_historical,20,0.11210933493412818,0.07115776885083845,1.3390520230626919
student_t4,A,historical_se_reference,historical,20,0.08562859273050276,0.03817876102177389,1.3007768133355735
student_t4,A,historical_se_reference,historical_se_penalty,20,0.08562859273050276,0.03817876102177389,1.3007768133355735
student_t4,A,historical_se_reference,support_mix50,20,0.08742012796062175,0.03817876102177389,1.3007768133355735
student_t4,A,historical_se_reference,support_band50,20,0.08688281063203442,0.03817876102177389,1.3007768133355735
student_t4,A,historical_se_reference,support_point50,20,0.13233708852645482,0.03817876102177389,1.3007768133355735
student_t4,A,historical_se_reference,random_band50,20,0.08743987306333142,0.03817876102177389,1.3007768133355735
student_t4,A,historical_se_reference,filtered_historical,20,0.13692939008732086,0.03817876102177389,1.3007768133355735
student_t4,B,own_selection,historical,20,0.08359895908386641,0.021256814700299376,1.2799631297106155
student_t4,B,own_selection,historical_se_penalty,20,0.08562859273050276,0.03817876102177389,1.3007768133355735
student_t4,B,own_selection,support_mix50,20,0.08148306531595738,0.03499979627200792,1.2967274803454045
student_t4,B,own_selection,support_band50,20,0.08862655992111898,0.02282983604030613,1.2817707669401732
student_t4,B,own_selection,support_point50,20,0.1435509659698131,0.05288729232577721,1.3180265054204312
student_t4,B,own_selection,random_band50,20,0.0813575533602299,0.03499979627200792,1.2967274803454045
student_t4,B,own_selection,filtered_historical,20,0.15936529060327087,0.06924572530773287,1.339487993234174
markov_volatility,A,equal_weight,historical,20,0.637278729111111,0.10023378359019,1.967388142764997
markov_volatility,A,equal_weight,historical_se_penalty,20,0.637278729111111,0.10023378359019,1.967388142764997
markov_volatility,A,equal_weight,support_mix50,20,0.6259630074930652,0.10023378359019,1.967388142764997
markov_volatility,A,equal_weight,support_band50,20,0.6278606948864367,0.10023378359019,1.967388142764997
markov_volatility,A,equal_weight,support_point50,20,0.7044654252440192,0.10023378359019,1.967388142764997
markov_volatility,A,equal_weight,random_band50,20,0.6291805146149443,0.10023378359019,1.967388142764997
markov_volatility,A,equal_weight,filtered_historical,20,0.5178251987079171,0.10023378359019,1.967388142764997
markov_volatility,A,historical_se_reference,historical,20,0.42976553654272437,0.07966898560677953,1.8900063610006925
markov_volatility,A,historical_se_reference,historical_se_penalty,20,0.42976553654272437,0.07966898560677953,1.8900063610006925
markov_volatility,A,historical_se_reference,support_mix50,20,0.4176517628760128,0.07966898560677953,1.8900063610006925
markov_volatility,A,historical_se_reference,support_band50,20,0.40685630672853695,0.07966898560677953,1.8900063610006925
markov_volatility,A,historical_se_reference,support_point50,20,0.47681206551236066,0.07966898560677953,1.8900063610006925
markov_volatility,A,historical_se_reference,random_band50,20,0.4082456528778236,0.07966898560677953,1.8900063610006925
markov_volatility,A,historical_se_reference,filtered_historical,20,0.34578790957550976,0.07966898560677953,1.8900063610006925
markov_volatility,B,own_selection,historical,20,0.44537505618932355,0.06757150629771802,1.8752799461307805
markov_volatility,B,own_selection,historical_se_penalty,20,0.42976553654272437,0.07966898560677953,1.8900063610006925
markov_volatility,B,own_selection,support_mix50,20,0.4339684837718856,0.058918280128527935,1.8526293058630467
markov_volatility,B,own_selection,support_band50,20,0.41392117306388965,0.06707927406304129,1.86027391750252
markov_volatility,B,own_selection,support_point50,20,0.46714702425036014,0.07493567935425036,1.8768711185791773
markov_volatility,B,own_selection,random_band50,20,0.42119384302450485,0.061692121142973434,1.8541934043287829
markov_volatility,B,own_selection,filtered_historical,20,0.3694140191970602,0.06181019061636454,1.8649913852239557
