alpha,id,kind,m,r,replicate,s,local_seconds,union_seconds,paired_ratio_median,paired_ratio_min,paired_ratio_max,lp_seconds,max_error,max_witness_error,argmin_disagrees
0.05,lp-2-24-12-0.05-0,lp,2,12,0,24,0.014325791969895363,0.014218791853636503,0.9925309458294723,0.9921330629421795,0.9926172889217727,0.022026499966159463,8.326672684688674e-17,9.71445146547012e-17,False
0.05,lp-2-24-12-0.05-1,lp,2,12,1,24,0.014196082949638367,0.014173249946907163,0.9765545967779572,0.9564170020353046,1.008589747406889,0.01927687507122755,2.7755575615628914e-16,2.220446049250313e-16,False
0.2,lp-2-24-12-0.2-0,lp,2,12,0,24,0.01485745795071125,0.014692041091620922,0.98115235188813,0.9483396898929949,0.9950025205471503,0.02398770907893777,8.326672684688674e-17,1.3877787807814457e-16,False
0.2,lp-2-24-12-0.2-1,lp,2,12,1,24,0.014313374878838658,0.014057583874091506,0.9839509233623908,0.9790150936746181,1.0059909091880654,0.019458208000287414,2.7755575615628914e-17,2.7755575615628914e-17,False
1.0,lp-2-24-12-1.0-0,lp,2,12,0,24,1.0458054021000862e-05,9.041978046298027e-06,1.0862621620854962,0.8645946968853664,1.8130703789636504,0.02011241693980992,5.551115123125783e-17,9.71445146547012e-17,False
1.0,lp-2-24-12-1.0-1,lp,2,12,1,24,8.875038474798203e-06,9.791925549507141e-06,0.951155691234191,0.38029089077429207,1.1033107718138413,0.020147749921306968,1.1102230246251565e-16,1.3877787807814457e-16,False
0.05,lp-2-24-3-0.05-0,lp,2,3,0,24,0.0006467911880463362,0.0007125830743461847,1.1137733202080873,1.0074735047140928,1.131195719360012,0.02066316711716354,5.551115123125783e-17,5.551115123125783e-17,False
0.05,lp-2-24-3-0.05-1,lp,2,3,1,24,0.0006654590833932161,0.0006389578338712454,0.9814431790387839,0.9601759895036082,1.0499893958752542,0.02026250003837049,5.551115123125783e-17,5.551115123125783e-17,False
0.2,lp-2-24-3-0.2-0,lp,2,3,0,24,0.0006578329484909773,0.0006518331356346607,0.9813198446740363,0.8623066332931286,0.9908794278698266,0.020266792038455606,5.551115123125783e-17,5.551115123125783e-17,False
0.2,lp-2-24-3-0.2-1,lp,2,3,1,24,0.0006107499357312918,0.0006019999273121357,0.9856733371430009,0.8168517381498199,0.99171626391005,0.018212958937510848,2.7755575615628914e-17,2.7755575615628914e-17,False
1.0,lp-2-24-3-1.0-0,lp,2,3,0,24,8.499948307871819e-06,9.290874004364014e-06,0.9584829183555298,0.5134484574302325,1.0930506478209658,0.017942375037819147,1.3877787807814457e-17,2.7755575615628914e-17,False
1.0,lp-2-24-3-1.0-1,lp,2,3,1,24,8.666189387440681e-06,9.458046406507492e-06,0.9444883445278546,0.4400151305439259,1.0913731495661052,0.01891666604205966,6.938893903907228e-18,1.3877787807814457e-17,False
0.05,lp-2-24-6-0.05-0,lp,2,6,0,24,0.0032938749063760042,0.0033259999472647905,0.9894642264150016,0.9652352596333243,1.0390118529718313,0.019820667104795575,6.106226635438361e-16,6.106226635438361e-16,False
0.05,lp-2-24-6-0.05-1,lp,2,6,1,24,0.003549792105332017,0.0034861669410020113,0.9583074280407873,0.9406290673187067,1.0617393775222406,0.01676770788617432,5.551115123125783e-17,1.1102230246251565e-16,False
0.2,lp-2-24-6-0.2-0,lp,2,6,0,24,0.0033757078927010298,0.003169999923557043,0.9373465148768274,0.8514830357822419,1.0290763582313491,0.02172854100354016,5.551115123125783e-17,5.551115123125783e-17,False
0.2,lp-2-24-6-0.2-1,lp,2,6,1,24,0.0033926251344382763,0.003267708932980895,0.9736117089327451,0.9631800754556209,1.0596966749484238,0.018768582958728075,2.7755575615628914e-17,2.7755575615628914e-17,False
1.0,lp-2-24-6-1.0-0,lp,2,6,0,24,8.624978363513947e-06,9.37492586672306e-06,0.9389624755367728,0.5333243023570848,1.086950653277184,0.022010084008798003,5.551115123125783e-17,8.326672684688674e-17,False
1.0,lp-2-24-6-1.0-1,lp,2,6,1,24,9.167008101940155e-06,9.583774954080582e-06,0.9396866400853597,0.6040891480302275,1.0454637813674692,0.018900500144809484,1.3877787807814457e-17,4.163336342344337e-17,False
0.05,lp-2-8-12-0.05-0,lp,2,12,0,8,0.011522250017151237,0.011328666936606169,0.9754074554130702,0.9565369462508927,1.0015532028963476,0.0076114998664706945,8.326672684688674e-17,1.1102230246251565e-16,False
0.05,lp-2-8-12-0.05-1,lp,2,12,1,8,0.011588459135964513,0.011288957903161645,0.971954843815665,0.917009891005665,0.9862187268100349,0.00947350007481873,2.220446049250313e-16,2.220446049250313e-16,False
0.2,lp-2-8-12-0.2-0,lp,2,12,0,8,0.011498125037178397,0.011233790777623653,0.9969367214166934,0.9759489451568301,1.0148302788017367,0.0069409580901265144,4.163336342344337e-17,5.551115123125783e-17,False
0.2,lp-2-8-12-0.2-1,lp,2,12,1,8,0.011429167119786143,0.011380374897271395,1.004605041656867,0.9919176007105132,1.0284373739195076,0.008149417117238045,9.71445146547012e-17,9.71445146547012e-17,False
1.0,lp-2-8-12-1.0-0,lp,2,12,0,8,8.875038474798203e-06,9.875046089291573e-06,0.9409238561911578,0.5333312637112463,1.1126764258355633,0.008736292133107781,3.469446951953614e-17,3.469446951953614e-17,False
1.0,lp-2-8-12-1.0-1,lp,2,12,1,8,1.0041054338216782e-05,9.167008101940155e-06,1.0656713890613534,0.9129527431247971,1.8303123642538404,0.007436959072947502,1.1102230246251565e-16,1.1102230246251565e-16,False
0.05,lp-2-8-3-0.05-0,lp,2,3,0,8,0.0005352501757442951,0.0005212500691413879,0.9738438075551508,0.8535619796560744,0.9762032454095815,0.0065302501898258924,0.0,0.0,False
0.05,lp-2-8-3-0.05-1,lp,2,3,1,8,0.000554082915186882,0.0005375831387937069,0.9891127821365577,0.9702214669665278,1.1286986495918405,0.006940542021766305,2.7755575615628914e-17,2.7755575615628914e-17,False
0.2,lp-2-8-3-0.2-0,lp,2,3,0,8,0.0005388751160353422,0.0005292920395731926,0.9955073707130425,0.9822165170055447,1.1526063893414558,0.007975915912538767,5.551115123125783e-17,5.551115123125783e-17,False
0.2,lp-2-8-3-0.2-1,lp,2,3,1,8,0.0005414159968495369,0.000532291829586029,1.0015540072328484,0.671308301471156,1.036018447004426,0.006783624878153205,1.3877787807814457e-17,2.7755575615628914e-17,False
1.0,lp-2-8-3-1.0-0,lp,2,3,0,8,9.375158697366714e-06,8.499948307871819e-06,1.0594080338266385,0.9066458053941291,1.830919363122753,0.006185832899063826,8.326672684688674e-17,5.551115123125783e-17,False
1.0,lp-2-8-3-1.0-1,lp,2,3,1,8,8.958159014582634e-06,1.0041985660791397e-05,0.9607198619442846,0.5161329087303972,1.1209876543209876,0.00631987489759922,0.0,2.7755575615628914e-17,False
0.05,lp-2-8-6-0.05-0,lp,2,6,0,8,0.0027232079301029444,0.002611667150631547,0.966798046765889,0.8365922719989081,0.9801314231290507,0.007986292010173202,1.1102230246251565e-16,3.8163916471489756e-17,False
0.05,lp-2-8-6-0.05-1,lp,2,6,1,8,0.002635041018947959,0.0027459580451250076,1.0420930928131558,1.016255629110697,1.0667979074317944,0.009014749899506569,2.7755575615628914e-17,2.7755575615628914e-17,False
0.2,lp-2-8-6-0.2-0,lp,2,6,0,8,0.002633624942973256,0.0029818748589605093,1.1322321604359098,0.9077298612726417,1.1443913331182574,0.00864499993622303,5.551115123125783e-17,5.551115123125783e-17,False
0.2,lp-2-8-6-0.2-1,lp,2,6,1,8,0.0025429578963667154,0.002616040874272585,1.0004192123865785,0.9548539977545752,1.0287393582136328,0.007160209119319916,1.6653345369377348e-16,1.6653345369377348e-16,False
1.0,lp-2-8-6-1.0-0,lp,2,6,0,8,9.082956239581108e-06,1.2249918654561043e-05,0.9506978280617723,0.46540029521332676,1.3486708876983415,0.007092207903042436,4.85722573273506e-17,5.551115123125783e-17,False
1.0,lp-2-8-6-1.0-1,lp,2,6,1,8,9.458977729082108e-06,8.584000170230865e-06,0.9466417100694444,0.9074976615960223,1.9129413258826518,0.007995499996468425,2.7755575615628914e-17,2.7755575615628914e-17,False
0.05,lp-8-24-12-0.05-0,lp,8,12,0,24,0.05018100002780557,0.050278207985684276,1.0019371466854954,0.9849038299510037,1.0182489684391058,0.5944172497838736,1.1102230246251565e-16,8.326672684688674e-17,False
0.05,lp-8-24-12-0.05-1,lp,8,12,1,24,0.05301516712643206,0.05323474993929267,0.9945785160938484,0.9840792277367028,1.0273608675061054,0.5921471668407321,1.3183898417423734e-15,7.494005416219807e-16,False
0.2,lp-8-24-12-0.2-0,lp,8,12,0,24,0.051169375190511346,0.05102916597388685,1.0007821296587152,0.997259899772032,1.0053404863813025,0.5830739999655634,1.6653345369377348e-15,1.7208456881689926e-15,False
0.2,lp-8-24-12-0.2-1,lp,8,12,1,24,0.051215749932453036,0.05088012479245663,0.993446837341266,0.9816297710004243,0.9967091026132021,0.5547172918450087,1.1102230246251565e-16,1.1102230246251565e-16,False
1.0,lp-8-24-12-1.0-0,lp,8,12,0,24,9.750016033649445e-06,1.0875053703784943e-05,0.9240440020953379,0.5768272381214943,1.1153882892348839,0.6443719591479748,8.326672684688674e-17,1.1102230246251565e-16,False
1.0,lp-8-24-12-1.0-1,lp,8,12,1,24,9.624985978007317e-06,1.058308407664299e-05,0.954428312622796,0.5827153750814025,1.0995428046154962,0.6065000831149518,1.3877787807814457e-16,2.0816681711721685e-16,False
0.05,lp-8-24-3-0.05-0,lp,8,3,0,24,0.002305000089108944,0.0024415000807493925,1.0592190830210406,0.9898972396819059,1.0639010072514425,0.5148513750173151,2.7755575615628914e-16,1.8041124150158794e-16,False
0.05,lp-8-24-3-0.05-1,lp,8,3,1,24,0.0021346670109778643,0.0021785839926451445,0.992731678035566,0.9570934920035649,1.0985906367847997,0.5167227920610458,1.3877787807814457e-16,8.326672684688674e-17,False
0.2,lp-8-24-3-0.2-0,lp,8,3,0,24,0.00252429093234241,0.0023132499773055315,0.9215827539661514,0.8822067348193224,0.9239061748996725,0.5322446671780199,1.1102230246251565e-16,1.1102230246251565e-16,False
0.2,lp-8-24-3-0.2-1,lp,8,3,1,24,0.0021964579354971647,0.0021082498133182526,0.9598407414258328,0.8920713088658809,0.985833737460285,0.4966276250779629,8.326672684688674e-17,8.326672684688674e-17,False
1.0,lp-8-24-3-1.0-0,lp,8,3,0,24,9.249895811080933e-06,1.0999850928783417e-05,0.938053803783827,0.5057911848376252,1.1891864679822794,0.5448358750436455,1.1102230246251565e-16,1.5612511283791264e-16,False
1.0,lp-8-24-3-1.0-1,lp,8,3,1,24,1.2208940461277962e-05,9.875046089291573e-06,1.1393687038280724,0.7918073116311002,2.3825516834022444,0.5207778748590499,5.551115123125783e-17,5.551115123125783e-17,False
0.05,lp-8-24-6-0.05-0,lp,8,6,0,24,0.011363500030711293,0.011274500051513314,0.9852568581951147,0.9822054773298642,1.0118663084248452,0.4898047079332173,3.247402347028583e-15,3.2751579226442118e-15,False
0.05,lp-8-24-6-0.05-1,lp,8,6,1,24,0.011556167155504227,0.01175770815461874,1.0075769131536616,1.0053759205502106,1.028763882264538,0.5418178748805076,1.1102230246251565e-16,1.1102230246251565e-16,False
0.2,lp-8-24-6-0.2-0,lp,8,6,0,24,0.011772082885727286,0.011443833820521832,0.9828927784987677,0.9721163137915525,0.9869449260460279,0.536556749837473,5.551115123125783e-17,1.1102230246251565e-16,False
0.2,lp-8-24-6-0.2-1,lp,8,6,1,24,0.011325333034619689,0.011428582947701216,1.0035856869719972,1.0024687134670938,1.041051326031099,0.5545137079898268,2.7755575615628914e-17,8.326672684688674e-17,False
1.0,lp-8-24-6-1.0-0,lp,8,6,0,24,9.083887562155724e-06,1.0125106200575829e-05,0.9664750701777837,0.5492037820353322,1.1146225810585673,0.5310604171827435,1.1102230246251565e-16,8.326672684688674e-17,False
1.0,lp-8-24-6-1.0-1,lp,8,6,1,24,9.582843631505966e-06,1.0832911357283592e-05,0.9227545214387319,0.46210767837034655,1.1304485154769426,0.5287855418864638,2.220446049250313e-16,1.1102230246251565e-16,False
0.05,lp-8-8-12-0.05-0,lp,8,12,0,8,0.039093999890610576,0.03918099985457957,1.0062520394047314,0.9806270448349986,1.0125248763556638,0.2171265420038253,1.1102230246251565e-16,1.1102230246251565e-16,False
0.05,lp-8-8-12-0.05-1,lp,8,12,1,8,0.03889700002036989,0.03918008296750486,1.0130074047775293,0.9840915441461523,1.0185827773440361,0.19805029197596014,1.1102230246251565e-16,1.1102230246251565e-16,False
0.2,lp-8-8-12-0.2-0,lp,8,12,0,8,0.03881933283992112,0.03899645898491144,1.0059204557399641,0.9938779978995633,1.0081703428340205,0.21969254105351865,1.1102230246251565e-16,1.1102230246251565e-16,False
0.2,lp-8-8-12-0.2-1,lp,8,12,1,8,0.03948516701348126,0.039143500151112676,0.9913469566368573,0.9826402740028389,1.0155096021907897,0.21757341595366597,1.1102230246251565e-16,1.1102230246251565e-16,False
1.0,lp-8-8-12-1.0-0,lp,8,12,0,8,1.1416850611567497e-05,9.791925549507141e-06,1.0899605412992242,0.857673090649536,2.0609550418235405,0.18519445788115263,4.718447854656915e-16,1.1102230246251565e-16,False
1.0,lp-8-8-12-1.0-1,lp,8,12,1,8,1.037493348121643e-05,1.2209173291921616e-05,0.930513374960519,0.7382838283828382,1.1767953321364453,0.20387054211460054,5.551115123125783e-17,5.551115123125783e-17,False
0.05,lp-8-8-3-0.05-0,lp,8,3,0,8,0.0018266660626977682,0.001865458907559514,1.0212369658877076,0.954113308122727,1.1592255865780865,0.18160370900295675,5.551115123125783e-17,5.551115123125783e-17,False
0.05,lp-8-8-3-0.05-1,lp,8,3,1,8,0.001888916827738285,0.0017710828687995672,0.9962875219005888,0.8562677778374382,1.0451095030147288,0.19620145810768008,5.551115123125783e-17,5.551115123125783e-17,False
0.2,lp-8-8-3-0.2-0,lp,8,3,0,8,0.0017334169242531061,0.001823832979425788,1.0365364852425847,0.9300326229004284,1.0705681125295141,0.19358766707591712,2.7755575615628914e-17,2.7755575615628914e-17,False
0.2,lp-8-8-3-0.2-1,lp,8,3,1,8,0.0017608338966965675,0.0018970419187098742,1.043839821121318,1.0129160291611274,1.0773542707627568,0.1907657498959452,3.608224830031759e-16,4.3021142204224816e-16,False
1.0,lp-8-8-3-1.0-0,lp,8,3,0,8,8.916016668081284e-06,1.0041054338216782e-05,0.9271647135416666,0.5098846560360277,1.1261816472554447,0.19621795904822648,5.551115123125783e-17,5.551115123125783e-17,False
1.0,lp-8-8-3-1.0-1,lp,8,3,1,8,9.499955922365189e-06,1.158309169113636e-05,0.9622054715091456,0.4490693232463204,1.2192784667418264,0.18727212492376566,5.551115123125783e-17,5.551115123125783e-17,False
0.05,lp-8-8-6-0.05-0,lp,8,6,0,8,0.008977332850918174,0.008674749871715903,0.9694235624240515,0.9585976517323844,0.996240664977218,0.18329820805229247,2.463307335887066e-16,2.463307335887066e-16,False
0.05,lp-8-8-6-0.05-1,lp,8,6,1,8,0.008750207955017686,0.008604791946709156,0.9990795159692704,0.9833814225837749,1.0582500604658516,0.20397320785559714,1.1102230246251565e-16,1.1102230246251565e-16,False
0.2,lp-8-8-6-0.2-0,lp,8,6,0,8,0.008830875158309937,0.00897291605360806,1.0133783659662852,0.9928753237686246,1.0648880446880307,0.1914513751398772,1.1102230246251565e-16,1.1102230246251565e-16,False
0.2,lp-8-8-6-0.2-1,lp,8,6,1,8,0.008865542011335492,0.008812207961454988,0.9778530111287969,0.9778496393630489,1.0207139932970288,0.19052183302119374,1.1102230246251565e-16,5.551115123125783e-17,False
1.0,lp-8-8-6-1.0-0,lp,8,6,0,8,1.0541174560785294e-05,8.875038474798203e-06,1.0663682755081678,0.8419401864204621,1.647944085351608,0.19851262494921684,2.7755575615628914e-17,2.7755575615628914e-17,False
1.0,lp-8-8-6-1.0-1,lp,8,6,1,8,1.2375181540846825e-05,9.458046406507492e-06,1.0642582501175624,0.7642753664089105,2.182178500651658,0.20877175009809434,1.1102230246251565e-16,1.1102230246251565e-16,False
0.2,rational-3-0,rational,3,3,0,6,0.0007393341511487961,0.0007037909235805273,0.9790902987199157,0.9052450600614945,1.000774651332031,0.012147750006988645,9.992007221626409e-16,4.440892098500626e-16,False
0.2,rational-3-1,rational,3,3,1,6,0.0007758750580251217,0.0007162091787904501,0.9204947172554554,0.8586056062987203,0.923098598649965,0.012174084084108472,4.440892098500626e-16,4.440892098500626e-16,False
0.2,rational-3-10,rational,3,3,10,6,0.0007160000968724489,0.0007414999417960644,0.9760682759540705,0.949980939040127,1.1865698360137578,0.012013291008770466,4.440892098500626e-16,4.440892098500626e-16,False
0.2,rational-3-11,rational,3,3,11,6,0.0007603748235851526,0.0007104170508682728,0.9860148792831464,0.8853001637876882,1.2738232921028176,0.013016457902267575,1.7763568394002505e-15,1.7763568394002505e-15,False
0.2,rational-3-2,rational,3,3,2,6,0.000722208060324192,0.000706374878063798,0.9878172797168994,0.9780767023656773,1.1987441469451399,0.012734374962747097,3.1086244689504383e-15,2.4424906541753444e-15,False
0.2,rational-3-3,rational,3,3,3,6,0.000728582963347435,0.0007233330979943275,0.9853196151922357,0.8772093304387684,0.9927944165356445,0.014724707929417491,6.661338147750939e-16,8.881784197001252e-16,False
0.2,rational-3-4,rational,3,3,4,6,0.0008431659080088139,0.000718667171895504,0.85278830939672,0.8093699523986375,0.9768921705307366,0.011557041900232434,1.0436096431476471e-14,1.1324274851176597e-14,False
0.2,rational-3-5,rational,3,3,5,6,0.000723124947398901,0.0007348749786615372,0.9964846393744861,0.8637967258930969,1.1310714419017647,0.014439292019233108,1.2212453270876722e-15,8.881784197001252e-16,False
0.2,rational-3-6,rational,3,3,6,6,0.0007424999494105577,0.0007650828920304775,0.9865336524657892,0.7548606990511882,1.1309765748838276,0.01444666599854827,4.440892098500626e-16,0.0,False
0.2,rational-3-7,rational,3,3,7,6,0.0007332500535994768,0.0007329999934881926,0.9769287314422163,0.8598664565033148,1.3040242180176318,0.01236245920881629,1.3322676295501878e-15,8.881784197001252e-16,False
0.2,rational-3-8,rational,3,3,8,6,0.0007176660001277924,0.0007297089323401451,1.0167806921467761,0.9870050009976679,1.0429598131685716,0.012004416901618242,4.440892098500626e-16,2.220446049250313e-16,False
0.2,rational-3-9,rational,3,3,9,6,0.0007359590381383896,0.0008174160029739141,1.1032488376806722,0.9884501980436076,1.2072037037941743,0.013314083218574524,1.3322676295501878e-15,1.3322676295501878e-15,False
0.2,rational-4-0,rational,3,4,0,6,0.0014006660785526037,0.00138262496329844,0.9768859248497502,0.8650191814441087,1.1305924534225973,0.011518415994942188,7.549516567451064e-15,7.549516567451064e-15,False
0.2,rational-4-1,rational,3,4,1,6,0.0014380831271409988,0.001420042011886835,0.9994102695832775,0.850112804141179,1.0190649427185534,0.013515207916498184,4.440892098500626e-16,8.881784197001252e-16,False
0.2,rational-4-10,rational,3,4,10,6,0.0014170832000672817,0.001610542181879282,1.1248767546455145,1.0807409921847762,1.1799175674790656,0.013713042018935084,4.440892098500626e-16,4.440892098500626e-16,False
0.2,rational-4-11,rational,3,4,11,6,0.0014155828393995762,0.001474583987146616,1.0416797562847437,0.9899872969239927,1.0472418079886605,0.013627000153064728,8.881784197001252e-16,2.220446049250313e-16,False
0.2,rational-4-2,rational,3,4,2,6,0.0015950000379234552,0.0014025000855326653,0.8885721623426461,0.8661441334050948,0.8899155049113746,0.013849457958713174,2.220446049250313e-16,4.440892098500626e-16,False
0.2,rational-4-3,rational,3,4,3,6,0.0014265840873122215,0.0014125830493867397,0.9900768413337857,0.9191769432106935,1.1494821720831214,0.012194958981126547,4.440892098500626e-16,8.881784197001252e-16,False
0.2,rational-4-4,rational,3,4,4,6,0.0014228748623281717,0.001401000190526247,0.9777739269253294,0.9114390227530029,0.9903979664190528,0.014016791945323348,8.881784197001252e-16,1.3322676295501878e-15,False
0.2,rational-4-5,rational,3,4,5,6,0.0014184170868247747,0.0014217921998351812,0.9895714992724131,0.9051199435099596,1.102657221841201,0.010998917045071721,4.440892098500626e-16,4.440892098500626e-16,False
0.2,rational-4-6,rational,3,4,6,6,0.001401625107973814,0.0013681668788194656,0.9884874899568873,0.9761289741714776,1.2243347007900556,0.013069957960397005,1.7763568394002505e-15,1.7763568394002505e-15,False
0.2,rational-4-7,rational,3,4,7,6,0.001441375119611621,0.00140120810829103,0.9661331006165443,0.8983064534426202,1.1247364779743159,0.011507832910865545,1.5543122344752192e-15,1.9984014443252818e-15,False
0.2,rational-4-8,rational,3,4,8,6,0.0014252078253775835,0.0014017918147146702,0.981981116182254,0.8812818499273195,0.9835701079898929,0.014284542063251138,8.881784197001252e-16,1.5543122344752192e-15,False
0.2,rational-4-9,rational,3,4,9,6,0.0014202918391674757,0.0014524580910801888,1.0226476355250818,0.9881141966298251,1.03968574883404,0.012431042036041617,2.220446049250313e-16,2.220446049250313e-16,False
0.05,scale-256-128-12-0.05-0,scale,256,12,0,128,2.7618633329402655,3.344539958052337,1.2109722874997428,1.2075831601126625,1.212873864827427,NOT_RUN,0.0,2.220446049250313e-16,False
0.05,scale-256-128-12-0.05-1,scale,256,12,1,128,2.7140245409682393,3.2581690419465303,1.2087928592670316,1.1901557079450116,1.2122299191657644,NOT_RUN,1.1102230246251565e-16,2.220446049250313e-16,False
0.2,scale-256-128-12-0.2-0,scale,256,12,0,128,2.753104291157797,3.7717530839145184,1.3697167406142572,1.365056806048246,1.3755348869657442,NOT_RUN,0.0,3.3306690738754696e-16,False
0.2,scale-256-128-12-0.2-1,scale,256,12,1,128,2.7666682910639793,3.9602494158316404,1.4344464121596727,1.4314146110767203,1.4349791026280079,NOT_RUN,0.0,2.220446049250313e-16,False
1.0,scale-256-128-12-1.0-0,scale,256,12,0,128,6.600003689527512e-05,5.0999922677874565e-05,0.947069209039548,0.7727256692113396,1.114596744295777,NOT_RUN,0.0,2.636779683484747e-16,False
1.0,scale-256-128-12-1.0-1,scale,256,12,1,128,4.975008778274059e-05,6.391690112650394e-05,1.0101617926703688,0.9785303857342081,1.2847595647595647,NOT_RUN,0.0,3.469446951953614e-16,False
0.05,scale-256-128-3-0.05-0,scale,256,3,0,128,0.12382216611877084,0.15031033311970532,1.2126605257340062,1.2088583387283773,1.2336240096009006,NOT_RUN,5.551115123125783e-17,2.220446049250313e-16,False
0.05,scale-256-128-3-0.05-1,scale,256,3,1,128,0.1241874999832362,0.15281662484630942,1.2310489921997931,1.2216848221355203,1.23136084511527,NOT_RUN,0.0,3.3306690738754696e-16,False
0.2,scale-256-128-3-0.2-0,scale,256,3,0,128,0.12498970795422792,0.16582041699439287,1.3266725693536097,1.2991653174609143,1.331713403011726,NOT_RUN,0.0,1.6653345369377348e-16,False
0.2,scale-256-128-3-0.2-1,scale,256,3,1,128,0.12392183300107718,0.16097995801828802,1.2922131082089212,1.2902821691663513,1.3148186947995595,NOT_RUN,0.0,1.942890293094024e-16,False
1.0,scale-256-128-3-1.0-0,scale,256,3,0,128,3.645801916718483e-05,3.50000336766243e-05,0.9600091962244389,0.7443899034546935,0.974791625904911,NOT_RUN,0.0,2.220446049250313e-16,False
1.0,scale-256-128-3-1.0-1,scale,256,3,1,128,3.5833101719617844e-05,3.13750933855772e-05,1.0097596662723367,0.875589660953074,1.218428472147672,NOT_RUN,0.0,2.7755575615628914e-16,False
0.05,scale-256-128-6-0.05-0,scale,256,6,0,128,0.6194171661045402,0.7512034999672323,1.2127586077271393,1.205855417486579,1.219208305586359,NOT_RUN,0.0,2.220446049250313e-16,False
0.05,scale-256-128-6-0.05-1,scale,256,6,1,128,0.6268350421451032,0.7471169999334961,1.1891402710851346,1.1878737407664857,1.2139849672881127,NOT_RUN,0.0,1.6653345369377348e-16,False
0.2,scale-256-128-6-0.2-0,scale,256,6,0,128,0.6106870418880135,0.8260446249041706,1.350767362509948,1.343211952983699,1.3642824700232854,NOT_RUN,0.0,2.220446049250313e-16,False
0.2,scale-256-128-6-0.2-1,scale,256,6,1,128,0.6283279170747846,0.8734451669733971,1.3884299241525782,1.387775726027791,1.3934143319340195,NOT_RUN,0.0,2.220446049250313e-16,False
1.0,scale-256-128-6-1.0-0,scale,256,6,0,128,3.624986857175827e-05,4.529207944869995e-05,0.9844579302609706,0.7349609714445478,1.263205559694782,NOT_RUN,0.0,4.163336342344337e-16,False
1.0,scale-256-128-6-1.0-1,scale,256,6,1,128,4.4791027903556824e-05,3.5624951124191284e-05,1.0407625613070743,0.025556689121971524,1.2111801887969393,NOT_RUN,0.0,2.498001805406602e-16,False
0.05,scale-256-32-12-0.05-0,scale,256,12,0,32,1.6339504588395357,1.7605683330912143,1.077491868597782,1.052369987094856,1.0966419926245268,NOT_RUN,0.0,2.220446049250313e-16,False
0.05,scale-256-32-12-0.05-1,scale,256,12,1,32,1.6382734579965472,1.8338129590265453,1.0903444835764984,1.0207925126817734,1.1617568531516669,NOT_RUN,0.0,1.1102230246251565e-16,False
0.2,scale-256-32-12-0.2-0,scale,256,12,0,32,1.626634124899283,2.0527718330267817,1.2619751433985709,1.2595244004112187,1.2675886724071446,NOT_RUN,5.551115123125783e-17,1.6653345369377348e-16,False
0.2,scale-256-32-12-0.2-1,scale,256,12,1,32,1.6332124168984592,1.9919843340758234,1.2214006759557083,1.098923172577441,1.2222701845524955,NOT_RUN,0.0,1.1102230246251565e-16,False
1.0,scale-256-32-12-1.0-0,scale,256,12,0,32,4.2250147089362144e-05,6.537488661706448e-05,0.9751305809462951,0.9738007255357022,1.5897455679670236,NOT_RUN,0.0,2.220446049250313e-16,False
1.0,scale-256-32-12-1.0-1,scale,256,12,1,32,5.6999968364834785e-05,4.354212433099747e-05,1.0081097623176578,0.7192160663328487,1.1374395967534403,NOT_RUN,0.0,1.1102230246251565e-16,False
0.05,scale-256-32-3-0.05-0,scale,256,3,0,32,0.07557504205033183,0.08318608300760388,1.0673391963966725,1.0502909216877878,1.100708391960976,NOT_RUN,0.0,1.6653345369377348e-16,False
0.05,scale-256-32-3-0.05-1,scale,256,3,1,32,0.06885275011882186,0.0723676672205329,1.0444850169405002,1.032287051589001,1.0688094596801512,NOT_RUN,0.0,1.1102230246251565e-16,False
0.2,scale-256-32-3-0.2-0,scale,256,3,0,32,0.06990137486718595,0.08028520783409476,1.1456563092557563,1.1374484273197252,1.1630111908601006,NOT_RUN,0.0,2.220446049250313e-16,False
0.2,scale-256-32-3-0.2-1,scale,256,3,1,32,0.06867283303290606,0.08240041602402925,1.1975238153579937,1.1933163870899741,1.2203316326638953,NOT_RUN,0.0,1.6653345369377348e-16,False
1.0,scale-256-32-3-1.0-0,scale,256,3,0,32,7.941713556647301e-05,3.733299672603607e-05,0.4700874245809073,0.1498000221601896,1.0850245369637486,NOT_RUN,0.0,1.6653345369377348e-16,False
1.0,scale-256-32-3-1.0-1,scale,256,3,1,32,3.4291064366698265e-05,3.108312375843525e-05,0.9064496635637124,0.7870736645382339,1.4247139368985493,NOT_RUN,0.0,2.220446049250313e-16,False
0.05,scale-256-32-6-0.05-0,scale,256,6,0,32,0.3689741250127554,0.39930974994786084,1.082216130830466,1.074826282787478,1.0935389733239398,NOT_RUN,0.0,1.1102230246251565e-16,False
0.05,scale-256-32-6-0.05-1,scale,256,6,1,32,0.3655870840884745,0.39211333310231566,1.0725579490314314,1.0691791050618498,1.1318261797742128,NOT_RUN,0.0,1.1102230246251565e-16,False
0.2,scale-256-32-6-0.2-0,scale,256,6,0,32,0.3780229580588639,0.48187204101122916,1.2747163386203502,1.1846169524921295,1.3047029311886287,NOT_RUN,0.0,2.220446049250313e-16,False
0.2,scale-256-32-6-0.2-1,scale,256,6,1,32,0.36681791697628796,0.46565120900049806,1.269434200049173,1.185405186734388,1.3779859836545707,NOT_RUN,0.0,1.1102230246251565e-16,False
1.0,scale-256-32-6-1.0-0,scale,256,6,0,32,3.704102709889412e-05,4.4833170250058174e-05,0.9617763530077315,0.8217800236057834,1.2199505828687278,NOT_RUN,0.0,1.249000902703301e-16,False
1.0,scale-256-32-6-1.0-1,scale,256,6,1,32,3.083306364715099e-05,4.24159225076437e-05,0.9790804096753105,0.7800624306860953,5.3459792942526825,NOT_RUN,0.0,1.1102230246251565e-16,False
0.05,scale-64-128-12-0.05-0,scale,64,12,0,128,0.6906090411357582,0.7175819999538362,1.0420020844426385,1.0188246879568361,1.0505127226077333,NOT_RUN,0.0,2.220446049250313e-16,False
0.05,scale-64-128-12-0.05-1,scale,64,12,1,128,0.6846759580075741,0.7204996249638498,1.0496692561320065,1.0472653036797939,1.0610365240249573,NOT_RUN,0.0,1.6653345369377348e-16,False
0.2,scale-64-128-12-0.2-0,scale,64,12,0,128,0.6947993331123143,0.7508157920092344,1.0806224995150722,1.0573266811853241,1.088900763504277,NOT_RUN,0.0,2.220446049250313e-16,False
0.2,scale-64-128-12-0.2-1,scale,64,12,1,128,0.6883778749033809,0.7532388339750469,1.094222899131919,1.0873836606913916,1.1218673280139109,NOT_RUN,0.0,1.3877787807814457e-16,False
1.0,scale-64-128-12-1.0-0,scale,64,12,0,128,2.391706220805645e-05,1.9834144040942192e-05,1.0302002521019324,0.829288474830369,1.5680014856332511,NOT_RUN,0.0,1.8041124150158794e-16,False
1.0,scale-64-128-12-1.0-1,scale,64,12,1,128,2.537504769861698e-05,2.237502485513687e-05,1.0096815065897056,0.7828091525948372,1.3218516309583888,NOT_RUN,0.0,2.498001805406602e-16,False
0.05,scale-64-128-3-0.05-0,scale,64,3,0,128,0.027316959109157324,0.028710207901895046,1.0510030705529985,1.023082780635914,1.0558080653776745,NOT_RUN,0.0,2.220446049250313e-16,False
0.05,scale-64-128-3-0.05-1,scale,64,3,1,128,0.030695208115503192,0.032151666935533285,1.0503940449214804,1.0474490615782626,1.0525470668621215,NOT_RUN,0.0,1.1102230246251565e-16,False
0.2,scale-64-128-3-0.2-0,scale,64,3,0,128,0.031463416991755366,0.03360104118473828,1.0624432734552607,1.0470003307153288,1.0725233885150138,NOT_RUN,0.0,1.249000902703301e-16,False
0.2,scale-64-128-3-0.2-1,scale,64,3,1,128,0.031292958883568645,0.03402508399449289,1.0973337621596697,1.080297593265469,1.1027607098544323,NOT_RUN,0.0,1.6653345369377348e-16,False
1.0,scale-64-128-3-1.0-0,scale,64,3,0,128,1.9832979887723923e-05,1.7249956727027893e-05,0.9499252848515036,0.6809245898625982,1.6176539644525838,NOT_RUN,0.0,3.608224830031759e-16,False
1.0,scale-64-128-3-1.0-1,scale,64,3,1,128,1.7040874809026718e-05,2.0124949514865875e-05,1.1360164096760503,0.8218231054690298,1.1809810083344718,NOT_RUN,0.0,2.914335439641036e-16,False
0.05,scale-64-128-6-0.05-0,scale,64,6,0,128,0.15298779215663671,0.1618497499730438,1.0591231400579082,1.052355476559842,1.062274010130598,NOT_RUN,0.0,1.942890293094024e-16,False
0.05,scale-64-128-6-0.05-1,scale,64,6,1,128,0.1571317499037832,0.1640431669075042,1.0434709470592651,1.0301199462443975,1.0479651064853228,NOT_RUN,0.0,1.6653345369377348e-16,False
0.2,scale-64-128-6-0.2-0,scale,64,6,0,128,0.15217633312568069,0.17114458396099508,1.1294904693971877,1.0633789099662312,1.1396734931916448,NOT_RUN,0.0,1.6653345369377348e-16,False
0.2,scale-64-128-6-0.2-1,scale,64,6,1,128,0.15542383398860693,0.16949500003829598,1.0816080543241522,1.067439309122034,1.0905341586845716,NOT_RUN,0.0,1.3877787807814457e-16,False
1.0,scale-64-128-6-1.0-0,scale,64,6,0,128,1.837499439716339e-05,2.304092049598694e-05,1.2316116988176726,0.8169507563648454,1.6439685757729345,NOT_RUN,0.0,2.498001805406602e-16,False
1.0,scale-64-128-6-1.0-1,scale,64,6,1,128,1.9167084246873856e-05,2.3042084649205208e-05,0.7690852367408818,0.6452906464969191,1.204295328101844,NOT_RUN,0.0,3.677613769070831e-16,False
0.05,scale-64-32-12-0.05-0,scale,64,12,0,32,0.40802562492899597,0.41439412510953844,1.0155113349655172,1.0091730141010427,1.020112910463526,NOT_RUN,0.0,5.551115123125783e-17,False
0.05,scale-64-32-12-0.05-1,scale,64,12,1,32,0.39987454097718,0.4091159999370575,1.0226430420479273,1.0199262570258911,1.0262807425914506,NOT_RUN,0.0,1.1102230246251565e-16,False
0.2,scale-64-32-12-0.2-0,scale,64,12,0,32,0.40785524994134903,0.43353704106993973,1.0629679062174235,1.050296384905545,1.0749134484796683,NOT_RUN,0.0,1.1102230246251565e-16,False
0.2,scale-64-32-12-0.2-1,scale,64,12,1,32,0.4073072080500424,0.4331451249308884,1.060768767223591,1.059021380744879,1.0787713607986005,NOT_RUN,0.0,2.220446049250313e-16,False
1.0,scale-64-32-12-1.0-0,scale,64,12,0,32,1.9832979887723923e-05,2.5792047381401062e-05,0.9629062998353408,0.84068014524082,1.3004625390340683,NOT_RUN,0.0,1.6653345369377348e-16,False
1.0,scale-64-32-12-1.0-1,scale,64,12,1,32,3.1667063012719154e-05,2.3833010345697403e-05,1.0937636427136994,0.75261195950268,1.9067438516741906,NOT_RUN,0.0,1.6653345369377348e-16,False
0.05,scale-64-32-3-0.05-0,scale,64,3,0,32,0.017188417026773095,0.017525166971608996,1.0195916787631678,1.0148626573080746,1.03579938705254,NOT_RUN,0.0,5.551115123125783e-17,False
0.05,scale-64-32-3-0.05-1,scale,64,3,1,32,0.01737679191865027,0.017316624987870455,0.9965375121563584,0.9960849372927616,1.0123653018655439,NOT_RUN,0.0,1.1102230246251565e-16,False
0.2,scale-64-32-3-0.2-0,scale,64,3,0,32,0.01870783418416977,0.01978854089975357,1.060156845163292,1.0455980604542632,1.0658890199497797,NOT_RUN,0.0,1.1102230246251565e-16,False
0.2,scale-64-32-3-0.2-1,scale,64,3,1,32,0.01761283283121884,0.018325458047911525,1.0395112781349138,1.0183531061915971,1.0540384167277812,NOT_RUN,0.0,1.1102230246251565e-16,False
1.0,scale-64-32-3-1.0-0,scale,64,3,0,32,2.433289773762226e-05,1.791701652109623e-05,0.9070672834699767,0.6666811058071335,1.515429293170923,NOT_RUN,0.0,1.6653345369377348e-16,False
1.0,scale-64-32-3-1.0-1,scale,64,3,1,32,1.3709068298339844e-05,1.529185101389885e-05,0.9357644525709599,0.5321724944120443,1.1154551630434784,NOT_RUN,0.0,1.8041124150158794e-16,False
0.05,scale-64-32-6-0.05-0,scale,64,6,0,32,0.0917815831489861,0.09366512508131564,1.0178635151841546,1.0060016556358669,1.0415969472076405,NOT_RUN,0.0,1.1102230246251565e-16,False
0.05,scale-64-32-6-0.05-1,scale,64,6,1,32,0.09324179193936288,0.09513270808383822,1.0202797061826636,1.0133732170208658,1.0207515049073241,NOT_RUN,6.938893903907228e-18,1.1102230246251565e-16,False
0.2,scale-64-32-6-0.2-0,scale,64,6,0,32,0.09521470800973475,0.1004724579397589,1.0520103775487535,1.0187226746123175,1.0627117830935982,NOT_RUN,0.0,1.6653345369377348e-16,False
0.2,scale-64-32-6-0.2-1,scale,64,6,1,32,0.09325399994850159,0.09630241594277322,1.0408343315752862,1.0283448034840281,1.0418833625684505,NOT_RUN,0.0,1.6653345369377348e-16,False
1.0,scale-64-32-6-1.0-0,scale,64,6,0,32,1.770816743373871e-05,1.9999919459223747e-05,0.7976006139843003,0.6921228494241434,1.1294177974124329,NOT_RUN,0.0,2.498001805406602e-16,False
1.0,scale-64-32-6-1.0-1,scale,64,6,1,32,1.7875107005238533e-05,2.4416949599981308e-05,0.8236299427015374,0.7966230111483927,1.3659750172586718,NOT_RUN,0.0,1.1102230246251565e-16,False
