kind,alpha,r,cases,median_paired_ratio,ratio_min,ratio_max,local_faster
lp,0.05,3,8,0.9945095999680773,0.9738438075551508,1.1137733202080873,3
lp,0.05,6,8,0.9873605423050582,0.9583074280407873,1.0420930928131558,2
lp,0.05,12,8,0.9935547309616604,0.971954843815665,1.0130074047775293,3
lp,0.2,3,8,0.9905903539280216,0.9215827539661514,1.043839821121318,3
lp,0.2,6,8,0.9916559954426731,0.9373465148768274,1.1322321604359098,4
lp,0.2,12,8,0.9951917793789797,0.98115235188813,1.0059204557399641,3
lp,1.0,3,8,0.9596013901499072,0.9271647135416666,1.1393687038280724,2
lp,1.0,6,8,0.9486697690656083,0.9227545214387319,1.0663682755081678,2
lp,1.0,12,8,0.9527920019284934,0.9240440020953379,1.0899605412992242,3
scale,0.05,3,8,1.0506985577372394,0.9965375121563584,1.2310489921997931,7
scale,0.05,6,8,1.06584054454467,1.0178635151841546,1.2127586077271393,8
scale,0.05,12,8,1.0635805623648942,1.0155113349655172,1.2109722874997428,8
scale,0.2,3,8,1.1214950357077131,1.0395112781349138,1.3266725693536097,8
scale,0.2,6,8,1.1994623347231803,1.0408343315752862,1.3884299241525782,8
scale,0.2,12,8,1.1578117875438136,1.060768767223591,1.4344464121596727,8
scale,1.0,3,8,0.9428448687112317,0.4700874245809073,1.1360164096760503,2
scale,1.0,6,8,0.970428381341521,0.7690852367408818,1.2316116988176726,2
scale,1.0,12,8,1.0088956344536817,0.947069209039548,1.0937636427136994,5
