family,n,estimand,comparator,mean,lo,hi
ar1,1024,marginal,all_history_hist_se,0.010103810001070372,0.006919519887819379,0.013490090914240816
ar1,1024,marginal,equal_weight,-0.04490636641289233,-0.04806338120276466,-0.041521643807212384
ar1,1024,marginal,paired_no_band,0.0,0.0,0.0
ar1,1024,marginal,recent_filtered_historical,-0.03480647245967414,-0.04189585034539757,-0.027813811605644032
ar1,1024,marginal,recent_historical_se_penalty,-0.004011764590524463,-0.008674725384455394,0.0006270469967837547
ar1,1024,marginal,recent_support_band50,-0.0023930505257169677,-0.007054964432323536,0.0023277082010667656
ar1,1024,marginal,recent_support_mix50,-0.002214334641910928,-0.006892466544072488,0.0025356281636935048
ar1,1024,marginal,training_filtered_historical,-0.0343842995681532,-0.04145876818635739,-0.027738738031665877
ar1,1024,marginal,training_hist_se,-0.002920555162914352,-0.004949623930684897,-0.0013059020002493982
ar1,1024,marginal,training_support_band50,-0.001106267594228727,-0.0038126317965691656,0.001614155108950813
ar1,1024,marginal,training_support_mix50,-0.0011337241907555466,-0.003836265323415082,0.0015909631436728014
ar1,1024,next_conditional,all_history_hist_se,0.0003864871523115812,-0.013523046240203604,0.014309064659882596
ar1,1024,next_conditional,equal_weight,-0.04839408056293323,-0.06513675180483147,-0.03215193611476181
ar1,1024,next_conditional,paired_no_band,0.0,0.0,0.0
ar1,1024,next_conditional,recent_filtered_historical,-0.029006885627667532,-0.049880578260063126,-0.0077088087581738095
ar1,1024,next_conditional,recent_historical_se_penalty,-0.006081903204920279,-0.02293673703525223,0.010531062367778982
ar1,1024,next_conditional,recent_support_band50,-0.0023031038763937643,-0.01754448112279888,0.01317431201754028
ar1,1024,next_conditional,recent_support_mix50,-0.001827840172934867,-0.01712887862442784,0.013682783040926925
ar1,1024,next_conditional,training_filtered_historical,-0.04024413177083131,-0.055708464755619067,-0.025292920083192734
ar1,1024,next_conditional,training_hist_se,-0.0007992903223542448,-0.004063395929030901,0.00224010042297625
ar1,1024,next_conditional,training_support_band50,-0.007639542563284245,-0.016795778490831092,0.0014587990496013272
ar1,1024,next_conditional,training_support_mix50,-0.007435889245379138,-0.016600667210702445,0.0016458082094545387
ar1,256,marginal,all_history_hist_se,0.004823171253109368,0.0014472615027139306,0.008313854532759558
ar1,256,marginal,equal_weight,-0.04368083976509362,-0.047034044396197565,-0.0401253405750528
ar1,256,marginal,paired_no_band,0.0,0.0,0.0
ar1,256,marginal,recent_filtered_historical,-0.038997353140004645,-0.04777451006520798,-0.030477312805655198
ar1,256,marginal,recent_historical_se_penalty,-0.0035239361346500785,-0.008253167017420317,0.00122451900475397
ar1,256,marginal,recent_support_band50,-0.0013953509973209694,-0.00617365181034524,0.00329442560295801
ar1,256,marginal,recent_support_mix50,-0.0013126541454435287,-0.006064019428526884,0.003312474240535564
ar1,256,marginal,training_filtered_historical,-0.0331587729203545,-0.04022273594895562,-0.026401470242792022
ar1,256,marginal,training_hist_se,-0.001695028515115649,-0.0031155553542021493,-0.0005601532171781949
ar1,256,marginal,training_support_band50,0.00011925905356997612,-0.003054517382993967,0.0033144170604095424
ar1,256,marginal,training_support_mix50,9.180245704315637e-05,-0.0030821167331796188,0.003280391498016471
ar1,256,next_conditional,all_history_hist_se,0.007300089004569613,-0.006306207559762674,0.020678608989298332
ar1,256,next_conditional,equal_weight,-0.03360433792917152,-0.05087185170083845,-0.01642231300262136
ar1,256,next_conditional,paired_no_band,0.0,0.0,0.0
ar1,256,next_conditional,recent_filtered_historical,-0.02560232560138334,-0.04544127165972154,-0.00565680154290105
ar1,256,next_conditional,recent_historical_se_penalty,0.009350552858049784,-0.006095870802874647,0.02462030450724024
ar1,256,next_conditional,recent_support_band50,-0.00034946161123148634,-0.015121822879744925,0.014470006317348552
ar1,256,next_conditional,recent_support_mix50,0.0006601355067267328,-0.014110578232841928,0.015268154433462338
ar1,256,next_conditional,training_filtered_historical,-0.03309205836979402,-0.05095571997250171,-0.01569972147832931
ar1,256,next_conditional,training_hist_se,-0.003134044239953943,-0.006330927790636993,-0.0006086730871001224
ar1,256,next_conditional,training_support_band50,0.0018145823754392482,-0.008608133273654348,0.012431461462916507
ar1,256,next_conditional,training_support_mix50,0.0008871761528159202,-0.009488612366414236,0.011323898280646694
asymmetric_crash,1024,marginal,all_history_hist_se,0.012998056779977356,0.00983650732401297,0.016439895402080705
asymmetric_crash,1024,marginal,equal_weight,-0.002427236742643571,-0.005679507440438671,0.0010846907065901257
asymmetric_crash,1024,marginal,paired_no_band,0.00012154363114957954,0.0,0.000316837048326879
asymmetric_crash,1024,marginal,recent_filtered_historical,-0.04502746026716306,-0.05470667924551742,-0.035656988107714234
asymmetric_crash,1024,marginal,recent_historical_se_penalty,-0.0004784231175283149,-0.005343163148606874,0.004405130327093309
asymmetric_crash,1024,marginal,recent_support_band50,-0.008601057902536383,-0.014688796826071927,-0.002704393817059233
asymmetric_crash,1024,marginal,recent_support_mix50,-0.006879590568077163,-0.012720467479138232,-0.0011718814031079921
asymmetric_crash,1024,marginal,training_filtered_historical,-0.042583646778149783,-0.05130237097319396,-0.03415494520594685
asymmetric_crash,1024,marginal,training_hist_se,-0.001541024506483403,-0.0030279372577852025,-0.00035180148745132236
asymmetric_crash,1024,marginal,training_support_band50,-0.0091929761426976,-0.013183265210598368,-0.005512064352142864
asymmetric_crash,1024,marginal,training_support_mix50,-0.005747897634749286,-0.009076833395304684,-0.0027281984163711036
asymmetric_crash,1024,next_conditional,all_history_hist_se,0.012998056779977356,0.00983650732401297,0.016439895402080705
asymmetric_crash,1024,next_conditional,equal_weight,-0.002427236742643571,-0.005679507440438671,0.0010846907065901257
asymmetric_crash,1024,next_conditional,paired_no_band,0.00012154363114957954,0.0,0.000316837048326879
asymmetric_crash,1024,next_conditional,recent_filtered_historical,-0.04502746026716306,-0.05470667924551742,-0.035656988107714234
asymmetric_crash,1024,next_conditional,recent_historical_se_penalty,-0.0004784231175283149,-0.005343163148606874,0.004405130327093309
asymmetric_crash,1024,next_conditional,recent_support_band50,-0.008601057902536383,-0.014688796826071927,-0.002704393817059233
asymmetric_crash,1024,next_conditional,recent_support_mix50,-0.006879590568077163,-0.012720467479138232,-0.0011718814031079921
asymmetric_crash,1024,next_conditional,training_filtered_historical,-0.042583646778149783,-0.05130237097319396,-0.03415494520594685
asymmetric_crash,1024,next_conditional,training_hist_se,-0.001541024506483403,-0.0030279372577852025,-0.00035180148745132236
asymmetric_crash,1024,next_conditional,training_support_band50,-0.0091929761426976,-0.013183265210598368,-0.005512064352142864
asymmetric_crash,1024,next_conditional,training_support_mix50,-0.005747897634749286,-0.009076833395304684,-0.0027281984163711036
asymmetric_crash,256,marginal,all_history_hist_se,0.008487247281838447,0.0052987411244164355,0.011944195012725652
asymmetric_crash,256,marginal,equal_weight,-0.0010460504039998997,-0.004493540677776783,0.0026987059087625453
asymmetric_crash,256,marginal,paired_no_band,0.0,0.0,0.0
asymmetric_crash,256,marginal,recent_filtered_historical,-0.0445670196112798,-0.054421943412599365,-0.03504950055173162
asymmetric_crash,256,marginal,recent_historical_se_penalty,0.0009349321755757101,-0.0037546691497052404,0.005604906034237605
asymmetric_crash,256,marginal,recent_support_band50,-0.006721029421429647,-0.012439923071707088,-0.0012792902330912917
asymmetric_crash,256,marginal,recent_support_mix50,-0.006538431026472,-0.012177704818196574,-0.0011102329859478822
asymmetric_crash,256,marginal,training_filtered_historical,-0.04120246043950612,-0.05017900102920291,-0.0325213075729008
asymmetric_crash,256,marginal,training_hist_se,-0.00015983816783973152,-0.0004795145035191946,0.0
asymmetric_crash,256,marginal,training_support_band50,-0.007811789804053928,-0.011875929991404915,-0.003943766576868641
asymmetric_crash,256,marginal,training_support_mix50,-0.004366711296105614,-0.007848525909814425,-0.0010880450576812764
asymmetric_crash,256,next_conditional,all_history_hist_se,0.008487247281838447,0.0052987411244164355,0.011944195012725652
asymmetric_crash,256,next_conditional,equal_weight,-0.0010460504039998997,-0.004493540677776783,0.0026987059087625453
asymmetric_crash,256,next_conditional,paired_no_band,0.0,0.0,0.0
asymmetric_crash,256,next_conditional,recent_filtered_historical,-0.0445670196112798,-0.054421943412599365,-0.03504950055173162
asymmetric_crash,256,next_conditional,recent_historical_se_penalty,0.0009349321755757101,-0.0037546691497052404,0.005604906034237605
asymmetric_crash,256,next_conditional,recent_support_band50,-0.006721029421429647,-0.012439923071707088,-0.0012792902330912917
asymmetric_crash,256,next_conditional,recent_support_mix50,-0.006538431026472,-0.012177704818196574,-0.0011102329859478822
asymmetric_crash,256,next_conditional,training_filtered_historical,-0.04120246043950612,-0.05017900102920291,-0.0325213075729008
asymmetric_crash,256,next_conditional,training_hist_se,-0.00015983816783973152,-0.0004795145035191946,0.0
asymmetric_crash,256,next_conditional,training_support_band50,-0.007811789804053928,-0.011875929991404915,-0.003943766576868641
asymmetric_crash,256,next_conditional,training_support_mix50,-0.004366711296105614,-0.007848525909814425,-0.0010880450576812764
gaussian,1024,marginal,all_history_hist_se,0.009217676905296537,0.007070311162718884,0.011469919414797518
gaussian,1024,marginal,equal_weight,-0.0488502833511901,-0.05119663539742565,-0.046389606769186534
gaussian,1024,marginal,paired_no_band,0.0,0.0,0.0
gaussian,1024,marginal,recent_filtered_historical,-0.021990375806691418,-0.026939571010354393,-0.017160237036130697
gaussian,1024,marginal,recent_historical_se_penalty,-0.0022647389023264454,-0.005669374894257968,0.0012010334440718713
gaussian,1024,marginal,recent_support_band50,0.0012143831107798196,-0.0020255208669014754,0.0044180505179737236
gaussian,1024,marginal,recent_support_mix50,0.0012143831107798196,-0.0020255208669014754,0.0044180505179737236
gaussian,1024,marginal,training_filtered_historical,-0.018488340728201557,-0.023396694409447177,-0.013958619062523998
gaussian,1024,marginal,training_hist_se,-0.003502240428254816,-0.005287906450182923,-0.001873586927474372
gaussian,1024,marginal,training_support_band50,0.0003271949482004637,-0.002000952132780295,0.0026419966088282202
gaussian,1024,marginal,training_support_mix50,0.0003271949482004637,-0.002000952132780295,0.0026419966088282202
gaussian,1024,next_conditional,all_history_hist_se,0.009217676905296537,0.007070311162718884,0.011469919414797518
gaussian,1024,next_conditional,equal_weight,-0.0488502833511901,-0.05119663539742565,-0.046389606769186534
gaussian,1024,next_conditional,paired_no_band,0.0,0.0,0.0
gaussian,1024,next_conditional,recent_filtered_historical,-0.021990375806691418,-0.026939571010354393,-0.017160237036130697
gaussian,1024,next_conditional,recent_historical_se_penalty,-0.0022647389023264454,-0.005669374894257968,0.0012010334440718713
gaussian,1024,next_conditional,recent_support_band50,0.0012143831107798196,-0.0020255208669014754,0.0044180505179737236
gaussian,1024,next_conditional,recent_support_mix50,0.0012143831107798196,-0.0020255208669014754,0.0044180505179737236
gaussian,1024,next_conditional,training_filtered_historical,-0.018488340728201557,-0.023396694409447177,-0.013958619062523998
gaussian,1024,next_conditional,training_hist_se,-0.003502240428254816,-0.005287906450182923,-0.001873586927474372
gaussian,1024,next_conditional,training_support_band50,0.0003271949482004637,-0.002000952132780295,0.0026419966088282202
gaussian,1024,next_conditional,training_support_mix50,0.0003271949482004637,-0.002000952132780295,0.0026419966088282202
gaussian,256,marginal,all_history_hist_se,0.007117006172092781,0.004733114942203661,0.009629349355291012
gaussian,256,marginal,equal_weight,-0.04640630699182213,-0.049109921320349054,-0.0435730226133883
gaussian,256,marginal,paired_no_band,0.0,0.0,0.0
gaussian,256,marginal,recent_filtered_historical,-0.018601651160124827,-0.023515104675891997,-0.013798171435445707
gaussian,256,marginal,recent_historical_se_penalty,0.0021139697173932497,-0.0013609588338529847,0.005480594830756023
gaussian,256,marginal,recent_support_band50,0.003922313238719728,0.00048097606651429476,0.007346363789194881
gaussian,256,marginal,recent_support_mix50,0.003968716386720366,0.0005093612516609622,0.007413965129466394
gaussian,256,marginal,training_filtered_historical,-0.016044364368833594,-0.020875740237134333,-0.011497860317967632
gaussian,256,marginal,training_hist_se,-0.0010582640688868517,-0.002238606490012111,-1.5242917301841062e-05
gaussian,256,marginal,training_support_band50,0.0027711713075684275,0.0002446596061683957,0.005373124083101413
gaussian,256,marginal,training_support_mix50,0.0027711713075684275,0.0002446596061683957,0.005373124083101413
gaussian,256,next_conditional,all_history_hist_se,0.007117006172092781,0.004733114942203661,0.009629349355291012
gaussian,256,next_conditional,equal_weight,-0.04640630699182213,-0.049109921320349054,-0.0435730226133883
gaussian,256,next_conditional,paired_no_band,0.0,0.0,0.0
gaussian,256,next_conditional,recent_filtered_historical,-0.018601651160124827,-0.023515104675891997,-0.013798171435445707
gaussian,256,next_conditional,recent_historical_se_penalty,0.0021139697173932497,-0.0013609588338529847,0.005480594830756023
gaussian,256,next_conditional,recent_support_band50,0.003922313238719728,0.00048097606651429476,0.007346363789194881
gaussian,256,next_conditional,recent_support_mix50,0.003968716386720366,0.0005093612516609622,0.007413965129466394
gaussian,256,next_conditional,training_filtered_historical,-0.016044364368833594,-0.020875740237134333,-0.011497860317967632
gaussian,256,next_conditional,training_hist_se,-0.0010582640688868517,-0.002238606490012111,-1.5242917301841062e-05
gaussian,256,next_conditional,training_support_band50,0.0027711713075684275,0.0002446596061683957,0.005373124083101413
gaussian,256,next_conditional,training_support_mix50,0.0027711713075684275,0.0002446596061683957,0.005373124083101413
markov_volatility,1024,marginal,all_history_hist_se,0.009620019919119129,0.006790945782542553,0.012486613052161304
markov_volatility,1024,marginal,equal_weight,-0.09817707400098595,-0.1011829371802202,-0.09493306728040052
markov_volatility,1024,marginal,paired_no_band,-0.00037727672528313055,-0.001063740397965808,0.0
markov_volatility,1024,marginal,recent_filtered_historical,-0.02452166370026778,-0.030530825437761953,-0.018576265658571275
markov_volatility,1024,marginal,recent_historical_se_penalty,-0.005516267033328319,-0.010200217523857896,-0.0007228581031476417
markov_volatility,1024,marginal,recent_support_band50,-0.005033973394169402,-0.009558064108500077,-0.0005799329125630418
markov_volatility,1024,marginal,recent_support_mix50,-0.00378204247272651,-0.007858397376754412,0.0002230796505870977
markov_volatility,1024,marginal,training_filtered_historical,-0.01699254742554763,-0.021508136283973824,-0.012733633454442242
markov_volatility,1024,marginal,training_hist_se,-0.002981825302984342,-0.005087009468663574,-0.0012669692647029789
markov_volatility,1024,marginal,training_support_band50,-0.004047025775809604,-0.0070399639204824244,-0.0011401742477696274
markov_volatility,1024,marginal,training_support_mix50,-0.00472312294991025,-0.007723477483723498,-0.0019319389800141484
markov_volatility,1024,next_conditional,all_history_hist_se,0.007742911112464514,0.0021685021024910483,0.013343111673259465
markov_volatility,1024,next_conditional,equal_weight,-0.031164493758529872,-0.0432423522109575,-0.01985877240585352
markov_volatility,1024,next_conditional,paired_no_band,-0.00024871433614547417,-0.0006314552878246746,0.0
markov_volatility,1024,next_conditional,recent_filtered_historical,-0.010520375490283814,-0.019228407944877658,-0.001849181002758098
markov_volatility,1024,next_conditional,recent_historical_se_penalty,-0.004599949966706344,-0.011879192756621325,0.002416438209996541
markov_volatility,1024,next_conditional,recent_support_band50,0.004458967885744952,-0.0026252077385646466,0.011318386693398432
markov_volatility,1024,next_conditional,recent_support_mix50,0.004146028595227998,-0.0026508257492164587,0.010763659961534656
markov_volatility,1024,next_conditional,training_filtered_historical,-0.001332841753321038,-0.007966780075551877,0.005075130253073237
markov_volatility,1024,next_conditional,training_hist_se,-0.0021064344017577776,-0.003999404044295746,-0.0005733238569773333
markov_volatility,1024,next_conditional,training_support_band50,0.004634803450365613,0.0008041310312797384,0.008435042351258467
markov_volatility,1024,next_conditional,training_support_mix50,0.001769897204486922,-0.0018566794542548963,0.0053339612845821165
markov_volatility,256,marginal,all_history_hist_se,0.0036504373446999455,0.0004927178361714382,0.006766851336876453
markov_volatility,256,marginal,equal_weight,-0.09652522264078002,-0.09981713341273982,-0.09309713091986385
markov_volatility,256,marginal,paired_no_band,-0.000570411002563499,-0.0014251574872234784,0.0
markov_volatility,256,marginal,recent_filtered_historical,-0.024143440968809823,-0.030096298797383667,-0.01825092086180078
markov_volatility,256,marginal,recent_historical_se_penalty,-0.005206487812317634,-0.009675572917043462,-0.0006992965487408274
markov_volatility,256,marginal,recent_support_band50,-0.00490955641179178,-0.00915281010458216,-0.0006192541109734004
markov_volatility,256,marginal,recent_support_mix50,-0.003962038332112316,-0.008201332444611475,0.00028577940945275827
markov_volatility,256,marginal,training_filtered_historical,-0.015340696065341693,-0.02027249465027456,-0.010586519150146266
markov_volatility,256,marginal,training_hist_se,-0.0013299739427784078,-0.0027421829742461305,-0.0001777953618877116
markov_volatility,256,marginal,training_support_band50,-0.002395174415603669,-0.005217990211624589,0.00043190008196386965
markov_volatility,256,marginal,training_support_mix50,-0.003071271589704315,-0.006037408500917901,-0.00014286186550745093
markov_volatility,256,next_conditional,all_history_hist_se,0.0066574641468115404,0.002227631193501753,0.011133321257318158
markov_volatility,256,next_conditional,equal_weight,-0.03181283154753581,-0.044821145987674754,-0.019810762944325426
markov_volatility,256,next_conditional,paired_no_band,-0.0007254643485180046,-0.001922111407244891,0.0
markov_volatility,256,next_conditional,recent_filtered_historical,-0.007790942499930937,-0.01589109381960433,-4.0888649139380255e-05
markov_volatility,256,next_conditional,recent_historical_se_penalty,0.0007132337542144029,-0.006505704102404476,0.00768700847522542
markov_volatility,256,next_conditional,recent_support_band50,0.005475689054651176,-0.0017691114783298422,0.012350636535860583
markov_volatility,256,next_conditional,recent_support_mix50,0.002007204221179808,-0.005081142080605141,0.008739893195911124
markov_volatility,256,next_conditional,training_filtered_historical,-0.003922877128709538,-0.011146070911777885,0.0030277139033906752
markov_volatility,256,next_conditional,training_hist_se,-0.002826168665436812,-0.005033472206859243,-0.0009168522417880807
markov_volatility,256,next_conditional,training_support_band50,0.0026199534033052147,-0.001888324846854383,0.0070320135633209395
markov_volatility,256,next_conditional,training_support_mix50,-0.0005386706224263453,-0.00514591333103699,0.003913250535855927
student_t4,1024,marginal,all_history_hist_se,0.016220808634739937,0.011899436129333321,0.020480341877271623
student_t4,1024,marginal,equal_weight,-0.03121416460403414,-0.0351190558714016,-0.02724597014580478
student_t4,1024,marginal,paired_no_band,-0.0009665458113500272,-0.0026735218295350026,0.0
student_t4,1024,marginal,recent_filtered_historical,-0.027546594609193526,-0.037279823152716864,-0.01828262153056792
student_t4,1024,marginal,recent_historical_se_penalty,-0.007195169265366923,-0.015342826016301355,0.00015415773875525324
student_t4,1024,marginal,recent_support_band50,0.0036437972559974175,-0.001686398307247743,0.008908806596399664
student_t4,1024,marginal,recent_support_mix50,0.0017838693066670381,-0.0038336486167625822,0.007265052178555361
student_t4,1024,marginal,training_filtered_historical,-0.0290535379011402,-0.03675568280933807,-0.021511130861939825
student_t4,1024,marginal,training_hist_se,-0.006106783902105923,-0.009774849188201666,-0.0029646089586829864
student_t4,1024,marginal,training_support_band50,0.0022138260262677895,-0.0012547329963078335,0.005702967772605847
student_t4,1024,marginal,training_support_mix50,-0.0004996565288023324,-0.004927911993552492,0.0035685073700446102
student_t4,1024,next_conditional,all_history_hist_se,0.016220808634739937,0.011899436129333321,0.020480341877271623
student_t4,1024,next_conditional,equal_weight,-0.03121416460403414,-0.0351190558714016,-0.02724597014580478
student_t4,1024,next_conditional,paired_no_band,-0.0009665458113500272,-0.0026735218295350026,0.0
student_t4,1024,next_conditional,recent_filtered_historical,-0.027546594609193526,-0.037279823152716864,-0.01828262153056792
student_t4,1024,next_conditional,recent_historical_se_penalty,-0.007195169265366923,-0.015342826016301355,0.00015415773875525324
student_t4,1024,next_conditional,recent_support_band50,0.0036437972559974175,-0.001686398307247743,0.008908806596399664
student_t4,1024,next_conditional,recent_support_mix50,0.0017838693066670381,-0.0038336486167625822,0.007265052178555361
student_t4,1024,next_conditional,training_filtered_historical,-0.0290535379011402,-0.03675568280933807,-0.021511130861939825
student_t4,1024,next_conditional,training_hist_se,-0.006106783902105923,-0.009774849188201666,-0.0029646089586829864
student_t4,1024,next_conditional,training_support_band50,0.0022138260262677895,-0.0012547329963078335,0.005702967772605847
student_t4,1024,next_conditional,training_support_mix50,-0.0004996565288023324,-0.004927911993552492,0.0035685073700446102
student_t4,256,marginal,all_history_hist_se,0.009659063647181765,0.004586427820021837,0.014853584717703008
student_t4,256,marginal,equal_weight,-0.026540862768526973,-0.031131778283326444,-0.021720922163901903
student_t4,256,marginal,paired_no_band,0.0,0.0,0.0
student_t4,256,marginal,recent_filtered_historical,-0.028454096656452422,-0.037556794964028896,-0.01970218501525223
student_t4,256,marginal,recent_historical_se_penalty,-0.0027219796897978658,-0.008995264842168811,0.0034928340377803247
student_t4,256,marginal,recent_support_band50,0.005957091617176629,-0.0005372785201963222,0.012222557464660534
student_t4,256,marginal,recent_support_mix50,0.004290927398669115,-0.0018217542041743776,0.010316455373408395
student_t4,256,marginal,training_filtered_historical,-0.02438023606563304,-0.03231156304128923,-0.01655557841716715
student_t4,256,marginal,training_hist_se,-0.0014334820665987558,-0.003223668059015995,0.00011036400354312254
student_t4,256,marginal,training_support_band50,0.006887127861774957,0.0025727968543499445,0.011411927853800729
student_t4,256,marginal,training_support_mix50,0.004173645306704835,-0.0005312355137967404,0.008802856013489296
student_t4,256,next_conditional,all_history_hist_se,0.009659063647181765,0.004586427820021837,0.014853584717703008
student_t4,256,next_conditional,equal_weight,-0.026540862768526973,-0.031131778283326444,-0.021720922163901903
student_t4,256,next_conditional,paired_no_band,0.0,0.0,0.0
student_t4,256,next_conditional,recent_filtered_historical,-0.028454096656452422,-0.037556794964028896,-0.01970218501525223
student_t4,256,next_conditional,recent_historical_se_penalty,-0.0027219796897978658,-0.008995264842168811,0.0034928340377803247
student_t4,256,next_conditional,recent_support_band50,0.005957091617176629,-0.0005372785201963222,0.012222557464660534
student_t4,256,next_conditional,recent_support_mix50,0.004290927398669115,-0.0018217542041743776,0.010316455373408395
student_t4,256,next_conditional,training_filtered_historical,-0.02438023606563304,-0.03231156304128923,-0.01655557841716715
student_t4,256,next_conditional,training_hist_se,-0.0014334820665987558,-0.003223668059015995,0.00011036400354312254
student_t4,256,next_conditional,training_support_band50,0.006887127861774957,0.0025727968543499445,0.011411927853800729
student_t4,256,next_conditional,training_support_mix50,0.004173645306704835,-0.0005312355137967404,0.008802856013489296
