family,track,comparator,mean,lo,hi
ar1,common_equal_error,historical_se_penalty,0.0004337596324164261,-0.0020359190265685683,0.0028892095614620372
ar1,selected_marginal_risk,historical_se_penalty,-0.0018142875686856252,-0.004921452473845448,0.0012080908940043382
ar1,common_equal_error,support_mix50,-0.00025507254604506335,-0.0005961332479618347,-9.140656717011674e-06
ar1,selected_marginal_risk,support_mix50,-2.745659652681974e-05,-8.236978958045923e-05,0.0
asymmetric_crash,common_equal_error,historical_se_penalty,0.013917764196100762,0.008497293806766532,0.019556398938134333
asymmetric_crash,selected_marginal_risk,historical_se_penalty,0.007651951636214196,0.003785841003465832,0.011721759573202348
asymmetric_crash,common_equal_error,support_mix50,0.006477998532382837,0.0018905761918052808,0.011500620391474484
asymmetric_crash,selected_marginal_risk,support_mix50,0.0034450785079483143,0.001477901369610309,0.005804773671196073
gaussian,common_equal_error,historical_se_penalty,0.0005777426446785836,-0.0018593246290486485,0.003045668096795355
gaussian,selected_marginal_risk,historical_se_penalty,-0.0038294353764552792,-0.0065609077185789,-0.0011514445833062836
gaussian,common_equal_error,support_mix50,-1.7911019889460533e-18,-1.1562040387602668e-17,7.37853788484995e-18
gaussian,selected_marginal_risk,support_mix50,0.0,0.0,0.0
markov_volatility,common_equal_error,historical_se_penalty,0.01036267220569528,0.0012283255223926957,0.019953964477028015
markov_volatility,selected_marginal_risk,historical_se_penalty,0.0010652004728252615,-0.0018456920629548732,0.003939481807571084
markov_volatility,common_equal_error,support_mix50,0.008671314253011313,-0.00038942623616472505,0.018206730289635667
markov_volatility,selected_marginal_risk,support_mix50,-0.0006760971741006454,-0.0023750169726385515,0.0008917569087098764
student_t4,common_equal_error,historical_se_penalty,0.0006510212865605268,-0.004828842655366211,0.005989936030587493
student_t4,selected_marginal_risk,historical_se_penalty,-0.008320609928373713,-0.012916076811570013,-0.003962054396773375
student_t4,common_equal_error,support_mix50,-0.002959540158312948,-0.008502980135795644,0.0020584889688090124
student_t4,selected_marginal_risk,support_mix50,-0.002713482555070122,-0.005672586466038556,-0.0002534519243039311
