family,n,estimand,recipe,cases,switches,harms,harm_among_switches,switch,switch_lo,switch_hi,harm,harm_lo,harm_hi,coverage,coverage_lo,coverage_hi,relative_delta,relative_regret,radius_ratio,available_improvement,chosen_baseline,chosen_mixture,chosen_band,chosen_fhs
ar1,1024,marginal,absolute,200,0,0,nan,0.0,1.734723475976807e-18,0.018845326377266575,0.0,1.734723475976807e-18,0.018845326377266575,1.0,0.9811546736227335,1.0,0.0,0.022766842294130712,0.26631499567672745,0.009507297491061656,200,0,0,0
ar1,1024,marginal,paired,200,13,0,0.0,0.065,0.03837635464915299,0.10801907929906895,0.0,1.734723475976807e-18,0.018845326377266575,0.955,0.9167032959981803,0.976147456998507,-0.002920555162914352,0.01961966649785874,0.26631499567672745,0.009507297491061656,187,7,0,6
ar1,1024,marginal,paired_no_band,200,13,0,0.0,0.065,0.03837635464915299,0.10801907929906895,0.0,1.734723475976807e-18,0.018845326377266575,0.955,0.9167032959981803,0.976147456998507,-0.002920555162914352,0.01961966649785874,0.26631499567672745,0.009507297491061656,187,7,0,6
ar1,1024,marginal,point,200,67,16,0.23880597014925373,0.335,0.2732408697841632,0.40297808792033485,0.08,0.049840585889759974,0.12598948826714396,0.085,0.05374575017747561,0.13189587071565567,-0.006445398530716265,0.0157694738155718,0.26631499567672745,0.009507297491061656,133,39,1,27
ar1,1024,next_conditional,absolute,200,0,0,nan,0.0,1.734723475976807e-18,0.018845326377266575,0.0,1.734723475976807e-18,0.018845326377266575,0.92,0.874010511732856,0.9501594141102401,0.0,0.23721628443977388,0.26631499567672745,0.03222856422288147,200,0,0,0
ar1,1024,next_conditional,paired,200,13,6,0.46153846153846156,0.065,0.03837635464915299,0.10801907929906895,0.03,0.013820314340111346,0.06389429245451925,0.4,0.33460578566807336,0.46916327960737997,-0.0007992903223542448,0.23650930701168213,0.26631499567672745,0.03222856422288147,187,7,0,6
ar1,1024,next_conditional,paired_no_band,200,13,6,0.46153846153846156,0.065,0.03837635464915299,0.10801907929906895,0.03,0.013820314340111346,0.06389429245451925,0.4,0.33460578566807336,0.46916327960737997,-0.0007992903223542448,0.23650930701168213,0.26631499567672745,0.03222856422288147,187,7,0,6
ar1,1024,next_conditional,point,200,67,35,0.5223880597014925,0.335,0.2732408697841632,0.40297808792033485,0.175,0.12860515066273331,0.23364431148248993,0.085,0.05374575017747561,0.13189587071565567,0.0001800114694848387,0.2373785715315656,0.26631499567672745,0.03222856422288147,133,39,1,27
ar1,256,marginal,absolute,200,0,0,nan,0.0,1.734723475976807e-18,0.018845326377266575,0.0,1.734723475976807e-18,0.018845326377266575,1.0,0.9811546736227335,1.0,0.0,0.022766842294130712,0.27623087149170994,0.009507297491061656,200,0,0,0
ar1,256,marginal,paired,200,11,1,0.09090909090909091,0.055,0.03098534170345884,0.0957869987723084,0.005,0.0008831687156009814,0.02777370439789293,0.875,0.8219857499741765,0.9138802552428735,-0.001695028515115649,0.02095848870464128,0.27623087149170994,0.009507297491061656,189,6,0,5
ar1,256,marginal,paired_no_band,200,11,1,0.09090909090909091,0.055,0.03098534170345884,0.0957869987723084,0.005,0.0008831687156009814,0.02777370439789293,0.875,0.8219857499741765,0.9138802552428735,-0.001695028515115649,0.02095848870464128,0.27623087149170994,0.009507297491061656,189,6,0,5
ar1,256,marginal,point,200,82,33,0.4024390243902439,0.41,0.34415674908482885,0.4792354096630791,0.165,0.11996855328217307,0.2226578153905955,0.085,0.05374575017747561,0.13189587071565567,-0.00324076223934617,0.019060456785457456,0.27623087149170994,0.009507297491061656,118,40,0,42
ar1,256,next_conditional,absolute,200,0,0,nan,0.0,1.734723475976807e-18,0.018845326377266575,0.0,1.734723475976807e-18,0.018845326377266575,0.985,0.9568342712073097,0.9948857622067417,0.0,0.2571454385596342,0.27623087149170994,0.046566492847787994,200,0,0,0
ar1,256,next_conditional,paired,200,11,3,0.2727272727272727,0.055,0.03098534170345884,0.0957869987723084,0.015,0.00511423779325831,0.04316572879269026,0.595,0.525797100813387,0.6606222871749323,-0.003134044239953943,0.2538781327976152,0.27623087149170994,0.046566492847787994,189,6,0,5
ar1,256,next_conditional,paired_no_band,200,11,3,0.2727272727272727,0.055,0.03098534170345884,0.0957869987723084,0.015,0.00511423779325831,0.04316572879269026,0.6,0.53083672039262,0.6653942143319266,-0.003134044239953943,0.2538781327976152,0.27623087149170994,0.046566492847787994,189,6,0,5
ar1,256,next_conditional,point,200,82,34,0.4146341463414634,0.41,0.34415674908482885,0.4792354096630791,0.17,0.12427907912586969,0.22815883628312625,0.085,0.05374575017747561,0.13189587071565567,-0.00805006488551007,0.2485448327612588,0.27623087149170994,0.046566492847787994,118,40,0,42
asymmetric_crash,1024,marginal,absolute,200,0,0,nan,0.0,1.734723475976807e-18,0.018845326377266575,0.0,1.734723475976807e-18,0.018845326377266575,1.0,0.9811546736227335,1.0,0.0,0.02547052307849584,0.21254822066974036,0.007038925429507073,200,0,0,0
asymmetric_crash,1024,marginal,paired,200,7,1,0.14285714285714285,0.035,0.017055542008567192,0.07047061152229073,0.005,0.0008831687156009814,0.02777370439789293,0.955,0.9167032959981803,0.976147456998507,-0.001541024506483403,0.023770239682041235,0.21254822066974036,0.007038925429507073,193,2,1,4
asymmetric_crash,1024,marginal,paired_no_band,200,7,0,0.0,0.035,0.017055542008567192,0.07047061152229073,0.0,1.734723475976807e-18,0.018845326377266575,0.97,0.9361057075454807,0.9861796856598887,-0.0016625681376329826,0.023645409346408543,0.21254822066974036,0.007038925429507073,193,2,0,5
asymmetric_crash,1024,marginal,point,200,76,23,0.3026315789473684,0.38,0.31559005848673627,0.44893281984380773,0.115,0.07786373232561955,0.16664716898487572,0.07,0.042152171828342806,0.11405480885610647,-0.004228412329043257,0.02076028474835857,0.21254822066974036,0.007038925429507073,124,37,8,31
asymmetric_crash,1024,next_conditional,absolute,200,0,0,nan,0.0,1.734723475976807e-18,0.018845326377266575,0.0,1.734723475976807e-18,0.018845326377266575,1.0,0.9811546736227335,1.0,0.0,0.02547052307849584,0.21254822066974036,0.007038925429507073,200,0,0,0
asymmetric_crash,1024,next_conditional,paired,200,7,1,0.14285714285714285,0.035,0.017055542008567192,0.07047061152229073,0.005,0.0008831687156009814,0.02777370439789293,0.955,0.9167032959981803,0.976147456998507,-0.001541024506483403,0.023770239682041235,0.21254822066974036,0.007038925429507073,193,2,1,4
asymmetric_crash,1024,next_conditional,paired_no_band,200,7,0,0.0,0.035,0.017055542008567192,0.07047061152229073,0.0,1.734723475976807e-18,0.018845326377266575,0.97,0.9361057075454807,0.9861796856598887,-0.0016625681376329826,0.023645409346408543,0.21254822066974036,0.007038925429507073,193,2,0,5
asymmetric_crash,1024,next_conditional,point,200,76,23,0.3026315789473684,0.38,0.31559005848673627,0.44893281984380773,0.115,0.07786373232561955,0.16664716898487572,0.07,0.042152171828342806,0.11405480885610647,-0.004228412329043257,0.02076028474835857,0.21254822066974036,0.007038925429507073,124,37,8,31
asymmetric_crash,256,marginal,absolute,200,0,0,nan,0.0,1.734723475976807e-18,0.018845326377266575,0.0,1.734723475976807e-18,0.018845326377266575,1.0,0.9811546736227335,1.0,0.0,0.02547052307849584,0.21951304435556473,0.007038925429507073,200,0,0,0
asymmetric_crash,256,marginal,paired,200,1,0,0.0,0.005,0.0008831687156009814,0.02777370439789293,0.0,1.734723475976807e-18,0.018845326377266575,0.96,0.923067931799067,0.9795943679338476,-0.00015983816783973152,0.02529545737979993,0.21951304435556473,0.007038925429507073,199,1,0,0
asymmetric_crash,256,marginal,paired_no_band,200,1,0,0.0,0.005,0.0008831687156009814,0.02777370439789293,0.0,1.734723475976807e-18,0.018845326377266575,0.96,0.923067931799067,0.9795943679338476,-0.00015983816783973152,0.02529545737979993,0.21951304435556473,0.007038925429507073,199,1,0,0
asymmetric_crash,256,marginal,point,200,88,48,0.5454545454545454,0.44,0.37297819251185865,0.5092832466534134,0.24,0.1860661599241369,0.30373340979204166,0.07,0.042152171828342806,0.11405480885610647,0.0035406904470241,0.028695366151260764,0.21951304435556473,0.007038925429507073,112,37,9,42
asymmetric_crash,256,next_conditional,absolute,200,0,0,nan,0.0,1.734723475976807e-18,0.018845326377266575,0.0,1.734723475976807e-18,0.018845326377266575,1.0,0.9811546736227335,1.0,0.0,0.02547052307849584,0.21951304435556473,0.007038925429507073,200,0,0,0
asymmetric_crash,256,next_conditional,paired,200,1,0,0.0,0.005,0.0008831687156009814,0.02777370439789293,0.0,1.734723475976807e-18,0.018845326377266575,0.96,0.923067931799067,0.9795943679338476,-0.00015983816783973152,0.02529545737979993,0.21951304435556473,0.007038925429507073,199,1,0,0
asymmetric_crash,256,next_conditional,paired_no_band,200,1,0,0.0,0.005,0.0008831687156009814,0.02777370439789293,0.0,1.734723475976807e-18,0.018845326377266575,0.96,0.923067931799067,0.9795943679338476,-0.00015983816783973152,0.02529545737979993,0.21951304435556473,0.007038925429507073,199,1,0,0
asymmetric_crash,256,next_conditional,point,200,88,48,0.5454545454545454,0.44,0.37297819251185865,0.5092832466534134,0.24,0.1860661599241369,0.30373340979204166,0.07,0.042152171828342806,0.11405480885610647,0.0035406904470241,0.028695366151260764,0.21951304435556473,0.007038925429507073,112,37,9,42
gaussian,1024,marginal,absolute,200,0,0,nan,0.0,1.734723475976807e-18,0.018845326377266575,0.0,1.734723475976807e-18,0.018845326377266575,1.0,0.9811546736227335,1.0,0.0,0.019216676707677068,0.2752313191133344,0.009631642715425114,200,0,0,0
gaussian,1024,marginal,paired,200,20,1,0.05,0.1,0.06567044866909588,0.1494058124327174,0.005,0.0008831687156009814,0.02777370439789293,0.955,0.9167032959981803,0.976147456998507,-0.003502240428254816,0.01551840242573924,0.2752313191133344,0.009631642715425114,180,12,0,8
gaussian,1024,marginal,paired_no_band,200,20,1,0.05,0.1,0.06567044866909588,0.1494058124327174,0.005,0.0008831687156009814,0.02777370439789293,0.955,0.9167032959981803,0.976147456998507,-0.003502240428254816,0.01551840242573924,0.2752313191133344,0.009631642715425114,180,12,0,8
gaussian,1024,marginal,point,200,91,23,0.25274725274725274,0.455,0.387482193098835,0.524213886275119,0.115,0.07786373232561955,0.16664716898487572,0.085,0.05374575017747561,0.13189587071565567,-0.006747956846081319,0.01208533135311372,0.2752313191133344,0.009631642715425114,109,53,0,38
gaussian,1024,next_conditional,absolute,200,0,0,nan,0.0,1.734723475976807e-18,0.018845326377266575,0.0,1.734723475976807e-18,0.018845326377266575,1.0,0.9811546736227335,1.0,0.0,0.019216676707677068,0.2752313191133344,0.009631642715425114,200,0,0,0
gaussian,1024,next_conditional,paired,200,20,1,0.05,0.1,0.06567044866909588,0.1494058124327174,0.005,0.0008831687156009814,0.02777370439789293,0.955,0.9167032959981803,0.976147456998507,-0.003502240428254816,0.01551840242573924,0.2752313191133344,0.009631642715425114,180,12,0,8
gaussian,1024,next_conditional,paired_no_band,200,20,1,0.05,0.1,0.06567044866909588,0.1494058124327174,0.005,0.0008831687156009814,0.02777370439789293,0.955,0.9167032959981803,0.976147456998507,-0.003502240428254816,0.01551840242573924,0.2752313191133344,0.009631642715425114,180,12,0,8
gaussian,1024,next_conditional,point,200,91,23,0.25274725274725274,0.455,0.387482193098835,0.524213886275119,0.115,0.07786373232561955,0.16664716898487572,0.085,0.05374575017747561,0.13189587071565567,-0.006747956846081319,0.01208533135311372,0.2752313191133344,0.009631642715425114,109,53,0,38
gaussian,256,marginal,absolute,200,0,0,nan,0.0,1.734723475976807e-18,0.018845326377266575,0.0,1.734723475976807e-18,0.018845326377266575,1.0,0.9811546736227335,1.0,0.0,0.019216676707677068,0.2802404271394517,0.009631642715425114,200,0,0,0
gaussian,256,marginal,paired,200,10,3,0.3,0.05,0.02738264560076393,0.08957814813877599,0.015,0.00511423779325831,0.04316572879269026,0.945,0.9042130012276914,0.9690146582965411,-0.0010582640688868517,0.018096459756066652,0.2802404271394517,0.009631642715425114,190,5,0,5
gaussian,256,marginal,paired_no_band,200,10,3,0.3,0.05,0.02738264560076393,0.08957814813877599,0.015,0.00511423779325831,0.04316572879269026,0.945,0.9042130012276914,0.9690146582965411,-0.0010582640688868517,0.018096459756066652,0.2802404271394517,0.009631642715425114,190,5,0,5
gaussian,256,marginal,point,200,102,40,0.39215686274509803,0.51,0.44118587678458643,0.5784372166878682,0.2,0.15045200926098115,0.2608551865653788,0.085,0.05374575017747561,0.13189587071565567,-0.0027482859720478012,0.01619283714221169,0.2802404271394517,0.009631642715425114,98,54,0,48
gaussian,256,next_conditional,absolute,200,0,0,nan,0.0,1.734723475976807e-18,0.018845326377266575,0.0,1.734723475976807e-18,0.018845326377266575,1.0,0.9811546736227335,1.0,0.0,0.019216676707677068,0.2802404271394517,0.009631642715425114,200,0,0,0
gaussian,256,next_conditional,paired,200,10,3,0.3,0.05,0.02738264560076393,0.08957814813877599,0.015,0.00511423779325831,0.04316572879269026,0.945,0.9042130012276914,0.9690146582965411,-0.0010582640688868517,0.018096459756066652,0.2802404271394517,0.009631642715425114,190,5,0,5
gaussian,256,next_conditional,paired_no_band,200,10,3,0.3,0.05,0.02738264560076393,0.08957814813877599,0.015,0.00511423779325831,0.04316572879269026,0.945,0.9042130012276914,0.9690146582965411,-0.0010582640688868517,0.018096459756066652,0.2802404271394517,0.009631642715425114,190,5,0,5
gaussian,256,next_conditional,point,200,102,40,0.39215686274509803,0.51,0.44118587678458643,0.5784372166878682,0.2,0.15045200926098115,0.2608551865653788,0.085,0.05374575017747561,0.13189587071565567,-0.0027482859720478012,0.01619283714221169,0.2802404271394517,0.009631642715425114,98,54,0,48
markov_volatility,1024,marginal,absolute,200,0,0,nan,0.0,1.734723475976807e-18,0.018845326377266575,0.0,1.734723475976807e-18,0.018845326377266575,1.0,0.9811546736227335,1.0,0.0,0.019331638771334415,0.12708199047576327,0.00816907353273214,200,0,0,0
markov_volatility,1024,marginal,paired,200,12,0,0.0,0.06,0.03465219425433187,0.1019316929576627,0.0,1.734723475976807e-18,0.018845326377266575,0.945,0.9042130012276914,0.9690146582965411,-0.002981825302984342,0.016120590530922595,0.12708199047576327,0.00816907353273214,188,0,3,9
markov_volatility,1024,marginal,paired_no_band,200,10,0,0.0,0.05,0.02738264560076393,0.08957814813877599,0.0,1.734723475976807e-18,0.018845326377266575,0.95,0.9104218518612239,0.972617354399236,-0.0026045485777012123,0.016523277673430554,0.12708199047576327,0.00816907353273214,190,0,0,10
markov_volatility,1024,marginal,point,200,74,26,0.35135135135135137,0.37,0.30612608409859116,0.4387737007594981,0.13,0.0902820227966932,0.18366351872248407,0.15,0.10713593562241995,0.20605579284166659,-0.005488836359370026,0.013391094461085757,0.12708199047576327,0.00816907353273214,126,20,10,44
markov_volatility,1024,next_conditional,absolute,200,0,0,nan,0.0,1.734723475976807e-18,0.018845326377266575,0.0,1.734723475976807e-18,0.018845326377266575,1.0,0.9811546736227335,1.0,0.0,0.049948980570920606,0.12708199047576327,0.021661938051830615,200,0,0,0
markov_volatility,1024,next_conditional,paired,200,12,3,0.25,0.06,0.03465219425433187,0.1019316929576627,0.015,0.00511423779325831,0.04316572879269026,0.805,0.7445595562538726,0.8539447946559949,-0.0021064344017577776,0.04767076496700486,0.12708199047576327,0.021661938051830615,188,0,3,9
markov_volatility,1024,next_conditional,paired_no_band,200,10,3,0.3,0.05,0.02738264560076393,0.08957814813877599,0.015,0.00511423779325831,0.04316572879269026,0.81,0.7499876129240015,0.8583282847220932,-0.0018577200656123027,0.047935155595160366,0.12708199047576327,0.021661938051830615,190,0,0,10
markov_volatility,1024,next_conditional,point,200,74,16,0.21621621621621623,0.37,0.30612608409859116,0.4387737007594981,0.08,0.049840585889759974,0.12598948826714396,0.15,0.10713593562241995,0.20605579284166659,-0.011457059377900558,0.03798900570317867,0.12708199047576327,0.021661938051830615,126,20,10,44
markov_volatility,256,marginal,absolute,200,0,0,nan,0.0,1.734723475976807e-18,0.018845326377266575,0.0,1.734723475976807e-18,0.018845326377266575,1.0,0.9811546736227335,1.0,0.0,0.019331638771334415,0.164981154686747,0.00816907353273214,200,0,0,0
markov_volatility,256,marginal,paired,200,15,6,0.4,0.075,0.04597491718438201,0.12004361023629456,0.03,0.013820314340111346,0.06389429245451925,0.92,0.874010511732856,0.9501594141102401,-0.0013299739427784078,0.017901716190000437,0.164981154686747,0.00816907353273214,185,4,3,8
markov_volatility,256,marginal,paired_no_band,200,14,6,0.42857142857142855,0.07,0.042152171828342806,0.11405480885610647,0.03,0.013820314340111346,0.06389429245451925,0.92,0.874010511732856,0.9501594141102401,-0.0007595629402149086,0.018495243975558958,0.164981154686747,0.00816907353273214,186,4,0,10
markov_volatility,256,marginal,point,200,97,48,0.4948453608247423,0.485,0.41667385171877513,0.5538915080725428,0.24,0.1860661599241369,0.30373340979204166,0.15,0.10713593562241995,0.20605579284166659,-0.002041889000560352,0.01686325995547505,0.164981154686747,0.00816907353273214,103,27,12,58
markov_volatility,256,next_conditional,absolute,200,0,0,nan,0.0,1.734723475976807e-18,0.018845326377266575,0.0,1.734723475976807e-18,0.018845326377266575,1.0,0.9811546736227335,1.0,0.0,0.04728492938473616,0.164981154686747,0.02181893185443776,200,0,0,0
markov_volatility,256,next_conditional,paired,200,15,3,0.2,0.075,0.04597491718438201,0.12004361023629456,0.015,0.00511423779325831,0.04316572879269026,0.89,0.839073090026985,0.926227555398747,-0.002826168665436812,0.044340055539563716,0.164981154686747,0.02181893185443776,185,4,3,8
markov_volatility,256,next_conditional,paired_no_band,200,14,3,0.21428571428571427,0.07,0.042152171828342806,0.11405480885610647,0.015,0.00511423779325831,0.04316572879269026,0.89,0.839073090026985,0.926227555398747,-0.0021007043169188073,0.04510889612220827,0.164981154686747,0.02181893185443776,186,4,0,10
markov_volatility,256,next_conditional,point,200,97,29,0.29896907216494845,0.485,0.41667385171877513,0.5538915080725428,0.145,0.10289350642004402,0.20048667530781522,0.15,0.10713593562241995,0.20605579284166659,-0.00913424677930407,0.037638300952581825,0.164981154686747,0.02181893185443776,103,27,12,58
student_t4,1024,marginal,absolute,200,0,0,nan,0.0,1.734723475976807e-18,0.018845326377266575,0.0,1.734723475976807e-18,0.018845326377266575,1.0,0.9811546736227335,1.0,0.0,0.040234870805238285,0.23400848623981865,0.016929979990222613,200,0,0,0
student_t4,1024,marginal,paired,200,17,1,0.058823529411764705,0.085,0.05374575017747561,0.13189587071565567,0.005,0.0008831687156009814,0.02777370439789293,0.95,0.9104218518612239,0.972617354399236,-0.006106783902105923,0.033302329810669475,0.23400848623981865,0.016929979990222613,183,9,2,6
student_t4,1024,marginal,paired_no_band,200,15,1,0.06666666666666667,0.075,0.04597491718438201,0.12004361023629456,0.005,0.0008831687156009814,0.02777370439789293,0.95,0.9104218518612239,0.972617354399236,-0.005140238090755897,0.03441829981336937,0.23400848623981865,0.016929979990222613,185,9,0,6
student_t4,1024,marginal,point,200,95,24,0.25263157894736843,0.475,0.4069162264657108,0.5440260398531525,0.12,0.08197992706375512,0.17234252098296743,0.11,0.07377244460125303,0.1609269099730149,-0.011759890562467597,0.0271614476601839,0.23400848623981865,0.016929979990222613,105,48,3,44
student_t4,1024,next_conditional,absolute,200,0,0,nan,0.0,1.734723475976807e-18,0.018845326377266575,0.0,1.734723475976807e-18,0.018845326377266575,1.0,0.9811546736227335,1.0,0.0,0.040234870805238285,0.23400848623981865,0.016929979990222613,200,0,0,0
student_t4,1024,next_conditional,paired,200,17,1,0.058823529411764705,0.085,0.05374575017747561,0.13189587071565567,0.005,0.0008831687156009814,0.02777370439789293,0.95,0.9104218518612239,0.972617354399236,-0.006106783902105923,0.033302329810669475,0.23400848623981865,0.016929979990222613,183,9,2,6
student_t4,1024,next_conditional,paired_no_band,200,15,1,0.06666666666666667,0.075,0.04597491718438201,0.12004361023629456,0.005,0.0008831687156009814,0.02777370439789293,0.95,0.9104218518612239,0.972617354399236,-0.005140238090755897,0.03441829981336937,0.23400848623981865,0.016929979990222613,185,9,0,6
student_t4,1024,next_conditional,point,200,95,24,0.25263157894736843,0.475,0.4069162264657108,0.5440260398531525,0.12,0.08197992706375512,0.17234252098296743,0.11,0.07377244460125303,0.1609269099730149,-0.011759890562467597,0.0271614476601839,0.23400848623981865,0.016929979990222613,105,48,3,44
student_t4,256,marginal,absolute,200,0,0,nan,0.0,1.734723475976807e-18,0.018845326377266575,0.0,1.734723475976807e-18,0.018845326377266575,1.0,0.9811546736227335,1.0,0.0,0.040234870805238285,0.24565259063826622,0.016929979990222613,200,0,0,0
student_t4,256,marginal,paired,200,9,3,0.3333333333333333,0.045,0.023852543001492997,0.0832967040018196,0.015,0.00511423779325831,0.04316572879269026,0.96,0.923067931799067,0.9795943679338476,-0.0014334820665987558,0.03863657085685813,0.24565259063826622,0.016929979990222613,191,4,0,5
student_t4,256,marginal,paired_no_band,200,9,3,0.3333333333333333,0.045,0.023852543001492997,0.0832967040018196,0.015,0.00511423779325831,0.04316572879269026,0.96,0.923067931799067,0.9795943679338476,-0.0014334820665987558,0.03863657085685813,0.24565259063826622,0.016929979990222613,191,4,0,5
student_t4,256,marginal,point,200,99,39,0.3939393939393939,0.495,0.4264584535990475,0.5637299996647251,0.195,0.1460552053440051,0.25544044374612745,0.11,0.07377244460125303,0.1609269099730149,-0.005353961257229875,0.03379796715597751,0.24565259063826622,0.016929979990222613,101,46,4,49
student_t4,256,next_conditional,absolute,200,0,0,nan,0.0,1.734723475976807e-18,0.018845326377266575,0.0,1.734723475976807e-18,0.018845326377266575,1.0,0.9811546736227335,1.0,0.0,0.040234870805238285,0.24565259063826622,0.016929979990222613,200,0,0,0
student_t4,256,next_conditional,paired,200,9,3,0.3333333333333333,0.045,0.023852543001492997,0.0832967040018196,0.015,0.00511423779325831,0.04316572879269026,0.96,0.923067931799067,0.9795943679338476,-0.0014334820665987558,0.03863657085685813,0.24565259063826622,0.016929979990222613,191,4,0,5
student_t4,256,next_conditional,paired_no_band,200,9,3,0.3333333333333333,0.045,0.023852543001492997,0.0832967040018196,0.015,0.00511423779325831,0.04316572879269026,0.96,0.923067931799067,0.9795943679338476,-0.0014334820665987558,0.03863657085685813,0.24565259063826622,0.016929979990222613,191,4,0,5
student_t4,256,next_conditional,point,200,99,39,0.3939393939393939,0.495,0.4264584535990475,0.5637299996647251,0.195,0.1460552053440051,0.25544044374612745,0.11,0.07377244460125303,0.1609269099730149,-0.005353961257229875,0.03379796715597751,0.24565259063826622,0.016929979990222613,101,46,4,49
