scope,forecaster,baseline,selector,metric,n_clusters,mean,ci_low,ci_high
overall,historical_se_penalty,historical,equal_weight,relative_error_difference,64,0.0,0.0,0.0
overall,support_mix50,historical,equal_weight,relative_error_difference,64,0.001529602294021979,-0.0026364492113411316,0.0057846261373483915
overall,support_band50,historical,equal_weight,relative_error_difference,64,0.00688188692580701,0.0006191010750641519,0.01376473065725846
overall,historical_se_penalty,historical,historical,relative_error_difference,64,0.0,0.0,0.0
overall,support_mix50,historical,historical,relative_error_difference,64,-0.0016140657192462273,-0.005310445385472075,0.001999816033409623
overall,support_band50,historical,historical,relative_error_difference,64,0.0026979075218191463,-0.002204731177744447,0.007756629508415266
overall,historical_se_penalty,historical,historical_se_penalty,relative_error_difference,64,0.0,0.0,0.0
overall,support_mix50,historical,historical_se_penalty,relative_error_difference,64,-0.0014986568075227237,-0.005260735277089602,0.0022539619242969147
overall,support_band50,historical,historical_se_penalty,relative_error_difference,64,0.0032945522702016988,-0.0015982550748767069,0.008330431191135293
overall,historical_se_penalty,historical,support_mix50,relative_error_difference,64,0.0,0.0,0.0
overall,support_mix50,historical,support_mix50,relative_error_difference,64,0.0018303201707536622,-0.002028573020871251,0.005558146732795995
overall,support_band50,historical,support_mix50,relative_error_difference,64,0.005763850828306898,0.0009474504487717864,0.010757290856073319
overall,historical_se_penalty,historical,support_band50,relative_error_difference,64,0.0,0.0,0.0
overall,support_mix50,historical,support_band50,relative_error_difference,64,0.00157098355171841,-0.002116234178336699,0.0052421213531028245
overall,support_band50,historical,support_band50,relative_error_difference,64,0.008156141524136662,0.002782806211952809,0.014088318303945508
overall,historical_se_penalty,historical,fixed_bank,relative_error_difference,64,0.0,0.0,0.0
overall,support_mix50,historical,fixed_bank,relative_error_difference,64,0.0015383313263576809,-0.0015648839239763943,0.00463761391824892
overall,support_band50,historical,fixed_bank,relative_error_difference,64,0.006623746557230836,0.0018467248778869926,0.011922143138607578
gaussian,historical_se_penalty,historical,equal_weight,relative_error_difference,64,0.0,0.0,0.0
gaussian,support_mix50,historical,equal_weight,relative_error_difference,64,0.0016392376469851918,-0.0030346092553716827,0.006617071377192376
gaussian,support_band50,historical,equal_weight,relative_error_difference,64,0.0015810461388285494,-0.0031135000505116287,0.006561195884810514
gaussian,historical_se_penalty,historical,historical,relative_error_difference,64,0.0,0.0,0.0
gaussian,support_mix50,historical,historical,relative_error_difference,64,-0.0025538869579275255,-0.007196002643296162,0.0021701452690055167
gaussian,support_band50,historical,historical,relative_error_difference,64,-0.002598665248061758,-0.007228815453125304,0.002112078495455325
gaussian,historical_se_penalty,historical,historical_se_penalty,relative_error_difference,64,0.0,0.0,0.0
gaussian,support_mix50,historical,historical_se_penalty,relative_error_difference,64,-0.001891396359087783,-0.006424577088066695,0.002746910192257439
gaussian,support_band50,historical,historical_se_penalty,relative_error_difference,64,-0.0019361746492220124,-0.0064538719647366976,0.002690929190877075
gaussian,historical_se_penalty,historical,support_mix50,relative_error_difference,64,0.0,0.0,0.0
gaussian,support_mix50,historical,support_mix50,relative_error_difference,64,-0.00028675923541081664,-0.004510399092503201,0.003903265547944279
gaussian,support_band50,historical,support_mix50,relative_error_difference,64,-0.00033583048068122005,-0.004582050506356357,0.0038726136512621462
gaussian,historical_se_penalty,historical,support_band50,relative_error_difference,64,0.0,0.0,0.0
gaussian,support_mix50,historical,support_band50,relative_error_difference,64,-0.00028675923541081664,-0.004510399092503201,0.003903265547944279
gaussian,support_band50,historical,support_band50,relative_error_difference,64,-0.00033583048068122005,-0.004582050506356357,0.0038726136512621462
gaussian,historical_se_penalty,historical,fixed_bank,relative_error_difference,64,0.0,0.0,0.0
gaussian,support_mix50,historical,fixed_bank,relative_error_difference,64,0.0009091837598465475,-0.001242111938864106,0.003326640866255756
gaussian,support_band50,historical,fixed_bank,relative_error_difference,64,0.0008674289016436401,-0.0012939972544450747,0.0032928991709780006
asymmetric_crash,historical_se_penalty,historical,equal_weight,relative_error_difference,64,0.0,0.0,0.0
asymmetric_crash,support_mix50,historical,equal_weight,relative_error_difference,64,0.001419966941058764,-0.0061683707016622425,0.008973154105349582
asymmetric_crash,support_band50,historical,equal_weight,relative_error_difference,64,0.012182727712785472,0.0014143934318609531,0.023849159427187464
asymmetric_crash,historical_se_penalty,historical,historical,relative_error_difference,64,0.0,0.0,0.0
asymmetric_crash,support_mix50,historical,historical,relative_error_difference,64,-0.0006742444805649288,-0.0073959110193483205,0.005867162598544359
asymmetric_crash,support_band50,historical,historical,relative_error_difference,64,0.007994480291700051,-0.0008555516556361824,0.01727003791766506
asymmetric_crash,historical_se_penalty,historical,historical_se_penalty,relative_error_difference,64,0.0,0.0,0.0
asymmetric_crash,support_mix50,historical,historical_se_penalty,relative_error_difference,64,-0.0011059172559576642,-0.0077445413328280375,0.005495669676228022
asymmetric_crash,support_band50,historical,historical_se_penalty,relative_error_difference,64,0.00852527918962541,-0.0002334327590167317,0.01764283543208096
asymmetric_crash,historical_se_penalty,historical,support_mix50,relative_error_difference,64,0.0,0.0,0.0
asymmetric_crash,support_mix50,historical,support_mix50,relative_error_difference,64,0.003947399576918139,-0.0025947401162210383,0.010529259167400922
asymmetric_crash,support_band50,historical,support_mix50,relative_error_difference,64,0.011863532137295012,0.002328393467783384,0.021820986011972493
asymmetric_crash,historical_se_penalty,historical,support_band50,relative_error_difference,64,0.0,0.0,0.0
asymmetric_crash,support_mix50,historical,support_band50,relative_error_difference,64,0.003428726338847635,-0.0029514038605700376,0.009871037854255683
asymmetric_crash,support_band50,historical,support_band50,relative_error_difference,64,0.016648113528954542,0.0053383941701957175,0.02921250823857846
asymmetric_crash,historical_se_penalty,historical,fixed_bank,relative_error_difference,64,0.0,0.0,0.0
asymmetric_crash,support_mix50,historical,fixed_bank,relative_error_difference,64,0.002167478892868815,-0.0039580715707629496,0.008266748165894355
asymmetric_crash,support_band50,historical,fixed_bank,relative_error_difference,64,0.01238006421281803,0.003712781382684465,0.021817033315901284
