scope,forecaster,selector,metric,n_clusters,mean,ci_low,ci_high
overall,historical,equal_weight,relative_error,64,0.06986571094202934,0.06133409511181792,0.07833745893659343
overall,historical,equal_weight,signed_relative_error,64,-0.005874526571314054,-0.020579845773572112,0.009306288751735482
overall,historical,equal_weight,true_es,64,2.048159641846962,2.031689843517762,2.0643095458128844
overall,historical,equal_weight,relative_regret,64,0.06824412215126649,0.06175896885283964,0.07496729850502992
overall,historical,equal_weight,hhi,64,0.125,0.125,0.125
overall,historical_se_penalty,equal_weight,relative_error,64,0.06986571094202934,0.06133409511181792,0.07833745893659343
overall,historical_se_penalty,equal_weight,signed_relative_error,64,-0.005874526571314054,-0.020579845773572112,0.009306288751735482
overall,historical_se_penalty,equal_weight,true_es,64,2.048159641846962,2.031689843517762,2.0643095458128844
overall,historical_se_penalty,equal_weight,relative_regret,64,0.06824412215126649,0.06175896885283964,0.07496729850502992
overall,historical_se_penalty,equal_weight,hhi,64,0.125,0.125,0.125
overall,support_mix50,equal_weight,relative_error,64,0.07139531323605133,0.06257222713235511,0.08015580156445212
overall,support_mix50,equal_weight,signed_relative_error,64,-0.0026222863216926783,-0.01823944937470097,0.013350387575672532
overall,support_mix50,equal_weight,true_es,64,2.048159641846962,2.031689843517762,2.0643095458128844
overall,support_mix50,equal_weight,relative_regret,64,0.06824412215126649,0.06175896885283964,0.07496729850502992
overall,support_mix50,equal_weight,hhi,64,0.125,0.125,0.125
overall,support_band50,equal_weight,relative_error,64,0.07674759786783636,0.06685724788930601,0.08723605540362947
overall,support_band50,equal_weight,signed_relative_error,64,-0.011234384605676011,-0.02747464855781134,0.005282743212843317
overall,support_band50,equal_weight,true_es,64,2.048159641846962,2.031689843517762,2.0643095458128844
overall,support_band50,equal_weight,relative_regret,64,0.06824412215126649,0.06175896885283964,0.07496729850502992
overall,support_band50,equal_weight,hhi,64,0.125,0.125,0.125
overall,historical,historical,relative_error,64,0.08055186917880103,0.07055205626573867,0.09105559998961692
overall,historical,historical,signed_relative_error,64,-0.05340417999882868,-0.0681938062114024,-0.03802991215427648
overall,historical,historical,true_es,64,1.985363151152637,1.9632908557286994,2.0082384341403525
overall,historical,historical,relative_regret,64,0.023639896171989846,0.01874477481137997,0.028985654141898784
overall,historical,historical,hhi,64,0.30999501355540154,0.2921792510950875,0.3280913159007522
overall,historical_se_penalty,historical,relative_error,64,0.08055186917880103,0.07055205626573867,0.09105559998961692
overall,historical_se_penalty,historical,signed_relative_error,64,-0.05340417999882868,-0.0681938062114024,-0.03802991215427648
overall,historical_se_penalty,historical,true_es,64,1.985363151152637,1.9632908557286994,2.0082384341403525
overall,historical_se_penalty,historical,relative_regret,64,0.023639896171989846,0.01874477481137997,0.028985654141898784
overall,historical_se_penalty,historical,hhi,64,0.30999501355540154,0.2921792510950875,0.3280913159007522
overall,support_mix50,historical,relative_error,64,0.07893780345955481,0.06901997596232969,0.08924458290523796
overall,support_mix50,historical,signed_relative_error,64,-0.04584876639897588,-0.06130501513330103,-0.029574584082829987
overall,support_mix50,historical,true_es,64,1.985363151152637,1.9632908557286994,2.0082384341403525
overall,support_mix50,historical,relative_regret,64,0.023639896171989846,0.01874477481137997,0.028985654141898784
overall,support_mix50,historical,hhi,64,0.30999501355540154,0.2921792510950875,0.3280913159007522
overall,support_band50,historical,relative_error,64,0.0832497767006202,0.07197031044045242,0.09512686014914529
overall,support_band50,historical,signed_relative_error,64,-0.05253576032978306,-0.0686751944831695,-0.035606252084703714
overall,support_band50,historical,true_es,64,1.985363151152637,1.9632908557286994,2.0082384341403525
overall,support_band50,historical,relative_regret,64,0.023639896171989846,0.01874477481137997,0.028985654141898784
overall,support_band50,historical,hhi,64,0.30999501355540154,0.2921792510950875,0.3280913159007522
overall,historical,historical_se_penalty,relative_error,64,0.07830938845096168,0.0681683138583912,0.08881529241110304
overall,historical,historical_se_penalty,signed_relative_error,64,-0.050143461544972484,-0.06473286878342996,-0.035067348493110724
overall,historical,historical_se_penalty,true_es,64,1.9787742745624928,1.9571721665541693,2.000933544607422
overall,historical,historical_se_penalty,relative_regret,64,0.02145233131963464,0.01688680712339447,0.0261497200943307
overall,historical,historical_se_penalty,hhi,64,0.3230835415982274,0.3054791591062352,0.34100431660373925
overall,historical_se_penalty,historical_se_penalty,relative_error,64,0.07830938845096168,0.0681683138583912,0.08881529241110304
overall,historical_se_penalty,historical_se_penalty,signed_relative_error,64,-0.050143461544972484,-0.06473286878342996,-0.035067348493110724
overall,historical_se_penalty,historical_se_penalty,true_es,64,1.9787742745624928,1.9571721665541693,2.000933544607422
overall,historical_se_penalty,historical_se_penalty,relative_regret,64,0.02145233131963464,0.01688680712339447,0.0261497200943307
overall,historical_se_penalty,historical_se_penalty,hhi,64,0.3230835415982274,0.3054791591062352,0.34100431660373925
overall,support_mix50,historical_se_penalty,relative_error,64,0.07681073164343896,0.06693360314688641,0.08698440039274684
overall,support_mix50,historical_se_penalty,signed_relative_error,64,-0.043241514894189106,-0.058341655087104906,-0.02726407067913363
overall,support_mix50,historical_se_penalty,true_es,64,1.9787742745624928,1.9571721665541693,2.000933544607422
overall,support_mix50,historical_se_penalty,relative_regret,64,0.02145233131963464,0.01688680712339447,0.0261497200943307
overall,support_mix50,historical_se_penalty,hhi,64,0.3230835415982274,0.3054791591062352,0.34100431660373925
overall,support_band50,historical_se_penalty,relative_error,64,0.08160394072116338,0.07052259974551091,0.09314112579466811
overall,support_band50,historical_se_penalty,signed_relative_error,64,-0.04984846469992259,-0.06588526630651298,-0.03322743496211998
overall,support_band50,historical_se_penalty,true_es,64,1.9787742745624928,1.9571721665541693,2.000933544607422
overall,support_band50,historical_se_penalty,relative_regret,64,0.02145233131963464,0.01688680712339447,0.0261497200943307
overall,support_band50,historical_se_penalty,hhi,64,0.3230835415982274,0.3054791591062352,0.34100431660373925
overall,historical,support_mix50,relative_error,64,0.07898153742917649,0.06926455582851693,0.08891243135496954
overall,historical,support_mix50,signed_relative_error,64,-0.04807854233172756,-0.06367140417923421,-0.03210691611936337
overall,historical,support_mix50,true_es,64,1.9868696960450074,1.963169630105791,2.0116490992763394
overall,historical,support_mix50,relative_regret,64,0.024025371355095783,0.01906086137204534,0.029312597312628037
overall,historical,support_mix50,hhi,64,0.3029407717689161,0.2845149995513633,0.3212435890028522
overall,historical_se_penalty,support_mix50,relative_error,64,0.07898153742917649,0.06926455582851693,0.08891243135496954
overall,historical_se_penalty,support_mix50,signed_relative_error,64,-0.04807854233172756,-0.06367140417923421,-0.03210691611936337
overall,historical_se_penalty,support_mix50,true_es,64,1.9868696960450074,1.963169630105791,2.0116490992763394
overall,historical_se_penalty,support_mix50,relative_regret,64,0.024025371355095783,0.01906086137204534,0.029312597312628037
overall,historical_se_penalty,support_mix50,hhi,64,0.3029407717689161,0.2845149995513633,0.3212435890028522
overall,support_mix50,support_mix50,relative_error,64,0.08081185759993015,0.07100312231407646,0.09079858842806472
overall,support_mix50,support_mix50,signed_relative_error,64,-0.05100774165131858,-0.06657237776059415,-0.034811959268843846
overall,support_mix50,support_mix50,true_es,64,1.9868696960450074,1.963169630105791,2.0116490992763394
overall,support_mix50,support_mix50,relative_regret,64,0.024025371355095783,0.01906086137204534,0.029312597312628037
overall,support_mix50,support_mix50,hhi,64,0.3029407717689161,0.2845149995513633,0.3212435890028522
overall,support_band50,support_mix50,relative_error,64,0.0847453882574834,0.0735659876989016,0.09635594404498832
overall,support_band50,support_mix50,signed_relative_error,64,-0.05752440263148349,-0.07403479378101334,-0.04037946317209726
overall,support_band50,support_mix50,true_es,64,1.9868696960450074,1.963169630105791,2.0116490992763394
overall,support_band50,support_mix50,relative_regret,64,0.024025371355095783,0.01906086137204534,0.029312597312628037
overall,support_band50,support_mix50,hhi,64,0.3029407717689161,0.2845149995513633,0.3212435890028522
overall,historical,support_band50,relative_error,64,0.07702983082398747,0.0675256825152725,0.0867316101896469
overall,historical,support_band50,signed_relative_error,64,-0.04797850496744475,-0.06314253758096834,-0.03233478389679684
overall,historical,support_band50,true_es,64,1.9897604636956572,1.9659470560305319,2.0145496973261987
overall,historical,support_band50,relative_regret,64,0.025133202264998607,0.01959456280478594,0.03093004640393186
overall,historical,support_band50,hhi,64,0.30108374541248256,0.28290915387750887,0.31921432988016263
overall,historical_se_penalty,support_band50,relative_error,64,0.07702983082398747,0.0675256825152725,0.0867316101896469
overall,historical_se_penalty,support_band50,signed_relative_error,64,-0.04797850496744475,-0.06314253758096834,-0.03233478389679684
overall,historical_se_penalty,support_band50,true_es,64,1.9897604636956572,1.9659470560305319,2.0145496973261987
overall,historical_se_penalty,support_band50,relative_regret,64,0.025133202264998607,0.01959456280478594,0.03093004640393186
overall,historical_se_penalty,support_band50,hhi,64,0.30108374541248256,0.28290915387750887,0.31921432988016263
overall,support_mix50,support_band50,relative_error,64,0.07860081437570587,0.06877766518549965,0.0883986240261236
overall,support_mix50,support_band50,signed_relative_error,64,-0.05095198152594814,-0.0660990520890198,-0.035080447134483356
overall,support_mix50,support_band50,true_es,64,1.9897604636956572,1.9659470560305319,2.0145496973261987
overall,support_mix50,support_band50,relative_regret,64,0.025133202264998607,0.01959456280478594,0.03093004640393186
overall,support_mix50,support_band50,hhi,64,0.30108374541248256,0.28290915387750887,0.31921432988016263
overall,support_band50,support_band50,relative_error,64,0.08518597234812414,0.0738546178728199,0.0969023384611601
overall,support_band50,support_band50,signed_relative_error,64,-0.05936699817284329,-0.07552187549383425,-0.042239380757405555
overall,support_band50,support_band50,true_es,64,1.9897604636956572,1.9659470560305319,2.0145496973261987
overall,support_band50,support_band50,relative_regret,64,0.025133202264998607,0.01959456280478594,0.03093004640393186
overall,support_band50,support_band50,hhi,64,0.30108374541248256,0.28290915387750887,0.31921432988016263
overall,historical,fixed_bank,relative_error,64,0.06959973847084786,0.062396893377747426,0.07706188506434103
overall,historical,fixed_bank,signed_relative_error,64,-0.004464620915456434,-0.018418807312669108,0.009847808791187981
overall,historical,fixed_bank,true_es,64,2.177409057412599,2.1595471749865074,2.1948486046639104
overall,historical,fixed_bank,relative_regret,64,0.15295521083720567,0.1456724465265024,0.16043657329721692
overall,historical,fixed_bank,hhi,64,0.24051167089870704,0.2400334175775519,0.2409867023078651
overall,historical_se_penalty,fixed_bank,relative_error,64,0.06959973847084786,0.062396893377747426,0.07706188506434103
overall,historical_se_penalty,fixed_bank,signed_relative_error,64,-0.004464620915456434,-0.018418807312669108,0.009847808791187981
overall,historical_se_penalty,fixed_bank,true_es,64,2.177409057412599,2.1595471749865074,2.1948486046639104
overall,historical_se_penalty,fixed_bank,relative_regret,64,0.15295521083720567,0.1456724465265024,0.16043657329721692
overall,historical_se_penalty,fixed_bank,hhi,64,0.24051167089870704,0.2400334175775519,0.2409867023078651
overall,support_mix50,fixed_bank,relative_error,64,0.07113806979720552,0.0637746627535891,0.0788562768513388
overall,support_mix50,fixed_bank,signed_relative_error,64,-0.0007960770202305499,-0.015588034524192645,0.014253225286620898
overall,support_mix50,fixed_bank,true_es,64,2.177409057412599,2.1595471749865074,2.1948486046639104
overall,support_mix50,fixed_bank,relative_regret,64,0.15295521083720567,0.1456724465265024,0.16043657329721692
overall,support_mix50,fixed_bank,hhi,64,0.24051167089870704,0.2400334175775519,0.2409867023078651
overall,support_band50,fixed_bank,relative_error,64,0.07622348502807869,0.06802568751439142,0.08511639037301637
overall,support_band50,fixed_bank,signed_relative_error,64,-0.008819197281544924,-0.024246278830281152,0.006821188674292753
overall,support_band50,fixed_bank,true_es,64,2.177409057412599,2.1595471749865074,2.1948486046639104
overall,support_band50,fixed_bank,relative_regret,64,0.15295521083720567,0.1456724465265024,0.16043657329721692
overall,support_band50,fixed_bank,hhi,64,0.24051167089870704,0.2400334175775519,0.2409867023078651
gaussian,historical,equal_weight,relative_error,64,0.043408599222022545,0.035616608392234614,0.05148636463485076
gaussian,historical,equal_weight,signed_relative_error,64,-0.006144066665395411,-0.019272602539665906,0.00712968673564429
gaussian,historical,equal_weight,true_es,64,1.2223436191424617,1.203832122378774,1.2403927819873604
gaussian,historical,equal_weight,relative_regret,64,0.08900127501716852,0.08023825036833365,0.098231905707818
gaussian,historical,equal_weight,hhi,64,0.125,0.125,0.125
gaussian,historical_se_penalty,equal_weight,relative_error,64,0.043408599222022545,0.035616608392234614,0.05148636463485076
gaussian,historical_se_penalty,equal_weight,signed_relative_error,64,-0.006144066665395411,-0.019272602539665906,0.00712968673564429
gaussian,historical_se_penalty,equal_weight,true_es,64,1.2223436191424617,1.203832122378774,1.2403927819873604
gaussian,historical_se_penalty,equal_weight,relative_regret,64,0.08900127501716852,0.08023825036833365,0.098231905707818
gaussian,historical_se_penalty,equal_weight,hhi,64,0.125,0.125,0.125
gaussian,support_mix50,equal_weight,relative_error,64,0.045047836869007735,0.0367151367904698,0.05372057348143889
gaussian,support_mix50,equal_weight,signed_relative_error,64,-0.003496016017049356,-0.01716991493083134,0.0106425496215801
gaussian,support_mix50,equal_weight,true_es,64,1.2223436191424617,1.203832122378774,1.2403927819873604
gaussian,support_mix50,equal_weight,relative_regret,64,0.08900127501716852,0.08023825036833365,0.098231905707818
gaussian,support_mix50,equal_weight,hhi,64,0.125,0.125,0.125
gaussian,support_band50,equal_weight,relative_error,64,0.044989645360851094,0.03670305840212341,0.05363113901576942
gaussian,support_band50,equal_weight,signed_relative_error,64,-0.0035542075252060386,-0.017197227677115873,0.010573550047755134
gaussian,support_band50,equal_weight,true_es,64,1.2223436191424617,1.203832122378774,1.2403927819873604
gaussian,support_band50,equal_weight,relative_regret,64,0.08900127501716852,0.08023825036833365,0.098231905707818
gaussian,support_band50,equal_weight,hhi,64,0.125,0.125,0.125
gaussian,historical,historical,relative_error,64,0.054250925392769475,0.045548925945449986,0.06315673941734043
gaussian,historical,historical,signed_relative_error,64,-0.03818999058688557,-0.05111522355307646,-0.025207481043199628
gaussian,historical,historical,true_es,64,1.1423990130110822,1.1233892134096755,1.1628372053717004
gaussian,historical,historical,relative_regret,64,0.01686786274471132,0.011751465131857005,0.022924291000482117
gaussian,historical,historical,hhi,64,0.2274237311346819,0.21156953854173138,0.24551192778035436
gaussian,historical_se_penalty,historical,relative_error,64,0.054250925392769475,0.045548925945449986,0.06315673941734043
gaussian,historical_se_penalty,historical,signed_relative_error,64,-0.03818999058688557,-0.05111522355307646,-0.025207481043199628
gaussian,historical_se_penalty,historical,true_es,64,1.1423990130110822,1.1233892134096755,1.1628372053717004
gaussian,historical_se_penalty,historical,relative_regret,64,0.01686786274471132,0.011751465131857005,0.022924291000482117
gaussian,historical_se_penalty,historical,hhi,64,0.2274237311346819,0.21156953854173138,0.24551192778035436
gaussian,support_mix50,historical,relative_error,64,0.051697038434841955,0.04391127326214276,0.05983771874249953
gaussian,support_mix50,historical,signed_relative_error,64,-0.02819011286149359,-0.04143030291746745,-0.01468770623381692
gaussian,support_mix50,historical,true_es,64,1.1423990130110822,1.1233892134096755,1.1628372053717004
gaussian,support_mix50,historical,relative_regret,64,0.01686786274471132,0.011751465131857005,0.022924291000482117
gaussian,support_mix50,historical,hhi,64,0.2274237311346819,0.21156953854173138,0.24551192778035436
gaussian,support_band50,historical,relative_error,64,0.05165226014470772,0.04386641267324999,0.05981091576173419
gaussian,support_band50,historical,signed_relative_error,64,-0.028234891151627844,-0.041445869526428904,-0.01473359898035749
gaussian,support_band50,historical,true_es,64,1.1423990130110822,1.1233892134096755,1.1628372053717004
gaussian,support_band50,historical,relative_regret,64,0.01686786274471132,0.011751465131857005,0.022924291000482117
gaussian,support_band50,historical,hhi,64,0.2274237311346819,0.21156953854173138,0.24551192778035436
gaussian,historical,historical_se_penalty,relative_error,64,0.053575999227771176,0.04433968272463622,0.06308983671991031
gaussian,historical,historical_se_penalty,signed_relative_error,64,-0.037938892031231436,-0.05133563806138396,-0.024504430491201556
gaussian,historical,historical_se_penalty,true_es,64,1.1433774103616472,1.1237237037034709,1.1637859231587133
gaussian,historical,historical_se_penalty,relative_regret,64,0.017706324080936146,0.012339417899069272,0.02371674036281344
gaussian,historical,historical_se_penalty,hhi,64,0.22538533383012632,0.20967137364702856,0.2437111934664033
gaussian,historical_se_penalty,historical_se_penalty,relative_error,64,0.053575999227771176,0.04433968272463622,0.06308983671991031
gaussian,historical_se_penalty,historical_se_penalty,signed_relative_error,64,-0.037938892031231436,-0.05133563806138396,-0.024504430491201556
gaussian,historical_se_penalty,historical_se_penalty,true_es,64,1.1433774103616472,1.1237237037034709,1.1637859231587133
gaussian,historical_se_penalty,historical_se_penalty,relative_regret,64,0.017706324080936146,0.012339417899069272,0.02371674036281344
gaussian,historical_se_penalty,historical_se_penalty,hhi,64,0.22538533383012632,0.20967137364702856,0.2437111934664033
gaussian,support_mix50,historical_se_penalty,relative_error,64,0.051684602868683385,0.04343425843100915,0.06030309198308761
gaussian,support_mix50,historical_se_penalty,signed_relative_error,64,-0.028315427118385927,-0.04181979762239427,-0.014567797692382723
gaussian,support_mix50,historical_se_penalty,true_es,64,1.1433774103616472,1.1237237037034709,1.1637859231587133
gaussian,support_mix50,historical_se_penalty,relative_regret,64,0.017706324080936146,0.012339417899069272,0.02371674036281344
gaussian,support_mix50,historical_se_penalty,hhi,64,0.22538533383012632,0.20967137364702856,0.2437111934664033
gaussian,support_band50,historical_se_penalty,relative_error,64,0.051639824578549154,0.043386606403898076,0.06027108705720959
gaussian,support_band50,historical_se_penalty,signed_relative_error,64,-0.02836020540852018,-0.041864084821036,-0.014624231739888227
gaussian,support_band50,historical_se_penalty,true_es,64,1.1433774103616472,1.1237237037034709,1.1637859231587133
gaussian,support_band50,historical_se_penalty,relative_regret,64,0.017706324080936146,0.012339417899069272,0.02371674036281344
gaussian,support_band50,historical_se_penalty,hhi,64,0.22538533383012632,0.20967137364702856,0.2437111934664033
gaussian,historical,support_mix50,relative_error,64,0.051748392357796325,0.04258545282277187,0.06080389270362107
gaussian,historical,support_mix50,signed_relative_error,64,-0.03180575751215463,-0.04530176424235312,-0.017979384188289708
gaussian,historical,support_mix50,true_es,64,1.1422982616945128,1.1224255303244592,1.1625565698391933
gaussian,historical,support_mix50,relative_regret,64,0.016646303613963298,0.012162396894938468,0.021579818343202765
gaussian,historical,support_mix50,hhi,64,0.218886622840506,0.20439520782547718,0.23544967723198892
gaussian,historical_se_penalty,support_mix50,relative_error,64,0.051748392357796325,0.04258545282277187,0.06080389270362107
gaussian,historical_se_penalty,support_mix50,signed_relative_error,64,-0.03180575751215463,-0.04530176424235312,-0.017979384188289708
gaussian,historical_se_penalty,support_mix50,true_es,64,1.1422982616945128,1.1224255303244592,1.1625565698391933
gaussian,historical_se_penalty,support_mix50,relative_regret,64,0.016646303613963298,0.012162396894938468,0.021579818343202765
gaussian,historical_se_penalty,support_mix50,hhi,64,0.218886622840506,0.20439520782547718,0.23544967723198892
gaussian,support_mix50,support_mix50,relative_error,64,0.051461633122385504,0.0429218954155267,0.05987321693880003
gaussian,support_mix50,support_mix50,signed_relative_error,64,-0.03354372138184048,-0.046192014116767134,-0.020713955563033862
gaussian,support_mix50,support_mix50,true_es,64,1.1422982616945128,1.1224255303244592,1.1625565698391933
gaussian,support_mix50,support_mix50,relative_regret,64,0.016646303613963298,0.012162396894938468,0.021579818343202765
gaussian,support_mix50,support_mix50,hhi,64,0.218886622840506,0.20439520782547718,0.23544967723198892
gaussian,support_band50,support_mix50,relative_error,64,0.0514125618771151,0.0428739199022204,0.05981460560936272
gaussian,support_band50,support_mix50,signed_relative_error,64,-0.03359279262711093,-0.04626420862640574,-0.02079147745200838
gaussian,support_band50,support_mix50,true_es,64,1.1422982616945128,1.1224255303244592,1.1625565698391933
gaussian,support_band50,support_mix50,relative_regret,64,0.016646303613963298,0.012162396894938468,0.021579818343202765
gaussian,support_band50,support_mix50,hhi,64,0.218886622840506,0.20439520782547718,0.23544967723198892
gaussian,historical,support_band50,relative_error,64,0.051748392357796325,0.04258545282277187,0.06080389270362107
gaussian,historical,support_band50,signed_relative_error,64,-0.03180575751215463,-0.04530176424235312,-0.017979384188289708
gaussian,historical,support_band50,true_es,64,1.1422982616945128,1.1224255303244592,1.1625565698391933
gaussian,historical,support_band50,relative_regret,64,0.016646303613963298,0.012162396894938468,0.021579818343202765
gaussian,historical,support_band50,hhi,64,0.218886622840506,0.20439520782547718,0.23544967723198892
gaussian,historical_se_penalty,support_band50,relative_error,64,0.051748392357796325,0.04258545282277187,0.06080389270362107
gaussian,historical_se_penalty,support_band50,signed_relative_error,64,-0.03180575751215463,-0.04530176424235312,-0.017979384188289708
gaussian,historical_se_penalty,support_band50,true_es,64,1.1422982616945128,1.1224255303244592,1.1625565698391933
gaussian,historical_se_penalty,support_band50,relative_regret,64,0.016646303613963298,0.012162396894938468,0.021579818343202765
gaussian,historical_se_penalty,support_band50,hhi,64,0.218886622840506,0.20439520782547718,0.23544967723198892
gaussian,support_mix50,support_band50,relative_error,64,0.051461633122385504,0.0429218954155267,0.05987321693880003
gaussian,support_mix50,support_band50,signed_relative_error,64,-0.03354372138184048,-0.046192014116767134,-0.020713955563033862
gaussian,support_mix50,support_band50,true_es,64,1.1422982616945128,1.1224255303244592,1.1625565698391933
gaussian,support_mix50,support_band50,relative_regret,64,0.016646303613963298,0.012162396894938468,0.021579818343202765
gaussian,support_mix50,support_band50,hhi,64,0.218886622840506,0.20439520782547718,0.23544967723198892
gaussian,support_band50,support_band50,relative_error,64,0.0514125618771151,0.0428739199022204,0.05981460560936272
gaussian,support_band50,support_band50,signed_relative_error,64,-0.03359279262711093,-0.04626420862640574,-0.02079147745200838
gaussian,support_band50,support_band50,true_es,64,1.1422982616945128,1.1224255303244592,1.1625565698391933
gaussian,support_band50,support_band50,relative_regret,64,0.016646303613963298,0.012162396894938468,0.021579818343202765
gaussian,support_band50,support_band50,hhi,64,0.218886622840506,0.20439520782547718,0.23544967723198892
gaussian,historical,fixed_bank,relative_error,64,0.04228168993971629,0.037427274820127976,0.04750923172056794
gaussian,historical,fixed_bank,signed_relative_error,64,-0.0029589909741758423,-0.0131305415591334,0.007269665352314788
gaussian,historical,fixed_bank,true_es,64,1.3651175994839986,1.3445204995460562,1.3850855137749971
gaussian,historical,fixed_bank,relative_regret,64,0.216239256727988,0.20617772397831566,0.22658071724293688
gaussian,historical,fixed_bank,hhi,64,0.24051167089870704,0.2400334175775519,0.2409867023078651
gaussian,historical_se_penalty,fixed_bank,relative_error,64,0.04228168993971629,0.037427274820127976,0.04750923172056794
gaussian,historical_se_penalty,fixed_bank,signed_relative_error,64,-0.0029589909741758423,-0.0131305415591334,0.007269665352314788
gaussian,historical_se_penalty,fixed_bank,true_es,64,1.3651175994839986,1.3445204995460562,1.3850855137749971
gaussian,historical_se_penalty,fixed_bank,relative_regret,64,0.216239256727988,0.20617772397831566,0.22658071724293688
gaussian,historical_se_penalty,fixed_bank,hhi,64,0.24051167089870704,0.2400334175775519,0.2409867023078651
gaussian,support_mix50,fixed_bank,relative_error,64,0.04319087369956284,0.0380680629106723,0.04887437658783481
gaussian,support_mix50,fixed_bank,signed_relative_error,64,0.00011943451873333566,-0.010324452007180875,0.011130250642602446
gaussian,support_mix50,fixed_bank,true_es,64,1.3651175994839986,1.3445204995460562,1.3850855137749971
gaussian,support_mix50,fixed_bank,relative_regret,64,0.216239256727988,0.20617772397831566,0.22658071724293688
gaussian,support_mix50,fixed_bank,hhi,64,0.24051167089870704,0.2400334175775519,0.2409867023078651
gaussian,support_band50,fixed_bank,relative_error,64,0.043149118841359926,0.03803150413552425,0.04880932039736349
gaussian,support_band50,fixed_bank,signed_relative_error,64,7.521096966743839e-05,-0.010385654581395464,0.011086027093536548
gaussian,support_band50,fixed_bank,true_es,64,1.3651175994839986,1.3445204995460562,1.3850855137749971
gaussian,support_band50,fixed_bank,relative_regret,64,0.216239256727988,0.20617772397831566,0.22658071724293688
gaussian,support_band50,fixed_bank,hhi,64,0.24051167089870704,0.2400334175775519,0.2409867023078651
asymmetric_crash,historical,equal_weight,relative_error,64,0.09632282266203615,0.08006132928012291,0.1131275048721526
asymmetric_crash,historical,equal_weight,signed_relative_error,64,-0.005604986477232692,-0.034419382623200795,0.02271352621010222
asymmetric_crash,historical,equal_weight,true_es,64,2.873975664551462,2.859575367300218,2.888162035972252
asymmetric_crash,historical,equal_weight,relative_regret,64,0.04748696928536447,0.04244451895598173,0.05262289599392364
asymmetric_crash,historical,equal_weight,hhi,64,0.125,0.125,0.125
asymmetric_crash,historical_se_penalty,equal_weight,relative_error,64,0.09632282266203615,0.08006132928012291,0.1131275048721526
asymmetric_crash,historical_se_penalty,equal_weight,signed_relative_error,64,-0.005604986477232692,-0.034419382623200795,0.02271352621010222
asymmetric_crash,historical_se_penalty,equal_weight,true_es,64,2.873975664551462,2.859575367300218,2.888162035972252
asymmetric_crash,historical_se_penalty,equal_weight,relative_regret,64,0.04748696928536447,0.04244451895598173,0.05262289599392364
asymmetric_crash,historical_se_penalty,equal_weight,hhi,64,0.125,0.125,0.125
asymmetric_crash,support_mix50,equal_weight,relative_error,64,0.0977427896030949,0.08130594913546568,0.11505996380738619
asymmetric_crash,support_mix50,equal_weight,signed_relative_error,64,-0.0017485566263360022,-0.03139663827330427,0.027232769537137477
asymmetric_crash,support_mix50,equal_weight,true_es,64,2.873975664551462,2.859575367300218,2.888162035972252
asymmetric_crash,support_mix50,equal_weight,relative_regret,64,0.04748696928536447,0.04244451895598173,0.05262289599392364
asymmetric_crash,support_mix50,equal_weight,hhi,64,0.125,0.125,0.125
asymmetric_crash,support_band50,equal_weight,relative_error,64,0.10850555037482162,0.09064100058861434,0.12710213310101404
asymmetric_crash,support_band50,equal_weight,signed_relative_error,64,-0.018914561686145984,-0.05114036483133532,0.012499203627758082
asymmetric_crash,support_band50,equal_weight,true_es,64,2.873975664551462,2.859575367300218,2.888162035972252
asymmetric_crash,support_band50,equal_weight,relative_regret,64,0.04748696928536447,0.04244451895598173,0.05262289599392364
asymmetric_crash,support_band50,equal_weight,hhi,64,0.125,0.125,0.125
asymmetric_crash,historical,historical,relative_error,64,0.1068528129648326,0.08778033967030593,0.12693310551490333
asymmetric_crash,historical,historical,signed_relative_error,64,-0.0686183694107718,-0.09676462708812564,-0.04069433371861239
asymmetric_crash,historical,historical,true_es,64,2.828327289294192,2.797694788633716,2.8614066087217087
asymmetric_crash,historical,historical,relative_regret,64,0.030411929599268375,0.02208165352567954,0.040212745048098665
asymmetric_crash,historical,historical,hhi,64,0.39256629597612114,0.3593715085662332,0.4249307311642407
asymmetric_crash,historical_se_penalty,historical,relative_error,64,0.1068528129648326,0.08778033967030593,0.12693310551490333
asymmetric_crash,historical_se_penalty,historical,signed_relative_error,64,-0.0686183694107718,-0.09676462708812564,-0.04069433371861239
asymmetric_crash,historical_se_penalty,historical,true_es,64,2.828327289294192,2.797694788633716,2.8614066087217087
asymmetric_crash,historical_se_penalty,historical,relative_regret,64,0.030411929599268375,0.02208165352567954,0.040212745048098665
asymmetric_crash,historical_se_penalty,historical,hhi,64,0.39256629597612114,0.3593715085662332,0.4249307311642407
asymmetric_crash,support_mix50,historical,relative_error,64,0.10617856848426767,0.08724565307132022,0.12556552010234687
asymmetric_crash,support_mix50,historical,signed_relative_error,64,-0.06350741993645817,-0.09225562357524796,-0.03494987095156695
asymmetric_crash,support_mix50,historical,true_es,64,2.828327289294192,2.797694788633716,2.8614066087217087
asymmetric_crash,support_mix50,historical,relative_regret,64,0.030411929599268375,0.02208165352567954,0.040212745048098665
asymmetric_crash,support_mix50,historical,hhi,64,0.39256629597612114,0.3593715085662332,0.4249307311642407
asymmetric_crash,support_band50,historical,relative_error,64,0.11484729325653265,0.09358757595188547,0.13704447754220103
asymmetric_crash,support_band50,historical,signed_relative_error,64,-0.07683662950793829,-0.10713047097327605,-0.04713716933646269
asymmetric_crash,support_band50,historical,true_es,64,2.828327289294192,2.797694788633716,2.8614066087217087
asymmetric_crash,support_band50,historical,relative_regret,64,0.030411929599268375,0.02208165352567954,0.040212745048098665
asymmetric_crash,support_band50,historical,hhi,64,0.39256629597612114,0.3593715085662332,0.4249307311642407
asymmetric_crash,historical,historical_se_penalty,relative_error,64,0.10304277767415218,0.08467403685187341,0.12231414215574454
asymmetric_crash,historical,historical_se_penalty,signed_relative_error,64,-0.062348031058713525,-0.09008293676955854,-0.034876258813929716
asymmetric_crash,historical,historical_se_penalty,true_es,64,2.814171138763339,2.7860282661210634,2.8426714833047964
asymmetric_crash,historical,historical_se_penalty,relative_regret,64,0.025198338558333134,0.018506604510907864,0.03201728498029268
asymmetric_crash,historical,historical_se_penalty,hhi,64,0.4207817493663285,0.3891911699591711,0.45030584575795213
asymmetric_crash,historical_se_penalty,historical_se_penalty,relative_error,64,0.10304277767415218,0.08467403685187341,0.12231414215574454
asymmetric_crash,historical_se_penalty,historical_se_penalty,signed_relative_error,64,-0.062348031058713525,-0.09008293676955854,-0.034876258813929716
asymmetric_crash,historical_se_penalty,historical_se_penalty,true_es,64,2.814171138763339,2.7860282661210634,2.8426714833047964
asymmetric_crash,historical_se_penalty,historical_se_penalty,relative_regret,64,0.025198338558333134,0.018506604510907864,0.03201728498029268
asymmetric_crash,historical_se_penalty,historical_se_penalty,hhi,64,0.4207817493663285,0.3891911699591711,0.45030584575795213
asymmetric_crash,support_mix50,historical_se_penalty,relative_error,64,0.10193686041819452,0.08355309636882181,0.12075439618176842
asymmetric_crash,support_mix50,historical_se_penalty,signed_relative_error,64,-0.05816760266999228,-0.08625301734781987,-0.0305159308724261
asymmetric_crash,support_mix50,historical_se_penalty,true_es,64,2.814171138763339,2.7860282661210634,2.8426714833047964
asymmetric_crash,support_mix50,historical_se_penalty,relative_regret,64,0.025198338558333134,0.018506604510907864,0.03201728498029268
asymmetric_crash,support_mix50,historical_se_penalty,hhi,64,0.4207817493663285,0.3891911699591711,0.45030584575795213
asymmetric_crash,support_band50,historical_se_penalty,relative_error,64,0.1115680568637776,0.09085798647931674,0.13340598491314626
asymmetric_crash,support_band50,historical_se_penalty,signed_relative_error,64,-0.071336723991325,-0.10146080696813807,-0.04197829288938942
asymmetric_crash,support_band50,historical_se_penalty,true_es,64,2.814171138763339,2.7860282661210634,2.8426714833047964
asymmetric_crash,support_band50,historical_se_penalty,relative_regret,64,0.025198338558333134,0.018506604510907864,0.03201728498029268
asymmetric_crash,support_band50,historical_se_penalty,hhi,64,0.4207817493663285,0.3891911699591711,0.45030584575795213
asymmetric_crash,historical,support_mix50,relative_error,64,0.10621468250055667,0.08829131949602541,0.12517522980728785
asymmetric_crash,historical,support_mix50,signed_relative_error,64,-0.06435132715130049,-0.09205229535538717,-0.036620986503393474
asymmetric_crash,historical,support_mix50,true_es,64,2.8314411303955023,2.7990991087151817,2.8660866516423114
asymmetric_crash,historical,support_mix50,relative_regret,64,0.03140443909622827,0.022948320689247074,0.04052638581940565
asymmetric_crash,historical,support_mix50,hhi,64,0.38699492069732616,0.35424811150673446,0.4190718561766444
asymmetric_crash,historical_se_penalty,support_mix50,relative_error,64,0.10621468250055667,0.08829131949602541,0.12517522980728785
asymmetric_crash,historical_se_penalty,support_mix50,signed_relative_error,64,-0.06435132715130049,-0.09205229535538717,-0.036620986503393474
asymmetric_crash,historical_se_penalty,support_mix50,true_es,64,2.8314411303955023,2.7990991087151817,2.8660866516423114
asymmetric_crash,historical_se_penalty,support_mix50,relative_regret,64,0.03140443909622827,0.022948320689247074,0.04052638581940565
asymmetric_crash,historical_se_penalty,support_mix50,hhi,64,0.38699492069732616,0.35424811150673446,0.4190718561766444
asymmetric_crash,support_mix50,support_mix50,relative_error,64,0.1101620820774748,0.09197535153145217,0.12927820290780956
asymmetric_crash,support_mix50,support_mix50,signed_relative_error,64,-0.06847176192079668,-0.09700996777786568,-0.04006663104695372
asymmetric_crash,support_mix50,support_mix50,true_es,64,2.8314411303955023,2.7990991087151817,2.8660866516423114
asymmetric_crash,support_mix50,support_mix50,relative_regret,64,0.03140443909622827,0.022948320689247074,0.04052638581940565
asymmetric_crash,support_mix50,support_mix50,hhi,64,0.38699492069732616,0.35424811150673446,0.4190718561766444
asymmetric_crash,support_band50,support_mix50,relative_error,64,0.11807821463785168,0.09651140774432758,0.1409705510048746
asymmetric_crash,support_band50,support_mix50,signed_relative_error,64,-0.08145601263585608,-0.11201751490160487,-0.05133398732954536
asymmetric_crash,support_band50,support_mix50,true_es,64,2.8314411303955023,2.7990991087151817,2.8660866516423114
asymmetric_crash,support_band50,support_mix50,relative_regret,64,0.03140443909622827,0.022948320689247074,0.04052638581940565
asymmetric_crash,support_band50,support_mix50,hhi,64,0.38699492069732616,0.35424811150673446,0.4190718561766444
asymmetric_crash,historical,support_band50,relative_error,64,0.10231126929017861,0.08439639106335468,0.12119671279411545
asymmetric_crash,historical,support_band50,signed_relative_error,64,-0.06415125242273485,-0.09098832081490771,-0.03753615551999738
asymmetric_crash,historical,support_band50,true_es,64,2.837222665696802,2.8045667786712336,2.871935640363215
asymmetric_crash,historical,support_band50,relative_regret,64,0.033620100916033915,0.024430190725565865,0.043369872128203396
asymmetric_crash,historical,support_band50,hhi,64,0.3832808679844591,0.3502648606837757,0.4157497058643424
asymmetric_crash,historical_se_penalty,support_band50,relative_error,64,0.10231126929017861,0.08439639106335468,0.12119671279411545
asymmetric_crash,historical_se_penalty,support_band50,signed_relative_error,64,-0.06415125242273485,-0.09098832081490771,-0.03753615551999738
asymmetric_crash,historical_se_penalty,support_band50,true_es,64,2.837222665696802,2.8045667786712336,2.871935640363215
asymmetric_crash,historical_se_penalty,support_band50,relative_regret,64,0.033620100916033915,0.024430190725565865,0.043369872128203396
asymmetric_crash,historical_se_penalty,support_band50,hhi,64,0.3832808679844591,0.3502648606837757,0.4157497058643424
asymmetric_crash,support_mix50,support_band50,relative_error,64,0.10573999562902625,0.08746024110140277,0.1247874682793401
asymmetric_crash,support_mix50,support_band50,signed_relative_error,64,-0.0683602416700558,-0.09591895920018138,-0.04115552616565874
asymmetric_crash,support_mix50,support_band50,true_es,64,2.837222665696802,2.8045667786712336,2.871935640363215
asymmetric_crash,support_mix50,support_band50,relative_regret,64,0.033620100916033915,0.024430190725565865,0.043369872128203396
asymmetric_crash,support_mix50,support_band50,hhi,64,0.3832808679844591,0.3502648606837757,0.4157497058643424
asymmetric_crash,support_band50,support_band50,relative_error,64,0.11895938281913317,0.0969935694540298,0.1417803472075962
asymmetric_crash,support_band50,support_band50,signed_relative_error,64,-0.08514120371857567,-0.11579318708575809,-0.05522641433715175
asymmetric_crash,support_band50,support_band50,true_es,64,2.837222665696802,2.8045667786712336,2.871935640363215
asymmetric_crash,support_band50,support_band50,relative_regret,64,0.033620100916033915,0.024430190725565865,0.043369872128203396
asymmetric_crash,support_band50,support_band50,hhi,64,0.3832808679844591,0.3502648606837757,0.4157497058643424
asymmetric_crash,historical,fixed_bank,relative_error,64,0.09691778700197941,0.08260227412865516,0.11194494453878129
asymmetric_crash,historical,fixed_bank,signed_relative_error,64,-0.005970250856737027,-0.03316507865645739,0.021074514547858202
asymmetric_crash,historical,fixed_bank,true_es,64,2.9897005153412,2.9746195895475784,3.004617719253059
asymmetric_crash,historical,fixed_bank,relative_regret,64,0.08967116494642335,0.08432414785030859,0.09510723918350646
asymmetric_crash,historical,fixed_bank,hhi,64,0.24051167089870704,0.2400334175775519,0.2409867023078651
asymmetric_crash,historical_se_penalty,fixed_bank,relative_error,64,0.09691778700197941,0.08260227412865516,0.11194494453878129
asymmetric_crash,historical_se_penalty,fixed_bank,signed_relative_error,64,-0.005970250856737027,-0.03316507865645739,0.021074514547858202
asymmetric_crash,historical_se_penalty,fixed_bank,true_es,64,2.9897005153412,2.9746195895475784,3.004617719253059
asymmetric_crash,historical_se_penalty,fixed_bank,relative_regret,64,0.08967116494642335,0.08432414785030859,0.09510723918350646
asymmetric_crash,historical_se_penalty,fixed_bank,hhi,64,0.24051167089870704,0.2400334175775519,0.2409867023078651
asymmetric_crash,support_mix50,fixed_bank,relative_error,64,0.09908526589484823,0.08432514125829253,0.11477417068747911
asymmetric_crash,support_mix50,fixed_bank,signed_relative_error,64,-0.0017115885591944408,-0.030090519986869457,0.02635682183696034
asymmetric_crash,support_mix50,fixed_bank,true_es,64,2.9897005153412,2.9746195895475784,3.004617719253059
asymmetric_crash,support_mix50,fixed_bank,relative_regret,64,0.08967116494642335,0.08432414785030859,0.09510723918350646
asymmetric_crash,support_mix50,fixed_bank,hhi,64,0.24051167089870704,0.2400334175775519,0.2409867023078651
asymmetric_crash,support_band50,fixed_bank,relative_error,64,0.10929785121479743,0.09380172572393512,0.12581837407728153
asymmetric_crash,support_band50,fixed_bank,signed_relative_error,64,-0.017713605532757283,-0.04812123557144906,0.012100325781626094
asymmetric_crash,support_band50,fixed_bank,true_es,64,2.9897005153412,2.9746195895475784,3.004617719253059
asymmetric_crash,support_band50,fixed_bank,relative_regret,64,0.08967116494642335,0.08432414785030859,0.09510723918350646
asymmetric_crash,support_band50,fixed_bank,hhi,64,0.24051167089870704,0.2400334175775519,0.2409867023078651
