scope,fold,estimator,metric,n_clusters,mean,ci_low,ci_high,primary
overall,A_to_B,resubstitution,signed_relative_error,64,-0.1066658922946062,-0.12905033431644175,-0.08404748442995323,False
overall,A_to_B,independent_split,signed_relative_error,64,-0.007785203434137823,-0.029171974937407155,0.015057244527087711,False
overall,A_to_B,split_minus_resubstitution,signed_relative_error,64,0.09888068886046839,0.06713426869688419,0.13260231283482474,False
overall,A_to_B,resubstitution,relative_error,64,0.133931100731867,0.11850605051686244,0.1501594039702279,False
overall,A_to_B,independent_split,relative_error,64,0.09593883192967709,0.08372633251986324,0.10873702543332757,False
overall,A_to_B,split_minus_resubstitution,relative_error,64,-0.037992268802189935,-0.05459092697804884,-0.02118113383441048,False
overall,A_to_B,resubstitution,squared_relative_error,64,0.028138855681490306,0.021630951567936804,0.03523364209386084,False
overall,A_to_B,independent_split,squared_relative_error,64,0.015228520822419869,0.011713983832186976,0.01913672638546996,False
overall,A_to_B,split_minus_resubstitution,squared_relative_error,64,-0.012910334859070439,-0.019613409088598138,-0.006667176465536147,True
overall,A_to_B,resubstitution,threshold_gap,64,0.032906763628561084,0.02494264731416959,0.04186504675773258,False
overall,A_to_B,independent_split,threshold_gap,64,0.032906763628561084,0.02494264731416959,0.04186504675773258,False
overall,A_to_B,split_minus_resubstitution,threshold_gap,64,0.0,0.0,0.0,False
overall,A_to_B,resubstitution,relative_regret,64,0.04000228240545997,0.03168069486559754,0.0490491931139813,False
overall,A_to_B,independent_split,relative_regret,64,0.04000228240545997,0.03168069486559754,0.0490491931139813,False
overall,A_to_B,split_minus_resubstitution,relative_regret,64,0.0,0.0,0.0,False
overall,A_to_B,resubstitution,heldout_es_relative_error,64,0.09278586332118907,0.0811753067667063,0.10508048024143272,False
overall,A_to_B,independent_split,heldout_es_relative_error,64,0.09278586332118907,0.0811753067667063,0.10508048024143272,False
overall,A_to_B,split_minus_resubstitution,heldout_es_relative_error,64,0.0,0.0,0.0,False
overall,B_to_A,resubstitution,signed_relative_error,64,-0.10372454005398864,-0.12669242571101647,-0.08015283403370754,False
overall,B_to_A,independent_split,signed_relative_error,64,-0.0009652962939944295,-0.023931400933276184,0.023168851057853643,False
overall,B_to_A,split_minus_resubstitution,signed_relative_error,64,0.1027592437599942,0.0686412875903531,0.13705859421479175,False
overall,B_to_A,resubstitution,relative_error,64,0.1248981849915818,0.10798397206835228,0.14229531702477913,False
overall,B_to_A,independent_split,relative_error,64,0.10163602341871837,0.08651184918203912,0.11762267879874534,False
overall,B_to_A,split_minus_resubstitution,relative_error,64,-0.023262161572863423,-0.04440276344726489,-0.001701913991297105,False
overall,B_to_A,resubstitution,squared_relative_error,64,0.026951096645734994,0.01980343721874221,0.03490931558580647,False
overall,B_to_A,independent_split,squared_relative_error,64,0.01892473876805895,0.013718788102659876,0.024831547385189386,False
overall,B_to_A,split_minus_resubstitution,squared_relative_error,64,-0.00802635787767604,-0.016527451287421332,0.0003394671208015223,False
overall,B_to_A,resubstitution,threshold_gap,64,0.028657659293193322,0.02249152530486018,0.035308439269480504,False
overall,B_to_A,independent_split,threshold_gap,64,0.028657659293193322,0.02249152530486018,0.035308439269480504,False
overall,B_to_A,split_minus_resubstitution,threshold_gap,64,0.0,0.0,0.0,False
overall,B_to_A,resubstitution,relative_regret,64,0.041979367225384666,0.033537189260459316,0.05130147017049119,False
overall,B_to_A,independent_split,relative_regret,64,0.041979367225384666,0.033537189260459316,0.05130147017049119,False
overall,B_to_A,split_minus_resubstitution,relative_regret,64,0.0,0.0,0.0,False
overall,B_to_A,resubstitution,heldout_es_relative_error,64,0.09747762676854775,0.08490193103587525,0.11032820843982093,False
overall,B_to_A,independent_split,heldout_es_relative_error,64,0.09747762676854775,0.08490193103587525,0.11032820843982093,False
overall,B_to_A,split_minus_resubstitution,heldout_es_relative_error,64,0.0,0.0,0.0,False
overall,two_fold_policy_mean,resubstitution,signed_relative_error,64,-0.10519521617429742,-0.12053975525106561,-0.08972548529142046,False
overall,two_fold_policy_mean,independent_split,signed_relative_error,64,-0.004375249864066125,-0.019618801761801356,0.01154440266200581,False
overall,two_fold_policy_mean,split_minus_resubstitution,signed_relative_error,64,0.1008199663102313,0.09055542967068574,0.11160520255278725,False
overall,two_fold_policy_mean,resubstitution,relative_error,64,0.1294146428617244,0.11844162585907882,0.14044147585508254,False
overall,two_fold_policy_mean,independent_split,relative_error,64,0.09878742767419772,0.08986862305156414,0.10827149171808619,False
overall,two_fold_policy_mean,split_minus_resubstitution,relative_error,64,-0.03062721518752668,-0.04048510204391699,-0.020323571213376718,False
overall,two_fold_policy_mean,resubstitution,squared_relative_error,64,0.02754497616361265,0.022796869857938967,0.03262287398537886,False
overall,two_fold_policy_mean,independent_split,squared_relative_error,64,0.01707662979523941,0.01405426412442463,0.02045777150056587,False
overall,two_fold_policy_mean,split_minus_resubstitution,squared_relative_error,64,-0.01046834636837324,-0.014693920114090188,-0.006030126540070984,False
overall,two_fold_policy_mean,resubstitution,threshold_gap,64,0.0307822114608772,0.02582599305811017,0.03618351118665096,False
overall,two_fold_policy_mean,independent_split,threshold_gap,64,0.0307822114608772,0.02582599305811017,0.03618351118665096,False
overall,two_fold_policy_mean,split_minus_resubstitution,threshold_gap,64,0.0,0.0,0.0,False
overall,two_fold_policy_mean,resubstitution,relative_regret,64,0.040990824815422315,0.03531481488547923,0.04693072154658101,False
overall,two_fold_policy_mean,independent_split,relative_regret,64,0.040990824815422315,0.03531481488547923,0.04693072154658101,False
overall,two_fold_policy_mean,split_minus_resubstitution,relative_regret,64,0.0,0.0,0.0,False
overall,two_fold_policy_mean,resubstitution,heldout_es_relative_error,64,0.0951317450448684,0.08677778848043835,0.10384479358073181,False
overall,two_fold_policy_mean,independent_split,heldout_es_relative_error,64,0.0951317450448684,0.08677778848043835,0.10384479358073181,False
overall,two_fold_policy_mean,split_minus_resubstitution,heldout_es_relative_error,64,0.0,0.0,0.0,False
gaussian,A_to_B,resubstitution,signed_relative_error,64,-0.07974405557454649,-0.09827532128228268,-0.061368069287141384,False
gaussian,A_to_B,independent_split,signed_relative_error,64,-0.000834260176649569,-0.020457694875506947,0.01953209206821977,False
gaussian,A_to_B,split_minus_resubstitution,signed_relative_error,64,0.07890979539789691,0.053302567453586934,0.10583746735504214,False
gaussian,A_to_B,resubstitution,relative_error,64,0.09293183667568336,0.07891656364894613,0.10758144378373269,False
gaussian,A_to_B,independent_split,relative_error,64,0.06802977447383848,0.05740526138956043,0.07920440621316939,False
gaussian,A_to_B,split_minus_resubstitution,relative_error,64,-0.024902062201844873,-0.03919343238771192,-0.011003132660366814,False
gaussian,A_to_B,resubstitution,squared_relative_error,64,0.012070190959446002,0.008776922692696755,0.015823837882576283,False
gaussian,A_to_B,independent_split,squared_relative_error,64,0.0065560787042473825,0.004863261901256101,0.008517284012548249,False
gaussian,A_to_B,split_minus_resubstitution,squared_relative_error,64,-0.005514112255198619,-0.009189841438972364,-0.0020630240287359647,False
gaussian,A_to_B,resubstitution,threshold_gap,64,0.011123231276542085,0.007508702746045863,0.01531659757479401,False
gaussian,A_to_B,independent_split,threshold_gap,64,0.011123231276542085,0.007508702746045863,0.01531659757479401,False
gaussian,A_to_B,split_minus_resubstitution,threshold_gap,64,0.0,0.0,0.0,False
gaussian,A_to_B,resubstitution,relative_regret,64,0.02744920519813557,0.020252276686786707,0.035343160326128775,False
gaussian,A_to_B,independent_split,relative_regret,64,0.02744920519813557,0.020252276686786707,0.035343160326128775,False
gaussian,A_to_B,split_minus_resubstitution,relative_regret,64,0.0,0.0,0.0,False
gaussian,A_to_B,resubstitution,heldout_es_relative_error,64,0.06016163632744737,0.05012729422000655,0.07042314926865079,False
gaussian,A_to_B,independent_split,heldout_es_relative_error,64,0.06016163632744737,0.05012729422000655,0.07042314926865079,False
gaussian,A_to_B,split_minus_resubstitution,heldout_es_relative_error,64,0.0,0.0,0.0,False
gaussian,B_to_A,resubstitution,signed_relative_error,64,-0.07469672596541861,-0.09248559919579767,-0.05633912133327139,False
gaussian,B_to_A,independent_split,signed_relative_error,64,-0.003581452346351619,-0.027259140350135356,0.022768650080492805,False
gaussian,B_to_A,split_minus_resubstitution,signed_relative_error,64,0.07111527361906698,0.04070351667795623,0.10432954678716487,False
gaussian,B_to_A,resubstitution,relative_error,64,0.08588221180263536,0.07115511540812533,0.10048158677239458,False
gaussian,B_to_A,independent_split,relative_error,64,0.07110180864909658,0.05530680675210188,0.08948564910799288,False
gaussian,B_to_A,split_minus_resubstitution,relative_error,64,-0.014780403153538771,-0.036836810287760285,0.008410440778671506,False
gaussian,B_to_A,resubstitution,squared_relative_error,64,0.010941339161033995,0.007884468994687723,0.014151075626579369,False
gaussian,B_to_A,independent_split,squared_relative_error,64,0.010143669431223938,0.004954460738187815,0.017993969849403057,False
gaussian,B_to_A,split_minus_resubstitution,squared_relative_error,64,-0.0007976697298100568,-0.007235601019321696,0.007343394409272152,False
gaussian,B_to_A,resubstitution,threshold_gap,64,0.011318416999151551,0.008569455523426256,0.014196964669505537,False
gaussian,B_to_A,independent_split,threshold_gap,64,0.011318416999151551,0.008569455523426256,0.014196964669505537,False
gaussian,B_to_A,split_minus_resubstitution,threshold_gap,64,0.0,0.0,0.0,False
gaussian,B_to_A,resubstitution,relative_regret,64,0.029475061267335994,0.023272351378915736,0.035879168215706476,False
gaussian,B_to_A,independent_split,relative_regret,64,0.029475061267335994,0.023272351378915736,0.035879168215706476,False
gaussian,B_to_A,split_minus_resubstitution,relative_regret,64,0.0,0.0,0.0,False
gaussian,B_to_A,resubstitution,heldout_es_relative_error,64,0.06780370756969695,0.05364877916195941,0.08269882242760138,False
gaussian,B_to_A,independent_split,heldout_es_relative_error,64,0.06780370756969695,0.05364877916195941,0.08269882242760138,False
gaussian,B_to_A,split_minus_resubstitution,heldout_es_relative_error,64,0.0,0.0,0.0,False
gaussian,two_fold_policy_mean,resubstitution,signed_relative_error,64,-0.07722039076998255,-0.09006482929325435,-0.06426708523851439,False
gaussian,two_fold_policy_mean,independent_split,signed_relative_error,64,-0.002207856261500595,-0.018111111768283224,0.01393730290552143,False
gaussian,two_fold_policy_mean,split_minus_resubstitution,signed_relative_error,64,0.07501253450848196,0.06446967596676084,0.08609954758732062,False
gaussian,two_fold_policy_mean,resubstitution,relative_error,64,0.08940702423915936,0.07957050822199045,0.09948267911178547,False
gaussian,two_fold_policy_mean,independent_split,relative_error,64,0.06956579156146754,0.059451975580486774,0.08061996936399847,False
gaussian,two_fold_policy_mean,split_minus_resubstitution,relative_error,64,-0.019841232677691823,-0.031312760913456174,-0.0074295300828123995,False
gaussian,two_fold_policy_mean,resubstitution,squared_relative_error,64,0.011505765060239998,0.00923652406456989,0.013948172669171362,False
gaussian,two_fold_policy_mean,independent_split,squared_relative_error,64,0.008349874067735661,0.005519535689164337,0.012455717049356167,False
gaussian,two_fold_policy_mean,split_minus_resubstitution,squared_relative_error,64,-0.0031558909925043376,-0.0066703495567633905,0.00135623960148235,False
gaussian,two_fold_policy_mean,resubstitution,threshold_gap,64,0.011220824137846818,0.008933108520472837,0.01382197480845846,False
gaussian,two_fold_policy_mean,independent_split,threshold_gap,64,0.011220824137846818,0.008933108520472837,0.01382197480845846,False
gaussian,two_fold_policy_mean,split_minus_resubstitution,threshold_gap,64,0.0,0.0,0.0,False
gaussian,two_fold_policy_mean,resubstitution,relative_regret,64,0.028462133232735783,0.023764151159466954,0.03351683200668802,False
gaussian,two_fold_policy_mean,independent_split,relative_regret,64,0.028462133232735783,0.023764151159466954,0.03351683200668802,False
gaussian,two_fold_policy_mean,split_minus_resubstitution,relative_regret,64,0.0,0.0,0.0,False
gaussian,two_fold_policy_mean,resubstitution,heldout_es_relative_error,64,0.06398267194857216,0.05493962024638985,0.07320876062867601,False
gaussian,two_fold_policy_mean,independent_split,heldout_es_relative_error,64,0.06398267194857216,0.05493962024638985,0.07320876062867601,False
gaussian,two_fold_policy_mean,split_minus_resubstitution,heldout_es_relative_error,64,0.0,0.0,0.0,False
asymmetric_crash,A_to_B,resubstitution,signed_relative_error,64,-0.13358772901466592,-0.17432482661705612,-0.09349039095741493,False
asymmetric_crash,A_to_B,independent_split,signed_relative_error,64,-0.014736146691626076,-0.05204932683036003,0.023540954157360156,False
asymmetric_crash,A_to_B,split_minus_resubstitution,signed_relative_error,64,0.11885158232303984,0.06504556203500803,0.17545076434539789,False
asymmetric_crash,A_to_B,resubstitution,relative_error,64,0.17493036478805066,0.1463571470656431,0.20479133298821853,False
asymmetric_crash,A_to_B,independent_split,relative_error,64,0.12384788938551566,0.1013668466279771,0.14765695115396438,False
asymmetric_crash,A_to_B,split_minus_resubstitution,relative_error,64,-0.051082475402534994,-0.08398025759535108,-0.018939748678029264,False
asymmetric_crash,A_to_B,resubstitution,squared_relative_error,64,0.04420752040353461,0.03151931644039372,0.05808976960445344,False
asymmetric_crash,A_to_B,independent_split,squared_relative_error,64,0.023900962940592355,0.01701520295643135,0.03159261100995321,False
asymmetric_crash,A_to_B,split_minus_resubstitution,squared_relative_error,64,-0.020306557462942257,-0.033557722810282166,-0.00814625591766612,False
asymmetric_crash,A_to_B,resubstitution,threshold_gap,64,0.05469029598058008,0.03890764136746127,0.07293022496248934,False
asymmetric_crash,A_to_B,independent_split,threshold_gap,64,0.05469029598058008,0.03890764136746127,0.07293022496248934,False
asymmetric_crash,A_to_B,split_minus_resubstitution,threshold_gap,64,0.0,0.0,0.0,False
asymmetric_crash,A_to_B,resubstitution,relative_regret,64,0.052555359612784375,0.03963727910552569,0.06678739634626508,False
asymmetric_crash,A_to_B,independent_split,relative_regret,64,0.052555359612784375,0.03963727910552569,0.06678739634626508,False
asymmetric_crash,A_to_B,split_minus_resubstitution,relative_regret,64,0.0,0.0,0.0,False
asymmetric_crash,A_to_B,resubstitution,heldout_es_relative_error,64,0.12541009031493075,0.10287722530924766,0.14933811896236024,False
asymmetric_crash,A_to_B,independent_split,heldout_es_relative_error,64,0.12541009031493075,0.10287722530924766,0.14933811896236024,False
asymmetric_crash,A_to_B,split_minus_resubstitution,heldout_es_relative_error,64,0.0,0.0,0.0,False
asymmetric_crash,B_to_A,resubstitution,signed_relative_error,64,-0.13275235414255868,-0.1726934564041241,-0.09294885725750812,False
asymmetric_crash,B_to_A,independent_split,signed_relative_error,64,0.0016508597583627608,-0.03850222850198789,0.043165096079237825,False
asymmetric_crash,B_to_A,split_minus_resubstitution,signed_relative_error,64,0.13440321390092141,0.07717394579889791,0.19489634456499255,False
asymmetric_crash,B_to_A,resubstitution,relative_error,64,0.16391415818052824,0.13297642778849345,0.19641309235257604,False
asymmetric_crash,B_to_A,independent_split,relative_error,64,0.13217023818834017,0.1083075988589371,0.1573986738972661,False
asymmetric_crash,B_to_A,split_minus_resubstitution,relative_error,64,-0.03174391999218808,-0.06801422451350085,0.003860440356848468,False
asymmetric_crash,B_to_A,resubstitution,squared_relative_error,64,0.04296085413043599,0.029095061852222635,0.05885753799652437,False
asymmetric_crash,B_to_A,independent_split,squared_relative_error,64,0.02770580810489396,0.019319912639994753,0.03709946313114963,False
asymmetric_crash,B_to_A,split_minus_resubstitution,squared_relative_error,64,-0.015255046025542028,-0.03090276667380719,-0.0004418660430389766,False
asymmetric_crash,B_to_A,resubstitution,threshold_gap,64,0.045996901587235094,0.03398612399383742,0.05879725868939897,False
asymmetric_crash,B_to_A,independent_split,threshold_gap,64,0.045996901587235094,0.03398612399383742,0.05879725868939897,False
asymmetric_crash,B_to_A,split_minus_resubstitution,threshold_gap,64,0.0,0.0,0.0,False
asymmetric_crash,B_to_A,resubstitution,relative_regret,64,0.054483673183433334,0.04038885533031936,0.06995291143545217,False
asymmetric_crash,B_to_A,independent_split,relative_regret,64,0.054483673183433334,0.04038885533031936,0.06995291143545217,False
asymmetric_crash,B_to_A,split_minus_resubstitution,relative_regret,64,0.0,0.0,0.0,False
asymmetric_crash,B_to_A,resubstitution,heldout_es_relative_error,64,0.12715154596739855,0.10616476026397928,0.14825933222578025,False
asymmetric_crash,B_to_A,independent_split,heldout_es_relative_error,64,0.12715154596739855,0.10616476026397928,0.14825933222578025,False
asymmetric_crash,B_to_A,split_minus_resubstitution,heldout_es_relative_error,64,0.0,0.0,0.0,False
asymmetric_crash,two_fold_policy_mean,resubstitution,signed_relative_error,64,-0.13317004157861229,-0.16101385139660063,-0.10556153368609314,False
asymmetric_crash,two_fold_policy_mean,independent_split,signed_relative_error,64,-0.006542643466631656,-0.03513929953505187,0.022016515428946833,False
asymmetric_crash,two_fold_policy_mean,split_minus_resubstitution,signed_relative_error,64,0.12662739811198062,0.109870650991406,0.14482805282820707,False
asymmetric_crash,two_fold_policy_mean,resubstitution,relative_error,64,0.16942226148428946,0.14901252751297864,0.19021210867519628,False
asymmetric_crash,two_fold_policy_mean,independent_split,relative_error,64,0.12800906378692792,0.11267989701561701,0.14455815359353674,False
asymmetric_crash,two_fold_policy_mean,split_minus_resubstitution,relative_error,64,-0.041413197697361535,-0.058595987911518696,-0.023565841520074012,False
asymmetric_crash,two_fold_policy_mean,resubstitution,squared_relative_error,64,0.0435841872669853,0.034089032828903784,0.05359761407354434,False
asymmetric_crash,two_fold_policy_mean,independent_split,squared_relative_error,64,0.02580338552274316,0.020383510784712764,0.03183039700133237,False
asymmetric_crash,two_fold_policy_mean,split_minus_resubstitution,squared_relative_error,64,-0.017780801744242146,-0.025744948358308668,-0.009581621081238027,False
asymmetric_crash,two_fold_policy_mean,resubstitution,threshold_gap,64,0.05034359878390759,0.040518204598258376,0.06104328861400307,False
asymmetric_crash,two_fold_policy_mean,independent_split,threshold_gap,64,0.05034359878390759,0.040518204598258376,0.06104328861400307,False
asymmetric_crash,two_fold_policy_mean,split_minus_resubstitution,threshold_gap,64,0.0,0.0,0.0,False
asymmetric_crash,two_fold_policy_mean,resubstitution,relative_regret,64,0.053519516398108855,0.04407960696122088,0.06323994864686924,False
asymmetric_crash,two_fold_policy_mean,independent_split,relative_regret,64,0.053519516398108855,0.04407960696122088,0.06323994864686924,False
asymmetric_crash,two_fold_policy_mean,split_minus_resubstitution,relative_regret,64,0.0,0.0,0.0,False
asymmetric_crash,two_fold_policy_mean,resubstitution,heldout_es_relative_error,64,0.12628081814116465,0.11102474999007818,0.1423945339177309,False
asymmetric_crash,two_fold_policy_mean,independent_split,heldout_es_relative_error,64,0.12628081814116465,0.11102474999007818,0.1423945339177309,False
asymmetric_crash,two_fold_policy_mean,split_minus_resubstitution,heldout_es_relative_error,64,0.0,0.0,0.0,False
