family,candidate,reference,metric,difference,ci_low,ci_high,bootstrap_seed,bootstrap_replicates,note
asymmetric_crash,support_band50,gmm_base,relative_error,-0.058352952633965914,-0.08940733381392515,-0.028402633397905025,7331,5000,"pointwise interval, paired by seed; no multiple-testing claim"
asymmetric_crash,support_band50,gmm_base,absolute_error,-0.1756488650212305,-0.270160034597804,-0.08500436940145052,7331,5000,"pointwise interval, paired by seed; no multiple-testing claim"
asymmetric_crash,support_band50,gmm_base,true_es,-0.031719546701178485,-0.06294594907244234,-0.0034473061892460405,7331,5000,"pointwise interval, paired by seed; no multiple-testing claim"
asymmetric_crash,support_band50,gmm_base,relative_regret,-0.011623203217364684,-0.02297405721284808,-0.0013692070194490347,7331,5000,"pointwise interval, paired by seed; no multiple-testing claim"
asymmetric_crash,support_band50,gmm_pooled,relative_error,0.01370626442936138,-0.001436166787843065,0.029351254182510115,7331,5000,"pointwise interval, paired by seed; no multiple-testing claim"
asymmetric_crash,support_band50,gmm_pooled,absolute_error,0.04332963507029374,-0.0010613643701882214,0.08914061560557902,7331,5000,"pointwise interval, paired by seed; no multiple-testing claim"
asymmetric_crash,support_band50,gmm_pooled,true_es,0.017653111953198457,-0.00024721509551599703,0.03672806741756742,7331,5000,"pointwise interval, paired by seed; no multiple-testing claim"
asymmetric_crash,support_band50,gmm_pooled,relative_regret,0.006403452273375595,-0.00010621767413694836,0.013446137147207231,7331,5000,"pointwise interval, paired by seed; no multiple-testing claim"
asymmetric_crash,support_band50,aptc_v1,relative_error,0.005481817992838383,-0.010468374227518097,0.02257397910479201,7331,5000,"pointwise interval, paired by seed; no multiple-testing claim"
asymmetric_crash,support_band50,aptc_v1,absolute_error,0.015815560157943116,-0.03129453502024129,0.06625086824268173,7331,5000,"pointwise interval, paired by seed; no multiple-testing claim"
asymmetric_crash,support_band50,aptc_v1,true_es,0.0048977748728618485,-0.009392087309285408,0.01911282028681889,7331,5000,"pointwise interval, paired by seed; no multiple-testing claim"
asymmetric_crash,support_band50,aptc_v1,relative_regret,0.0017266316886231676,-0.0034377284016776357,0.0068977665540722495,7331,5000,"pointwise interval, paired by seed; no multiple-testing claim"
asymmetric_crash,support_band50,historical,relative_error,0.015805420468676862,0.0027350586562330487,0.030457719451833502,7331,5000,"pointwise interval, paired by seed; no multiple-testing claim"
asymmetric_crash,support_band50,historical,absolute_error,0.04665302059709646,0.008749724509397453,0.08976790370434605,7331,5000,"pointwise interval, paired by seed; no multiple-testing claim"
asymmetric_crash,support_band50,historical,true_es,0.012172703147943487,-0.0015763581478006826,0.026730336813059474,7331,5000,"pointwise interval, paired by seed; no multiple-testing claim"
asymmetric_crash,support_band50,historical,relative_regret,0.00443112678930048,-0.0005066663858328689,0.009759379404001628,7331,5000,"pointwise interval, paired by seed; no multiple-testing claim"
asymmetric_crash,support_band50,historical_se_penalty,relative_error,0.021501989468014477,0.007625196073140853,0.03658318796247031,7331,5000,"pointwise interval, paired by seed; no multiple-testing claim"
asymmetric_crash,support_band50,historical_se_penalty,absolute_error,0.06595966592576448,0.025673803631849016,0.11021161320673496,7331,5000,"pointwise interval, paired by seed; no multiple-testing claim"
asymmetric_crash,support_band50,historical_se_penalty,true_es,0.030708772295787494,0.013663887670915921,0.0504307495248747,7331,5000,"pointwise interval, paired by seed; no multiple-testing claim"
asymmetric_crash,support_band50,historical_se_penalty,relative_regret,0.01127853003929714,0.005042087877585397,0.018529353865997186,7331,5000,"pointwise interval, paired by seed; no multiple-testing claim"
asymmetric_crash,support_band50,support_mix50,relative_error,0.01231982268043947,6.1887282746394646e-06,0.026187026639233484,7331,5000,"pointwise interval, paired by seed; no multiple-testing claim"
asymmetric_crash,support_band50,support_mix50,absolute_error,0.035759385671499735,9.157472613405283e-05,0.0761431950339283,7331,5000,"pointwise interval, paired by seed; no multiple-testing claim"
asymmetric_crash,support_band50,support_mix50,true_es,0.006536311398234318,-0.002846244495634297,0.01821586773080956,7331,5000,"pointwise interval, paired by seed; no multiple-testing claim"
asymmetric_crash,support_band50,support_mix50,relative_regret,0.0024278511916887096,-0.0010097470784886581,0.00676616587912435,7331,5000,"pointwise interval, paired by seed; no multiple-testing claim"
asymmetric_crash,support_band50,support_point50,relative_error,-0.029656168080837274,-0.046577905613909044,-0.012567804831977076,7331,5000,"pointwise interval, paired by seed; no multiple-testing claim"
asymmetric_crash,support_band50,support_point50,absolute_error,-0.09134685321952352,-0.1438067594371463,-0.03885467246002244,7331,5000,"pointwise interval, paired by seed; no multiple-testing claim"
asymmetric_crash,support_band50,support_point50,true_es,-0.036781975817360535,-0.06551540820135343,-0.007913248809636822,7331,5000,"pointwise interval, paired by seed; no multiple-testing claim"
asymmetric_crash,support_band50,support_point50,relative_regret,-0.013419208826553859,-0.024039349887681048,-0.0027671767678371885,7331,5000,"pointwise interval, paired by seed; no multiple-testing claim"
asymmetric_crash,support_band50,filtered_support_band50,relative_error,-0.07046086097596113,-0.10031603036585421,-0.04366081507642324,7331,5000,"pointwise interval, paired by seed; no multiple-testing claim"
asymmetric_crash,support_band50,filtered_support_band50,absolute_error,-0.2181923209814899,-0.3061561458921838,-0.13890397181210695,7331,5000,"pointwise interval, paired by seed; no multiple-testing claim"
asymmetric_crash,support_band50,filtered_support_band50,true_es,-0.11649435936822247,-0.1633865237745639,-0.0722208545118989,7331,5000,"pointwise interval, paired by seed; no multiple-testing claim"
asymmetric_crash,support_band50,filtered_support_band50,relative_regret,-0.042885687018969124,-0.06021455073292881,-0.02643909341929561,7331,5000,"pointwise interval, paired by seed; no multiple-testing claim"
gaussian,support_band50,gmm_base,relative_error,-0.02840088367183886,-0.03855721200632963,-0.018761102686095727,7331,5000,"pointwise interval, paired by seed; no multiple-testing claim"
gaussian,support_band50,gmm_base,absolute_error,-0.03174839501530545,-0.043541897219874094,-0.020376447857107738,7331,5000,"pointwise interval, paired by seed; no multiple-testing claim"
gaussian,support_band50,gmm_base,true_es,-0.010775110837259839,-0.01749482159082985,-0.004228473819400434,7331,5000,"pointwise interval, paired by seed; no multiple-testing claim"
gaussian,support_band50,gmm_base,relative_regret,-0.01016027075997072,-0.016377230393796696,-0.004265710083688241,7331,5000,"pointwise interval, paired by seed; no multiple-testing claim"
gaussian,support_band50,gmm_pooled,relative_error,-0.005282739202485164,-0.01268505879007636,0.0020782578294037024,7331,5000,"pointwise interval, paired by seed; no multiple-testing claim"
gaussian,support_band50,gmm_pooled,absolute_error,-0.005684491430663898,-0.014313087715504236,0.0029614211636897736,7331,5000,"pointwise interval, paired by seed; no multiple-testing claim"
gaussian,support_band50,gmm_pooled,true_es,-0.0007363623931919486,-0.007435511912003501,0.005617069298451928,7331,5000,"pointwise interval, paired by seed; no multiple-testing claim"
gaussian,support_band50,gmm_pooled,relative_regret,-0.000830256217908018,-0.006560805854346888,0.004623682820994219,7331,5000,"pointwise interval, paired by seed; no multiple-testing claim"
gaussian,support_band50,aptc_v1,relative_error,0.0008864014914009034,-0.0030815413416507096,0.004728186667863234,7331,5000,"pointwise interval, paired by seed; no multiple-testing claim"
gaussian,support_band50,aptc_v1,absolute_error,0.0015011688200364554,-0.003357313995272195,0.006371160256029418,7331,5000,"pointwise interval, paired by seed; no multiple-testing claim"
gaussian,support_band50,aptc_v1,true_es,-0.0001801727672585532,-0.005083106435384229,0.004537994594475369,7331,5000,"pointwise interval, paired by seed; no multiple-testing claim"
gaussian,support_band50,aptc_v1,relative_regret,-0.0006934661223326922,-0.005149992368461333,0.0034872447737542105,7331,5000,"pointwise interval, paired by seed; no multiple-testing claim"
gaussian,support_band50,historical,relative_error,0.003131055278134256,-0.001745701185624209,0.00787478604622163,7331,5000,"pointwise interval, paired by seed; no multiple-testing claim"
gaussian,support_band50,historical,absolute_error,0.0038418333301092956,-0.0018986849595240484,0.00948830444389661,7331,5000,"pointwise interval, paired by seed; no multiple-testing claim"
gaussian,support_band50,historical,true_es,0.0011446885874734525,-0.0033134059932653044,0.005651125416261434,7331,5000,"pointwise interval, paired by seed; no multiple-testing claim"
gaussian,support_band50,historical,relative_regret,0.0008187586155821214,-0.00324231202325587,0.004932216169273102,7331,5000,"pointwise interval, paired by seed; no multiple-testing claim"
gaussian,support_band50,historical_se_penalty,relative_error,0.002718425822924856,-0.0018584940103223654,0.007254020622086497,7331,5000,"pointwise interval, paired by seed; no multiple-testing claim"
gaussian,support_band50,historical_se_penalty,absolute_error,0.0033506312999925527,-0.002037276495576659,0.008687242021340367,7331,5000,"pointwise interval, paired by seed; no multiple-testing claim"
gaussian,support_band50,historical_se_penalty,true_es,0.0003933720164271959,-0.004008566061510979,0.00487700745914447,7331,5000,"pointwise interval, paired by seed; no multiple-testing claim"
gaussian,support_band50,historical_se_penalty,relative_regret,0.0001620623606641086,-0.0038163977949809847,0.004156425677019506,7331,5000,"pointwise interval, paired by seed; no multiple-testing claim"
gaussian,support_band50,support_mix50,relative_error,-3.3582654771014632e-06,-1.0074796431347825e-05,2.966756614680705e-17,7331,5000,"pointwise interval, paired by seed; no multiple-testing claim"
gaussian,support_band50,support_mix50,absolute_error,-4.278313484937235e-06,-1.2834940454861666e-05,3.3341385208273725e-17,7331,5000,"pointwise interval, paired by seed; no multiple-testing claim"
gaussian,support_band50,support_mix50,true_es,0.0,0.0,0.0,7331,5000,"pointwise interval, paired by seed; no multiple-testing claim"
gaussian,support_band50,support_mix50,relative_regret,0.0,0.0,0.0,7331,5000,"pointwise interval, paired by seed; no multiple-testing claim"
gaussian,support_band50,support_point50,relative_error,-0.026142198364916457,-0.0366961662062358,-0.015853631418433486,7331,5000,"pointwise interval, paired by seed; no multiple-testing claim"
gaussian,support_band50,support_point50,absolute_error,-0.031196830379458147,-0.04356443385226925,-0.019214195253075925,7331,5000,"pointwise interval, paired by seed; no multiple-testing claim"
gaussian,support_band50,support_point50,true_es,-0.007169595879620803,-0.01351469388721337,-0.0011552838495433998,7331,5000,"pointwise interval, paired by seed; no multiple-testing claim"
gaussian,support_band50,support_point50,relative_regret,-0.0067358716291112146,-0.012522722573346301,-0.00132733008484736,7331,5000,"pointwise interval, paired by seed; no multiple-testing claim"
gaussian,support_band50,filtered_support_band50,relative_error,-0.02742539797742672,-0.038155583509421845,-0.01624054946457003,7331,5000,"pointwise interval, paired by seed; no multiple-testing claim"
gaussian,support_band50,filtered_support_band50,absolute_error,-0.0319065813072338,-0.044971089438905036,-0.018657494861872365,7331,5000,"pointwise interval, paired by seed; no multiple-testing claim"
gaussian,support_band50,filtered_support_band50,true_es,-0.020722767210431956,-0.02885429457776354,-0.0125012759882429,7331,5000,"pointwise interval, paired by seed; no multiple-testing claim"
gaussian,support_band50,filtered_support_band50,relative_regret,-0.019526083520123135,-0.02701106026206755,-0.012061909488485597,7331,5000,"pointwise interval, paired by seed; no multiple-testing claim"
markov_volatility,support_band50,gmm_base,relative_error,0.0027135066066269918,-0.051895426320872184,0.053718843278910425,7331,5000,"pointwise interval, paired by seed; no multiple-testing claim"
markov_volatility,support_band50,gmm_base,absolute_error,-0.01790745977488799,-0.08872106854694445,0.047307449963379114,7331,5000,"pointwise interval, paired by seed; no multiple-testing claim"
markov_volatility,support_band50,gmm_base,true_es,-0.038554640999416204,-0.05968925463247513,-0.01977498224044545,7331,5000,"pointwise interval, paired by seed; no multiple-testing claim"
markov_volatility,support_band50,gmm_base,relative_regret,-0.028936779280097802,-0.044678888805406,-0.014597062589845044,7331,5000,"pointwise interval, paired by seed; no multiple-testing claim"
markov_volatility,support_band50,gmm_pooled,relative_error,-0.01604268945335773,-0.04373560664813561,0.009278669618853657,7331,5000,"pointwise interval, paired by seed; no multiple-testing claim"
markov_volatility,support_band50,gmm_pooled,absolute_error,-0.025891212701455148,-0.06027406872431821,0.0054455779867855336,7331,5000,"pointwise interval, paired by seed; no multiple-testing claim"
markov_volatility,support_band50,gmm_pooled,true_es,-0.01720183895577371,-0.03107666293326646,-0.004464041709187457,7331,5000,"pointwise interval, paired by seed; no multiple-testing claim"
markov_volatility,support_band50,gmm_pooled,relative_regret,-0.014107855365201451,-0.025470309193952954,-0.0036198190615446993,7331,5000,"pointwise interval, paired by seed; no multiple-testing claim"
markov_volatility,support_band50,aptc_v1,relative_error,0.01045981200166779,-0.02173270751587038,0.042317793404173944,7331,5000,"pointwise interval, paired by seed; no multiple-testing claim"
markov_volatility,support_band50,aptc_v1,absolute_error,0.008629363747179333,-0.03145723503228453,0.04902163591145113,7331,5000,"pointwise interval, paired by seed; no multiple-testing claim"
markov_volatility,support_band50,aptc_v1,true_es,-0.009700983032258418,-0.01915212034966651,-0.0005652845138596186,7331,5000,"pointwise interval, paired by seed; no multiple-testing claim"
markov_volatility,support_band50,aptc_v1,relative_regret,-0.007592387779353438,-0.01571304185501755,0.00030181334675592454,7331,5000,"pointwise interval, paired by seed; no multiple-testing claim"
markov_volatility,support_band50,historical,relative_error,-0.011698942601595635,-0.03361547193363505,0.008002312135846098,7331,5000,"pointwise interval, paired by seed; no multiple-testing claim"
markov_volatility,support_band50,historical,absolute_error,-0.012755849095346161,-0.039907887311386774,0.011060721721617322,7331,5000,"pointwise interval, paired by seed; no multiple-testing claim"
markov_volatility,support_band50,historical,true_es,-0.00018074568367562605,-0.008516511494067031,0.008160856808812348,7331,5000,"pointwise interval, paired by seed; no multiple-testing claim"
markov_volatility,support_band50,historical,relative_regret,0.0007344041445243559,-0.005810246659794798,0.007744785287842914,7331,5000,"pointwise interval, paired by seed; no multiple-testing claim"
markov_volatility,support_band50,historical_se_penalty,relative_error,0.0007469007688225927,-0.022197632706393987,0.021824767938238072,7331,5000,"pointwise interval, paired by seed; no multiple-testing claim"
markov_volatility,support_band50,historical_se_penalty,absolute_error,-0.0032279843787506356,-0.03070004840314633,0.02106470983654056,7331,5000,"pointwise interval, paired by seed; no multiple-testing claim"
markov_volatility,support_band50,historical_se_penalty,true_es,-0.012962832900654942,-0.024274655581500257,-0.0025893685916524296,7331,5000,"pointwise interval, paired by seed; no multiple-testing claim"
markov_volatility,support_band50,historical_se_penalty,relative_regret,-0.01038596185390229,-0.02019004168198673,-0.0015681492954137308,7331,5000,"pointwise interval, paired by seed; no multiple-testing claim"
markov_volatility,support_band50,support_mix50,relative_error,-0.01719666212327871,-0.04021891064688239,0.00044255892954138263,7331,5000,"pointwise interval, paired by seed; no multiple-testing claim"
markov_volatility,support_band50,support_mix50,absolute_error,-0.022274892505643212,-0.05162565778761632,0.0007151930018577836,7331,5000,"pointwise interval, paired by seed; no multiple-testing claim"
markov_volatility,support_band50,support_mix50,true_es,-0.0004952856372237857,-0.002457462852784589,0.0013493832870919071,7331,5000,"pointwise interval, paired by seed; no multiple-testing claim"
markov_volatility,support_band50,support_mix50,relative_regret,-0.0004199221320444646,-0.00208262086975049,0.0011337227025217055,7331,5000,"pointwise interval, paired by seed; no multiple-testing claim"
markov_volatility,support_band50,support_point50,relative_error,0.006226616683514994,-0.023748319869936058,0.034749749931663534,7331,5000,"pointwise interval, paired by seed; no multiple-testing claim"
markov_volatility,support_band50,support_point50,absolute_error,0.008233560253463777,-0.02965296017830895,0.04486579825099293,7331,5000,"pointwise interval, paired by seed; no multiple-testing claim"
markov_volatility,support_band50,support_point50,true_es,-0.01785015797714214,-0.030860161546745722,-0.004401072794018096,7331,5000,"pointwise interval, paired by seed; no multiple-testing claim"
markov_volatility,support_band50,support_point50,relative_regret,-0.014363147439959544,-0.02532262919589554,-0.0030869507395492367,7331,5000,"pointwise interval, paired by seed; no multiple-testing claim"
markov_volatility,support_band50,filtered_support_band50,relative_error,0.023690048218739747,-0.04383786827998947,0.08745645584342501,7331,5000,"pointwise interval, paired by seed; no multiple-testing claim"
markov_volatility,support_band50,filtered_support_band50,absolute_error,0.018379853350052287,-0.07416847747016567,0.1050951667987131,7331,5000,"pointwise interval, paired by seed; no multiple-testing claim"
markov_volatility,support_band50,filtered_support_band50,true_es,-0.03551072554156646,-0.07246210565646236,-0.006068415906627846,7331,5000,"pointwise interval, paired by seed; no multiple-testing claim"
markov_volatility,support_band50,filtered_support_band50,relative_regret,-0.014998473141961437,-0.031166628535506617,0.000725347634393562,7331,5000,"pointwise interval, paired by seed; no multiple-testing claim"
student_t4,support_band50,gmm_base,relative_error,-0.04149830861292013,-0.0619956569351204,-0.021032674673621805,7331,5000,"pointwise interval, paired by seed; no multiple-testing claim"
student_t4,support_band50,gmm_base,absolute_error,-0.05553832080998734,-0.08148893334448742,-0.029273756890801812,7331,5000,"pointwise interval, paired by seed; no multiple-testing claim"
student_t4,support_band50,gmm_base,true_es,-0.02583632990461455,-0.044027595157651755,-0.009692131915303442,7331,5000,"pointwise interval, paired by seed; no multiple-testing claim"
student_t4,support_band50,gmm_base,relative_regret,-0.021319843619061047,-0.03533851026103441,-0.008428421376381485,7331,5000,"pointwise interval, paired by seed; no multiple-testing claim"
student_t4,support_band50,gmm_pooled,relative_error,-0.009280229591907144,-0.02313947495630041,0.0038712262358414212,7331,5000,"pointwise interval, paired by seed; no multiple-testing claim"
student_t4,support_band50,gmm_pooled,absolute_error,-0.012293162496964912,-0.03113138966215214,0.005512274261295285,7331,5000,"pointwise interval, paired by seed; no multiple-testing claim"
student_t4,support_band50,gmm_pooled,true_es,-0.001346383747519883,-0.011464170277391321,0.00853360227969751,7331,5000,"pointwise interval, paired by seed; no multiple-testing claim"
student_t4,support_band50,gmm_pooled,relative_regret,-0.0015160713811409043,-0.009642462318321,0.006513206702674031,7331,5000,"pointwise interval, paired by seed; no multiple-testing claim"
student_t4,support_band50,aptc_v1,relative_error,0.005033988665798031,-0.0025152336293494063,0.012723401466126728,7331,5000,"pointwise interval, paired by seed; no multiple-testing claim"
student_t4,support_band50,aptc_v1,absolute_error,0.006136168406476045,-0.0038384684511383626,0.01614776329626873,7331,5000,"pointwise interval, paired by seed; no multiple-testing claim"
student_t4,support_band50,aptc_v1,true_es,-0.0012303813342021048,-0.010178764373208232,0.007596385415451558,7331,5000,"pointwise interval, paired by seed; no multiple-testing claim"
student_t4,support_band50,aptc_v1,relative_regret,-0.0015081726313198984,-0.009053462267618516,0.005935868810839796,7331,5000,"pointwise interval, paired by seed; no multiple-testing claim"
student_t4,support_band50,historical,relative_error,0.007369112910372578,-0.0005279485684679693,0.014927269985500258,7331,5000,"pointwise interval, paired by seed; no multiple-testing claim"
student_t4,support_band50,historical,absolute_error,0.010055040986432142,-0.00025403037600490286,0.020154697980060282,7331,5000,"pointwise interval, paired by seed; no multiple-testing claim"
student_t4,support_band50,historical,true_es,0.0015174940578147112,-0.007316157328955948,0.011053140038001,7331,5000,"pointwise interval, paired by seed; no multiple-testing claim"
student_t4,support_band50,historical,relative_regret,0.0015456110971608845,-0.0059108411683331105,0.009900195507462153,7331,5000,"pointwise interval, paired by seed; no multiple-testing claim"
student_t4,support_band50,historical_se_penalty,relative_error,0.0034999286925954205,-0.005588067110748252,0.012219697770178815,7331,5000,"pointwise interval, paired by seed; no multiple-testing claim"
student_t4,support_band50,historical_se_penalty,absolute_error,0.003732679225215356,-0.008763123913582053,0.015648815670920913,7331,5000,"pointwise interval, paired by seed; no multiple-testing claim"
student_t4,support_band50,historical_se_penalty,true_es,-0.01023254657001454,-0.020505521272130695,-0.0003049852731547443,7331,5000,"pointwise interval, paired by seed; no multiple-testing claim"
student_t4,support_band50,historical_se_penalty,relative_regret,-0.009115393293248156,-0.018059330620467107,-0.00047100377306058967,7331,5000,"pointwise interval, paired by seed; no multiple-testing claim"
student_t4,support_band50,support_mix50,relative_error,0.0020589582097552267,-0.0022408530560784055,0.005894558552313851,7331,5000,"pointwise interval, paired by seed; no multiple-testing claim"
student_t4,support_band50,support_mix50,absolute_error,0.002489779969695763,-0.0030024001346313765,0.007442281837595321,7331,5000,"pointwise interval, paired by seed; no multiple-testing claim"
student_t4,support_band50,support_mix50,true_es,-0.0009605530121016892,-0.0036114420279976024,0.0011085938104626824,7331,5000,"pointwise interval, paired by seed; no multiple-testing claim"
student_t4,support_band50,support_mix50,relative_regret,-0.0008175209580218556,-0.0029133201848101364,0.0008471879679996019,7331,5000,"pointwise interval, paired by seed; no multiple-testing claim"
student_t4,support_band50,support_point50,relative_error,-0.035941389373322155,-0.05338355330112605,-0.018472470032617695,7331,5000,"pointwise interval, paired by seed; no multiple-testing claim"
student_t4,support_band50,support_point50,absolute_error,-0.04701591521268502,-0.06956419539230253,-0.024614454277409485,7331,5000,"pointwise interval, paired by seed; no multiple-testing claim"
student_t4,support_band50,support_point50,true_es,-0.012549990475875888,-0.024111744496403326,-0.0004266336496888371,7331,5000,"pointwise interval, paired by seed; no multiple-testing claim"
student_t4,support_band50,support_point50,relative_regret,-0.009956868624409147,-0.019922035790548923,0.0005239338335539063,7331,5000,"pointwise interval, paired by seed; no multiple-testing claim"
student_t4,support_band50,filtered_support_band50,relative_error,-0.03249500618989465,-0.053374705647033095,-0.011037431842450178,7331,5000,"pointwise interval, paired by seed; no multiple-testing claim"
student_t4,support_band50,filtered_support_band50,absolute_error,-0.04328402226181558,-0.07068858930265308,-0.015589338566993885,7331,5000,"pointwise interval, paired by seed; no multiple-testing claim"
student_t4,support_band50,filtered_support_band50,true_es,-0.03483463230743174,-0.052812118079355035,-0.017688819178968987,7331,5000,"pointwise interval, paired by seed; no multiple-testing claim"
student_t4,support_band50,filtered_support_band50,relative_regret,-0.027390951969768918,-0.04159310943655611,-0.013626836278626316,7331,5000,"pointwise interval, paired by seed; no multiple-testing claim"
equal_family_mean,support_band50,gmm_base,relative_error,-0.03138465957802448,-0.047630646675035804,-0.016254089984449042,7331,5000,"pointwise interval, paired by seed; no multiple-testing claim"
equal_family_mean,support_band50,gmm_base,absolute_error,-0.07021076015535282,-0.10098863154267125,-0.042576319446874684,7331,5000,"pointwise interval, paired by seed; no multiple-testing claim"
equal_family_mean,support_band50,gmm_base,true_es,-0.026721407110617275,-0.03760576378125199,-0.016618550609748897,7331,5000,"pointwise interval, paired by seed; no multiple-testing claim"
equal_family_mean,support_band50,gmm_base,relative_regret,-0.018010024219123566,-0.02428621497437101,-0.012120142730171255,7331,5000,"pointwise interval, paired by seed; no multiple-testing claim"
equal_family_mean,support_band50,gmm_pooled,relative_error,-0.004224848454597164,-0.01242175271805825,0.0031264434405183267,7331,5000,"pointwise interval, paired by seed; no multiple-testing claim"
equal_family_mean,support_band50,gmm_pooled,absolute_error,-0.0001348078896975538,-0.013987292995935105,0.013447017038604913,7331,5000,"pointwise interval, paired by seed; no multiple-testing claim"
equal_family_mean,support_band50,gmm_pooled,true_es,-0.0004078682858217709,-0.006903117280076292,0.006125906212708055,7331,5000,"pointwise interval, paired by seed; no multiple-testing claim"
equal_family_mean,support_band50,gmm_pooled,relative_regret,-0.0025126826727186946,-0.0065658257808885465,0.0013860667651731376,7331,5000,"pointwise interval, paired by seed; no multiple-testing claim"
equal_family_mean,support_band50,aptc_v1,relative_error,0.005465505037926277,-0.004330898519178619,0.014774761002805612,7331,5000,"pointwise interval, paired by seed; no multiple-testing claim"
equal_family_mean,support_band50,aptc_v1,absolute_error,0.008020565282908737,-0.008844204582075105,0.0245448361932988,7331,5000,"pointwise interval, paired by seed; no multiple-testing claim"
equal_family_mean,support_band50,aptc_v1,true_es,-0.0015534405652143067,-0.006994748452704518,0.003860989437231469,7331,5000,"pointwise interval, paired by seed; no multiple-testing claim"
equal_family_mean,support_band50,aptc_v1,relative_regret,-0.002016848711095715,-0.005422198331683086,0.0013204562819099494,7331,5000,"pointwise interval, paired by seed; no multiple-testing claim"
equal_family_mean,support_band50,historical,relative_error,0.003651661513897015,-0.003224455189685024,0.009897798084991671,7331,5000,"pointwise interval, paired by seed; no multiple-testing claim"
equal_family_mean,support_band50,historical,absolute_error,0.011948511454572935,-0.00011030802117007398,0.023951993394664105,7331,5000,"pointwise interval, paired by seed; no multiple-testing claim"
equal_family_mean,support_band50,historical,true_es,0.003663535027389006,-0.0012798737056153246,0.008884048456190506,7331,5000,"pointwise interval, paired by seed; no multiple-testing claim"
equal_family_mean,support_band50,historical,relative_regret,0.0018824751616419604,-0.0012221557601108887,0.005148850622832253,7331,5000,"pointwise interval, paired by seed; no multiple-testing claim"
equal_family_mean,support_band50,historical_se_penalty,relative_error,0.0071168111880893364,-0.0004112067958669786,0.013855876584402302,7331,5000,"pointwise interval, paired by seed; no multiple-testing claim"
equal_family_mean,support_band50,historical_se_penalty,absolute_error,0.017453748018055437,0.0048382773425742305,0.030049197812111503,7331,5000,"pointwise interval, paired by seed; no multiple-testing claim"
equal_family_mean,support_band50,historical_se_penalty,true_es,0.0019766912103863026,-0.003591516825077927,0.0077871692055449795,7331,5000,"pointwise interval, paired by seed; no multiple-testing claim"
equal_family_mean,support_band50,historical_se_penalty,relative_regret,-0.0020151906867972988,-0.005598583272452615,0.0015186023789545222,7331,5000,"pointwise interval, paired by seed; no multiple-testing claim"
equal_family_mean,support_band50,support_mix50,relative_error,-0.0007053098746402791,-0.007247848393434288,0.005028705067260247,7331,5000,"pointwise interval, paired by seed; no multiple-testing claim"
equal_family_mean,support_band50,support_mix50,absolute_error,0.003992498705516838,-0.007499558297447108,0.015605207698423404,7331,5000,"pointwise interval, paired by seed; no multiple-testing claim"
equal_family_mean,support_band50,support_mix50,true_es,0.0012701181872272107,-0.0012464176183373938,0.004266672808278578,7331,5000,"pointwise interval, paired by seed; no multiple-testing claim"
equal_family_mean,support_band50,support_mix50,relative_regret,0.00029760202540559733,-0.0008392446659002409,0.0015430480051310752,7331,5000,"pointwise interval, paired by seed; no multiple-testing claim"
equal_family_mean,support_band50,support_point50,relative_error,-0.021378284783890224,-0.030820276865520458,-0.01168017349435774,7331,5000,"pointwise interval, paired by seed; no multiple-testing claim"
equal_family_mean,support_band50,support_point50,absolute_error,-0.040331509639550726,-0.05728556873389613,-0.023351861075345245,7331,5000,"pointwise interval, paired by seed; no multiple-testing claim"
equal_family_mean,support_band50,support_point50,true_es,-0.018587930037499843,-0.02722224845518947,-0.009935232686238164,7331,5000,"pointwise interval, paired by seed; no multiple-testing claim"
equal_family_mean,support_band50,support_point50,relative_regret,-0.011118774130008441,-0.015860170588019452,-0.006317676308211033,7331,5000,"pointwise interval, paired by seed; no multiple-testing claim"
equal_family_mean,support_band50,filtered_support_band50,relative_error,-0.02667280423113568,-0.045683642576997995,-0.007887822064071756,7331,5000,"pointwise interval, paired by seed; no multiple-testing claim"
equal_family_mean,support_band50,filtered_support_band50,absolute_error,-0.06875076780012175,-0.10076324442720501,-0.03746147721459145,7331,5000,"pointwise interval, paired by seed; no multiple-testing claim"
equal_family_mean,support_band50,filtered_support_band50,true_es,-0.05189062110691316,-0.06618748131077422,-0.038003486739525305,7331,5000,"pointwise interval, paired by seed; no multiple-testing claim"
equal_family_mean,support_band50,filtered_support_band50,relative_regret,-0.026200298912705654,-0.03262938583680806,-0.019700430524484225,7331,5000,"pointwise interval, paired by seed; no multiple-testing claim"
