claim_id,section,claim_kind,claim_text_sha256,evidence_ids,verification_status,uncertainty,analysis_intent
C024,Draft status,factual,ef59f7cd41342f49ab13186c7b32d61a9dd2651488482b1b5bd9361f40b33091,E110,unverified,not_estimated,not_applicable
C001,Abstract,factual,5aed7ec848ad9a63e1f9aafa9d3043826d1005e401332dcf18238fd4c353222a,E101;E102;E103;E104;E110,unverified,not_estimated,not_applicable
C002,1. Problem and relation to prior work,factual,bc2c3b8415ff03cc39a0ae1b6d943d9d2f798376f9352a3e0ed6e978e442623f,E002,unverified,not_estimated,not_applicable
C003,1. Problem and relation to prior work,factual,571758b5f01cc4672d8cb828e52cecd171be3808243fd5d67db95a99319926af,E003;E004,unverified,not_estimated,not_applicable
C004,1. Problem and relation to prior work,factual,f46b5d4dae6472c1b7cbd475ccc0708b742ba8975f129a2f6aece23c4a98febe,E001;E005;E006;E007;E011;E012,unverified,not_estimated,not_applicable
C005,1. Problem and relation to prior work,factual,424cc68fa9d74ca2788af012889f67e9719062d8dac71d391bbcb0495d9938f6,E008;E009;E101,unverified,not_estimated,not_applicable
C006,1. Problem and relation to prior work,factual,36e80a2dc7717775dd9ae43ed93ef0decbfe3e4931c80c0d294f48fe32866e44,E010;E013;E110,unverified,not_estimated,not_applicable
C007,2. Sparse-witness geometry,factual,5d7cefbb0cf5dd20da093f2212dfa746dd1b5dc69ca33a612fdc8cf9132766cc,E101;E102,unverified,not_estimated,not_applicable
C008,2. Sparse-witness geometry,factual,078f78799f38227d1b8573d2c9a447137bc7c26c832062dae997dab3b1c66616,E101,unverified,not_estimated,not_applicable
C009,2. Sparse-witness geometry,factual,cfec4894f31df21bf9a83205985e303237ff81fa7d0ba39289eceea5c91fe123,E101,unverified,not_estimated,not_applicable
C010,2. Sparse-witness geometry,factual,88ed64fe35aeaa66e358e6edcd0f6befaaec17840f55a4f34d68a141becf84d1,E101,unverified,not_estimated,not_applicable
C011,2. Sparse-witness geometry,factual,c3cd7106481abe6d25a541196107ea48a6b39eb2d930c0cde04ca81f42179699,E101;E104,unverified,not_estimated,not_applicable
C027,2. Sparse-witness geometry,method,d55136cb75894fc45de7bf6a963d35df4e5f1126c38c42140cdaad8d38ceb67e,E101;E108,unverified,not_estimated,exploratory
C025,2. Sparse-witness geometry,factual,97367efc81ae7f3d00766df59dc7595266ddaba75cc9b45bdcc372c34e38b2fe,E104;E106,unverified,not_estimated,not_applicable
C012,2. Sparse-witness geometry,factual,5214224cd2d29bae046e6615af18eab6febffe5636617132f1e9a75f92118404,E101;E104;E106,unverified,not_estimated,not_applicable
C013,3. Finite-support evaluator and controls,factual,06cadb6f2eb32b60c927b4972be1a41d315973fd9a8090439c2ad58112392ec1,E101;E102,unverified,not_estimated,not_applicable
C014,3. Finite-support evaluator and controls,factual,ef6b3812ef9006b1b6365b794c8ed2e14d16108bf29f7714e4b01c5e15287b3c,E101;E102,unverified,not_estimated,not_applicable
C015,3. Finite-support evaluator and controls,factual,da19a81dc714c90c0583d67f7e3885f7ea4cce08436059a5e5e09b4f0781b648,E102,unverified,not_estimated,not_applicable
C016,4. Results,result,c6079d187d2cc80ece84de670cca28990b3ddd4b6595700feb6f605f0260541a,E103;E105,unverified,not_estimated,descriptive
C017,4. Results,result,fabe15768ace309b783de67bc130b789ebceaf927615d4a45a19a3331ed4de33,E106,unverified,not_estimated,descriptive
C026,4. Results,result,fc102a3a30cab547df0aaef2e1291c1e76acbcea9f75ef77893a9edefcb0c22a,E106,unverified,not_estimated,descriptive
C018,4. Results,result,83b065e93d6d72e2acbbddbcf80c848916786d2a44e9655f58203a4f5f0f7127,E106,unverified,not_estimated,descriptive
C019,4. Results,result,818675ed3776757fdccde968d748d1a38f394e4ab629832f7723b7e09860709a,E104,unverified,not_estimated,descriptive
C028,4. Results,result,231951f4712929c241731b5e710de057dc8d7aa6b24c06737bf9f87b1482d614,E108,unverified,not_estimated,exploratory
C020,5. Interpretation and limits,factual,105807fc17b2e78009783bc1f937de0a153c739ee9f7ae89b4e639be413d8e04,E101;E110,unverified,not_estimated,not_applicable
C021,5. Interpretation and limits,factual,d39b18602ea732fb549152e65267839751022a6cd2dd8fa2b5a49fb0851a008e,E101;E102;E103;E106,unverified,not_estimated,not_applicable
C022,5. Interpretation and limits,factual,4d413e3f93e38108f52c3616513862bc81197de5695ec7d2657e73cf852f70c6,E107;E102,unverified,not_estimated,not_applicable
C023,Reproducibility and draft status,factual,404a02c6d83be3fddc922d7a7a2a71342606b67ac442714707cb65a908dec79d,E101;E102;E103;E104;E105;E106;E108;E110,unverified,not_estimated,not_applicable
