family,seed,seconds,returns_sha256,weights_sha256,case_sha256
gaussian,4000,0.0047918749041855335,5fe5e77ef7f88d2a0c3ee61aa88d79e27e27669abc72ab1553286393fd076a84,14eddb931a63d511df38d088aa198fa117dfd3e464f83132865603c584d31622,f4bf51d0f937d5f64db2e101208a5fb1d19ad57287d402dc8a325b7fcdadab3c
asymmetric_crash,4000,0.0032306669745594263,cecd842ab53d8440bc2742cd9c2826ad68d58d3e3ade6149092890a91ebe1ae9,14eddb931a63d511df38d088aa198fa117dfd3e464f83132865603c584d31622,04f32592df1137b4d6e55319af4cd86d03a439f2f5af8c54c4eb2e0c025a2281
student_t4,4000,0.003105084178969264,db3c9dd8e210bb54466e07174c9ddd8cabb8205110547cd6e97d2fdd8edf0e61,14eddb931a63d511df38d088aa198fa117dfd3e464f83132865603c584d31622,b85355f77fc58248400399e09c1c1741b0e911d54e5f15ca17399c8f8fa1acb2
markov_volatility,4000,0.0033084580209106207,9ed230bf2719e149e1270484e3b0603c92e9631fb2bc9899a2af2ebcee18b47c,14eddb931a63d511df38d088aa198fa117dfd3e464f83132865603c584d31622,f5d606e5c8fad621b6443435b7df3b51414d1c4da80ba7d172e5e016762d23ed
gaussian,4001,0.0031405410263687372,5139a2e52aed45ce2bb4be40a19a51e47296ed8993b1a97417a8037283e1bc9a,2a4f94376ccf52d246d2994f9f08a69896f486802c89a60ff6f03c4b56e97079,d709af84204f6551604ba4ab859b3f1602ae5b7ced8cc44dcad7abe378e1a087
asymmetric_crash,4001,0.003246875014156103,fcab5ba4a3785553ef1d5202811ab9be48f72679364f50ebe060cf0eeeec3d50,2a4f94376ccf52d246d2994f9f08a69896f486802c89a60ff6f03c4b56e97079,fa094de8341a6ce3335be579a7983286a718d338e8124885f0eeb994ad16ad42
student_t4,4001,0.0032105830032378435,7fb4bb99a818bc68c3c248c2ab492f7e83c46c29a0684d948c67ccf0dc567e77,2a4f94376ccf52d246d2994f9f08a69896f486802c89a60ff6f03c4b56e97079,8626af4263ac3d76ce3a5eeb17dcd0fe89a13102c4c25b36df9514e7646a2318
markov_volatility,4001,0.0031642920803278685,881e11ca226aa11854372b405a010a33e87eab924dc90d6b3e30c4e38999d70f,2a4f94376ccf52d246d2994f9f08a69896f486802c89a60ff6f03c4b56e97079,1b08ebe043c7abbe335c921809ff75802daf91f1c5c9b3c6d43eabdfd4b985f0
gaussian,4002,0.003186332993209362,8cdcd76837c11a3765f208dae75403adca396787aa575edeb551f7a518e8e593,35b122f232904d09481f1d6654f1f8dda88c5f7780df147cca169d5b022b17ac,ed0d0cbae4571eee07cd9d40470a1d49d1fac6f29898071c53798045cf4aa6d5
asymmetric_crash,4002,0.0032713748514652252,809239bf1c747f2eab7d4f1d77032fe730edeb901caa46e58487e7e8995c68f1,35b122f232904d09481f1d6654f1f8dda88c5f7780df147cca169d5b022b17ac,f9b95af4c8ad8d7808eec6aca30bf7dae14147340ebd62a5ffa0f1bda74afebc
student_t4,4002,0.0030822500120848417,5126d9150507c4aa412aac06cbd28f225f1c07b7d8bfec40e6defb2827e60f7b,35b122f232904d09481f1d6654f1f8dda88c5f7780df147cca169d5b022b17ac,84b7f354ecbfd0d9f742ea8122a91e5e7408fe8e1f354c2fb5c41a2e9215ab00
markov_volatility,4002,0.003077375004068017,06a4834989a96e2520868e942d2291d80b3942393c3d2e753e162b160e58b928,35b122f232904d09481f1d6654f1f8dda88c5f7780df147cca169d5b022b17ac,41453643d5a6e306fa509e3c575b9e0b4cfece1bea0348a88f3f05163cc3da82
gaussian,4003,0.0032794158905744553,84af1b046a71a83d9b616cecb85d1b4b6c6a9dd1ec6c8c9d7092b44297450f2f,60d6f612e098252a33da1e7ab1f889dacea3460054b11e28f3800ff6519a56a5,142048d91e9210fd0aa038f10e96f5444e5a933007ca2eda110b54b54f8b981b
asymmetric_crash,4003,0.0033307080157101154,f6bb0724480efc0891ed722c12f3d0f588ffd1c7c69d0f422503b5dc6f0dbea2,60d6f612e098252a33da1e7ab1f889dacea3460054b11e28f3800ff6519a56a5,97678547fa8b363717614d52c8b3439537b3f12626e77f6a7b8c0945c646c036
student_t4,4003,0.003326250007376075,de71852a9ed6316a72d7ad374f4084418bd0e25306b1ec362f3b4e09cb9e7693,60d6f612e098252a33da1e7ab1f889dacea3460054b11e28f3800ff6519a56a5,e006ac33b9270644aed8dc7e81c6c8447328f7613fff81c47932e37fe6efe80a
markov_volatility,4003,0.003529209177941084,162e0a5755323181aa1f7966d3e37fcaa56e6e7bf7ad8e64ca54b724efffc977,60d6f612e098252a33da1e7ab1f889dacea3460054b11e28f3800ff6519a56a5,479fc6c20a45a298fdce63576590c10b66e5a7e742d13b281e07ecacc9e4565f
gaussian,4004,0.003301749937236309,327013b4bf3d94f24ee6758a0589adf54b407ced39fc5ab9e2778c82a96f6bfb,08efd8cd4e263067b944775e301a2cb0ffc92999a92af44f07c5d9771ca1be6d,6d7a427f67d97e8bb4342d331266129cc91a2a546e2c9fa1337003941dbe09c6
asymmetric_crash,4004,0.0032629170455038548,c5f549755504fbcba6e1c69349d8ff37521ad10e2854a48c958c0afafdb4104c,08efd8cd4e263067b944775e301a2cb0ffc92999a92af44f07c5d9771ca1be6d,4f6e930a8cca2ba76f205d81cd4a6d6ef9cc1ec13eef1f0df0e92a1fc1975716
student_t4,4004,0.0036706659011542797,cb027cfeb236ceef39dee120da4bb82b0c8d58fcca9ea929127356deea42e230,08efd8cd4e263067b944775e301a2cb0ffc92999a92af44f07c5d9771ca1be6d,4699ce130a93fd9261769729d02ce6a816b6b781efe2bddafc18d08d3ecf5999
markov_volatility,4004,0.0031675000209361315,63376bb3c33f08309300176993c36f4bb1ba6eb447bcfb0968843eead2af307f,08efd8cd4e263067b944775e301a2cb0ffc92999a92af44f07c5d9771ca1be6d,3b57a1e7a99cfcc0619c301453215ebdc71af2a0fb76ca5f17296e09f3d1c5a5
gaussian,4005,0.003090666839852929,643a868d6218da0a34c0cf9894a0ba901f99999f0fc9633defa1543409493ef2,c69d4d5e8e88ef665bcd3a6cb83912c9ccf4aef5bda6d0573c06e45b7570b867,e142dbf2f55d8815e0f928e590854641ddbd9e14435796d481ff23419caeb56c
asymmetric_crash,4005,0.0034003339242190123,acc38eac50bd6b03d73f95aca5d8b5b2bddc89519ab49463e1c2c1a2b90619d3,c69d4d5e8e88ef665bcd3a6cb83912c9ccf4aef5bda6d0573c06e45b7570b867,21ac9f7a4d455bbd3bebb704f3571c750aa182211dbd855bc5a5b551c39424b5
student_t4,4005,0.003225084161385894,b77e782843e0d19577ccaa77229f1bb5d17eb5eac152d398cfe311edc2fb278f,c69d4d5e8e88ef665bcd3a6cb83912c9ccf4aef5bda6d0573c06e45b7570b867,66e93e0d845d02dff3ebb9a5c8b22cc34b63914b0e2b53cf9528c18d6ac23b09
markov_volatility,4005,0.0031366669572889805,938740d95721ae67ce7762870d5e81bfa1a431184e1848c0ee1f66a6390116d5,c69d4d5e8e88ef665bcd3a6cb83912c9ccf4aef5bda6d0573c06e45b7570b867,13b4d2f5fe86fd134b0aad63b17bd620fd19266522d5b92f9e0a72c6c39a2605
gaussian,4006,0.0033724999520927668,698de001577c94ca405fc9fa35361f02251c1eb2239a77746051075459ff9b24,23e1cb565ba3b5f53ba8d52609e2a0cae8062beef5f544498202aeab596a47ce,519e559ef7dc98215ccc62bd0ebe712426810250d80e907c0be92a5276b9544c
asymmetric_crash,4006,0.003260625060647726,e5ff202ed424addd8df7e47637b4bacf4aa0aadb272cf175cf6f70ee0f4aaae8,23e1cb565ba3b5f53ba8d52609e2a0cae8062beef5f544498202aeab596a47ce,2f0949aad345aa141acad8c3387b86b8040e93e660f4f4dcf983bcae5681b90f
student_t4,4006,0.0031966669484972954,4e17fef042e8862e4ac59709dab17ec6123c22da0259ff051c8417069e356ec8,23e1cb565ba3b5f53ba8d52609e2a0cae8062beef5f544498202aeab596a47ce,d70c627cfe9f8104ebd0ccada3631233d51d5bdc0d01331dab5c1f3f80f8a280
markov_volatility,4006,0.003302207915112376,2232e0ba99ac49ec017059aaebd8753a264c32eb0a0260e46e780f04180caa7d,23e1cb565ba3b5f53ba8d52609e2a0cae8062beef5f544498202aeab596a47ce,2bc7ca1cec8e934d63ecd08d2e013706e19fb7f2249de8d35b85f1a916dce19c
gaussian,4007,0.003026916179805994,c5dfbce0038dbaa1d061100d69a54426f8c77397ae80646f72f757ef081ae88d,f4bbbe56931897f8e18b82bb510806a5e26e0aee1058df258979bdebd8109ffe,75fad2983312194acaca616d0cc54cd5a5faa770229768305a2ce107588ba382
asymmetric_crash,4007,0.0032788750249892473,316884d86cae840670c4bed0d9ac709467f3f2ef1f69c3fa0f676c35d3464d9e,f4bbbe56931897f8e18b82bb510806a5e26e0aee1058df258979bdebd8109ffe,b5d3a75f615aa108f62a1ea93582d78b4eff1a1c47d36ecd63a3552a8861a578
student_t4,4007,0.003672041930258274,b23d5e05fd6e622efc98a097e5e68fcf31947103ff51aba2defbc419f7fa5897,f4bbbe56931897f8e18b82bb510806a5e26e0aee1058df258979bdebd8109ffe,1b8a0b55976a16fa61557f2a8d5163a67b749caedbd17b10a02ce2cb0620f58e
markov_volatility,4007,0.002996833063662052,cdf8ec2c9953c053d56dff9f6c2f65cfda5445b5d24ccb9dce4342917131acab,f4bbbe56931897f8e18b82bb510806a5e26e0aee1058df258979bdebd8109ffe,656b80f486cb97f3951659229b649963f86d3118b5bb64ce6d52514f831653b0
gaussian,4008,0.003245083848014474,07157f089a05f343c53c912a2924e7a87a65c8222a06175b185267794172a7f3,af2884ce4ac2bf2b91152358f009e3f6b067a3256dd7a4f7625f51af38c272f7,0846a284578bbf01473589651a745d449dfcb35f30e0596f160ea7471442146c
asymmetric_crash,4008,0.0037127919495105743,123ed04cee5692cf6aef929337c53a8a56394dea0665a7ec68e281315b0584e3,af2884ce4ac2bf2b91152358f009e3f6b067a3256dd7a4f7625f51af38c272f7,368cfa41a1082a739764899766ccb0fcd91e94d7c09292f402576c935c3798f3
student_t4,4008,0.0031032089609652758,2e0b2a9b375cde71c59e4713feaa6dc7ecfbbcf704252f2ad28c009f5971076f,af2884ce4ac2bf2b91152358f009e3f6b067a3256dd7a4f7625f51af38c272f7,1fa5843544ce41f4e1dd12fbd84b86f7c8ce65b2937b74824cd83adcb02735ed
markov_volatility,4008,0.003312125103548169,abb97b14a5432751d592672df31b0e2f9afef802b2af37dc8c3ffc38427cceba,af2884ce4ac2bf2b91152358f009e3f6b067a3256dd7a4f7625f51af38c272f7,edb84e3cd68d716637261253ca76b210870a2ce312c9ce08577e8ec71b59451c
gaussian,4009,0.0030889580957591534,b601e5290ad58265a50a17aca8e9df48ab09a647c921c2becf96b9da93345b65,ade515c284b8b5140c9f524539868a8ac3f491bdc010075af9ad91ef0c73b274,e84ed64f883c5eeebf48de01bd503eb2bb3eaa0048e10f1f6a0da82759b2c128
asymmetric_crash,4009,0.0030837091617286205,47c840ba54d54eb16c7a73ea7f0c4a5037a17f703947b2392d15a2597d070823,ade515c284b8b5140c9f524539868a8ac3f491bdc010075af9ad91ef0c73b274,8562d3a7b65ed587b73273400a8803862a82eb264ed6ab21ce9774c0274b7f62
student_t4,4009,0.0034219168592244387,83d2eaa99d95541c09ab2be1d0342eee204ba1815e8b28718fac51ebfc16c85e,ade515c284b8b5140c9f524539868a8ac3f491bdc010075af9ad91ef0c73b274,afabeb970b2dc899dcfd9abcad3a6ad77038093240863a339fb84a7720ff5586
markov_volatility,4009,0.0034287499729543924,29e04b1b0c42bb1bc8c8735bda3fc514b8c4b2655f9d02c95bfd57875394dcbb,ade515c284b8b5140c9f524539868a8ac3f491bdc010075af9ad91ef0c73b274,264d85da7cd15fe6e4267f9e791b3d107a8052e84b762a731841ebe9d386010b
gaussian,4010,0.0034293329808861017,dca5bec18c90b7ffdb07dcd33df0a23a64774d48ebdcccf198c6ed09137478da,112455e7b77f9a9d57fadb25685ef2099fb55a237a6ec945e8521b3d2537c63b,136087d1873457c936ff82629181e8191cf34346ef9c31298543b5468f2a26ae
asymmetric_crash,4010,0.003559916978701949,d0f063db8d798c53b852ba17507601c7abe948f45208c22559e6d956b22f959e,112455e7b77f9a9d57fadb25685ef2099fb55a237a6ec945e8521b3d2537c63b,0ecc92493e8988d8ce9cafd845f20d701583d659b099221c79b4f6ab2de163cd
student_t4,4010,0.003368333214893937,f9309929ba1eda3f4867aa20069d8bedd00ce4778403da24ef80c5cc7dff39e3,112455e7b77f9a9d57fadb25685ef2099fb55a237a6ec945e8521b3d2537c63b,eded89b9b93101910af723ebdec87a1a14d1e24b374954cc0f7b30f2baacf744
markov_volatility,4010,0.0032073750626295805,613f9c7b13cb9310e25db8fbee7af83c4f0ab9840334f68583676448f038138f,112455e7b77f9a9d57fadb25685ef2099fb55a237a6ec945e8521b3d2537c63b,f0891f2f456b95b9b2e0206376cf1ec244c57502eeeeb504fdad24531aa7c40a
gaussian,4011,0.0033167910296469927,ac0d3aa51382f400258c769dd410f5839025fb483cc79a1e336d39b07a73bb06,2e1d0271293f59928474cf58c9f45c8780e31813e27a712bcf894254788c66ab,451e6931c81f2789609f45c9c5b0713dc0c7f06cc3e8a11ad17e01e0fef7e15f
asymmetric_crash,4011,0.003270040964707732,6173bdb0ea03f61d87259e5c07484bdee58bcf14889e409ccb0fa0626da45794,2e1d0271293f59928474cf58c9f45c8780e31813e27a712bcf894254788c66ab,3f96a280a8127593288c97cf095be1c7d2218e972f49f97355ba1fca9c84baca
student_t4,4011,0.003220000071451068,72ed1d740812d93c80527c03a4a5329057097f6535fca92a9655c286eabc6700,2e1d0271293f59928474cf58c9f45c8780e31813e27a712bcf894254788c66ab,7a5d0b0ee08a992a53b7a3908cc55d590bdfb44a1559331a3c51d6a48ce8118e
markov_volatility,4011,0.003165583126246929,6b75595bacd2b4ff651979a2e14e5c188299fc3e33dba05f439bfccf87981d36,2e1d0271293f59928474cf58c9f45c8780e31813e27a712bcf894254788c66ab,1530f570808cf0ac79ebb7cf8d253fad51320163c3f81217ffb9ecafc2eef35f
gaussian,4012,0.0030409579630941153,06021f2f152bf165680914c2349d971305a1aa0568f58e5111179d7a386adefd,2c58a530a3a1fb5532bb3e4350c034668fef14031e8928de2b591b8c95e87c7f,a14e617f50b5d98d3db4a27b4b1ce3660e2a45b716d021512a92e1da66bb285b
asymmetric_crash,4012,0.003333041910082102,3e60a1aad956bb865f1bdb719fb500818e28efa801b6ce6060b2a4617bc56376,2c58a530a3a1fb5532bb3e4350c034668fef14031e8928de2b591b8c95e87c7f,a142bea6c2bb5e648e50b96a6f44a0858463fc78916714f3b628786ebcc37de4
student_t4,4012,0.003996165934950113,76b41dcb9f2f018076a975780809cfa16b1c12eda4661f2d92dbc8f3fc300a64,2c58a530a3a1fb5532bb3e4350c034668fef14031e8928de2b591b8c95e87c7f,b60e42d671763d01afb4ee61bb00bbee0b17d6a58357cb5f0e2f38e327e5cd0c
markov_volatility,4012,0.0033800420351326466,6440e5b26f832d1364976b4248e18607830549182ec415b29a2d24536d7f461d,2c58a530a3a1fb5532bb3e4350c034668fef14031e8928de2b591b8c95e87c7f,9720cba186081f3e78f09e722702a76c1ccb9b8c82e18e1fde862d8c7f36a1bf
gaussian,4013,0.00366845796816051,d76c4c3a9b8d025cc4b342980142e62f8ff1959189caf3122965d48b428c2945,bed8fe584696093f91695916f2948d042537886bdbafd8895e245fc093abff9a,489c7682bfbea331758ede05acd862c39c0c22b618206e1dae90e59dc72f0083
asymmetric_crash,4013,0.003473374992609024,0abc62ac7c756689e9beade48b41746ab986ff8d20c08e72524d29243a04bd69,bed8fe584696093f91695916f2948d042537886bdbafd8895e245fc093abff9a,9415ac7fad0df99bcf43f63e68296f694b7286bf6d7c56eb1d3d737deb1d2f6a
student_t4,4013,0.00335545907728374,72cb951902086aeca1a457bffe357d37368c29ed4548b936899ebe0762ec9f71,bed8fe584696093f91695916f2948d042537886bdbafd8895e245fc093abff9a,42e6a0edf9dca8de05f4c785f8f65da1c7cc43ce7fe56ab88d83aa9a9d12f9f2
markov_volatility,4013,0.0032680840231478214,9120e75c1c20f4eb9fbf5404e34f1a0c77f94d1cfe6162dc6cf4c57568edc785,bed8fe584696093f91695916f2948d042537886bdbafd8895e245fc093abff9a,596e470c16f35b83e119637614e03368c75b2d5067aab192e59cbc2d7c50e071
gaussian,4014,0.0032575419172644615,20dc27098312bfeb0e1ae6c4d520064ab1ab0e70cf59b52e2abe427a44e19406,15abc2f2f4d72fb1a3059deaf124bba3c3ac7c262429c054b2ad23bf6056af51,374c5ed59b315e397b0c394bf5b412fe4a3d4ffec35743b14b733fbf284fd99f
asymmetric_crash,4014,0.003213499905541539,7a4333c79584f8bfdeb44e147f5c4e3d92285260a6e8fbd378e72888c0a320aa,15abc2f2f4d72fb1a3059deaf124bba3c3ac7c262429c054b2ad23bf6056af51,9216a9d26a2e477bc52c736a2815f1fc0b800c8444a823987ecd14857730bb0f
student_t4,4014,0.003373999847099185,fbcf88864a4a65967a2576e4ac9d554a2126ef954ca39d3455ad645d01c260f6,15abc2f2f4d72fb1a3059deaf124bba3c3ac7c262429c054b2ad23bf6056af51,928d6ae056e1031de19d9713b7ce3d8e59584bda8c7059d982d2e24c84c75bbc
markov_volatility,4014,0.003022625111043453,0a65377f87b7afdcf8dbd2291e414a4faf37e81a368a807ca8bc37d936fc3882,15abc2f2f4d72fb1a3059deaf124bba3c3ac7c262429c054b2ad23bf6056af51,2ef7a70cc04b5777530fad2a12fea3d5e13f30ab74ee592c82f4432ea0f3f75c
gaussian,4015,0.0034688750747591257,d7bdca242e87daa32fc9b1b6890a92f71aa5fff469077f5572b6ee0ebb0e351c,e95c4a572091807d3eb5b943f14f06ab5e6ade94ec081fe6bb723e03a7c9bb7a,5485b1945df61fddb99a5450fec48be83115d620bdb025ce2f5083a42311f1f6
asymmetric_crash,4015,0.003846290986984968,6bd5fa96aa0a0f89e533c3a3ee8f667df7c50126d898f4af55900c549fffcb12,e95c4a572091807d3eb5b943f14f06ab5e6ade94ec081fe6bb723e03a7c9bb7a,0051cd0526fad951edff3bd5098bf77fcae371bb1e2f6524dd48e490f51ad9d5
student_t4,4015,0.003507541958242655,eb0a30c67ae93b7a66d0ec4aa4298c83c088add4aea8d3aaaefee36ed2e9aea0,e95c4a572091807d3eb5b943f14f06ab5e6ade94ec081fe6bb723e03a7c9bb7a,c26fbc2407fbdfe33ee74903e951b681a6370c78757ace90f776cf2f4ab105ec
markov_volatility,4015,0.003465124871581793,ec719720fc3024bdfdde58172e292aa1e90a3fa23e3e79b89d9cbfd8a0ea0159,e95c4a572091807d3eb5b943f14f06ab5e6ade94ec081fe6bb723e03a7c9bb7a,455d142c4e4954df693de029417a6226ccd9577299155def8ad0b40f403eb709
gaussian,4016,0.003489875001832843,83f26b320c0a4c913d5aea3adbed8c10f4ab97c7cc38de42d469261464019f24,2d95dbbfaf11aa6ba2331ceb938ba90520a6a43aa9eeb42ad6992b471073dd30,488980243bbc65162e9337580fb724db70aa1543853860b7eda3f677c8cda8f5
asymmetric_crash,4016,0.0033342919778078794,f4eb8f4eaab64db1adb7721f4350021924b77dee5a760b15523d93e35687c86f,2d95dbbfaf11aa6ba2331ceb938ba90520a6a43aa9eeb42ad6992b471073dd30,34b8aaf5aca031d52abfe4e3d29b2aa0cb70d51582099043e81187a1214d7c80
student_t4,4016,0.0033132920507341623,b553a1805ce28b8207e5795a2d68437eae973d4f9afb53f25a3164501e5fd5f3,2d95dbbfaf11aa6ba2331ceb938ba90520a6a43aa9eeb42ad6992b471073dd30,debfaf97f13b47ae8198f002c8326ddba120aa1530b1bb3ecb3a14750ca8ed48
markov_volatility,4016,0.0031994578894227743,0743e423edca8143acc68d113aa32842eef8d79b5b7815bbeeb76aff7f91fe49,2d95dbbfaf11aa6ba2331ceb938ba90520a6a43aa9eeb42ad6992b471073dd30,42084d84860fa4bf8182decb76ed7958bf9b5f6873e57c70e85ce386c493daed
gaussian,4017,0.003246207954362035,76eab0c0dfa618548bc53f3d2c0247b8531acef64a9c8db2bf17db0ff2dd12e3,0eabdfa6b13adbe067eb20abf8007aec071c81c54563228379aae1eb10b12367,dc3795043284346f9ef6f1dfeaf568e3f6181125e2248ba5df42e83be78386cc
asymmetric_crash,4017,0.003167875111103058,a5223297b1a561ad10e59b20ff57aa3aed580bc6e65bea78f88058963b92bed7,0eabdfa6b13adbe067eb20abf8007aec071c81c54563228379aae1eb10b12367,69d15e72b2fc5a46eef9a4873ab293856a0c9b6affdad2eaeb1a5ae0a968fff8
student_t4,4017,0.0030696250032633543,61f58e779c7ebccbf163d3ede91e53b44030fa59a5efcfa37d04d02be77837e4,0eabdfa6b13adbe067eb20abf8007aec071c81c54563228379aae1eb10b12367,f097b3cb0e307032bc08daa6605447c3aa5196cf51be3805bd36d388433488d7
markov_volatility,4017,0.0030762909445911646,1cbae7ed6153b1375a2883445e1d915b28f4b5cc9fd631cc7d1b9bfaca2c4825,0eabdfa6b13adbe067eb20abf8007aec071c81c54563228379aae1eb10b12367,7eba7af432f3c54f9788e8bf5796f5ccc333fccd4e0ef0c0e2d1f5d49e45580b
gaussian,4018,0.00308691686950624,8c3810f704a30bdf178d9c607f2c388d0091cef9cec19214edddcc8f6ad41e98,9cac0c63540c16c2f49867da48684cb3e4c48ff7b23c0aced5b2b33f61a87b19,d61b2b38e7ed5fa33e3a9d09bd70906d1f5a7a1ecd60dbe958bde38362cd4065
asymmetric_crash,4018,0.0034837080165743828,1ba723d530095f591c5a9bec5da44a8929bf4daed80f39e05fa31af58baba772,9cac0c63540c16c2f49867da48684cb3e4c48ff7b23c0aced5b2b33f61a87b19,aad092ffd3bbe35372bedd43e39f98753440931b4454c7f350fb0b13f5f0a10f
student_t4,4018,0.0032386251259595156,64776f9133095956696ac41643f3f93e220687e8706d4a50ece1493c436f023a,9cac0c63540c16c2f49867da48684cb3e4c48ff7b23c0aced5b2b33f61a87b19,8dc1dcf41c204779848ce558021e1282d3a57772ac6046d6fc66d5c32e8cbdcd
markov_volatility,4018,0.0032135420478880405,65a9e79fdd08a1c6516bb912a9e7fc712367ab9e37eb2e1e25d371548c290594,9cac0c63540c16c2f49867da48684cb3e4c48ff7b23c0aced5b2b33f61a87b19,3165011cb9c4efb6742f64d74458e5309818a938550f51679acafa4bed71ab69
gaussian,4019,0.0032785411458462477,2ad81d0d778ca8613a6a9f24e67dda5785f3becdedf3a6d2b9bc5a35fc6d2d58,93f5b24a8f219d3cdcd62c2696b24564636b6f855c33d2214079b9d6885fa7a5,f1a9c402f33e0c25b7cc50331b65101200683716a72887e53733f8ff287996e0
asymmetric_crash,4019,0.0031409161165356636,f75bfa30020748af521ff19034e0b6960097f37364dfbd624829e892177270c7,93f5b24a8f219d3cdcd62c2696b24564636b6f855c33d2214079b9d6885fa7a5,5bf582e7ba0d6d78383971ce158ebf1f54f12530e142468db68d0902d13f415c
student_t4,4019,0.003110624849796295,8ca8ed1be1a785992a6527eaa1e40fa4ef1598d3279b5017390cf349a67bf924,93f5b24a8f219d3cdcd62c2696b24564636b6f855c33d2214079b9d6885fa7a5,ef1c8153d07bc67d6ccda4f9f9bb979c35a597e16b164f122db5eccc10474f26
markov_volatility,4019,0.002981875091791153,28983541d0166c028146d0e49598687fe03690dd23c387aa8ec8231079cba434,93f5b24a8f219d3cdcd62c2696b24564636b6f855c33d2214079b9d6885fa7a5,d460f2846bed4908799c1aff192ef6eb6347efa847c45cf4382ac25f06a7be8d
gaussian,4020,0.0030679579358547926,8cb068e3fd96ef08dc042b3d4ac1ccea387c717ac2ab53c10d9fe314ea3f6ddb,19aa8fffcc0726ba705394088793b4f0495b3542bfb0c38a1a37582f8dcbe427,d098146f9d35a6eb60848f863fe533134d0c575e07d73b42a7b1a0d5a725d875
asymmetric_crash,4020,0.0030647499952465296,240e1bd634ef728d79058bf1ffefb83db9b0a74ca575cbf39248bd87e42670df,19aa8fffcc0726ba705394088793b4f0495b3542bfb0c38a1a37582f8dcbe427,fe198e94e1276dd059543c4e0022dd6ba689ce9c5f7c6cf83ee2721dba3223a5
student_t4,4020,0.0032550001051276922,9ce062e0ea79993846f56612f0e67198e2cc6dde02489d04220d292d79eaf507,19aa8fffcc0726ba705394088793b4f0495b3542bfb0c38a1a37582f8dcbe427,3db35fa42105523d802943a4a8b3f4fbe8456b6052e182377f7b5161c39b18fd
markov_volatility,4020,0.00329483300447464,5b06a6c686a890490ca95e34200ffc51c00e282ef469f577f25e23ea65a23e40,19aa8fffcc0726ba705394088793b4f0495b3542bfb0c38a1a37582f8dcbe427,698f003364bfe7ef97c681b769dafe01b3367523d83476dbe73b66f3572bc002
gaussian,4021,0.0033794159535318613,6fbdbc09a49f8e4faed2263238fcc75f77ee2fe2960a265e4961e0379c37c6a0,811a5baa0fd31d732c871749c0f869ec3a0e62a308248d35e33b015de72e56c8,93d2631b467c964a358d7def7c9e3bfb12ae7ba3e21fd8f96f5bab40f944f36a
asymmetric_crash,4021,0.003226000117138028,78f8db82e3b82bdc90b210725881b01c4807b04cbd5ff185273ea6cfcea06623,811a5baa0fd31d732c871749c0f869ec3a0e62a308248d35e33b015de72e56c8,a7831f3dd4b70acc975913333f498b3152545d35458d63397720590d4c9e18cc
student_t4,4021,0.0031094581354409456,7dc7e82e090537cc648ef93ae649eeaf55854a84b3387922fc19287b4bc9040d,811a5baa0fd31d732c871749c0f869ec3a0e62a308248d35e33b015de72e56c8,ddff8053f5d6f2a248cda7c4362c63aa47fe64f3900786190b2479a4eff8be40
markov_volatility,4021,0.003110875142738223,bb1797c888276aaad686022c4f4416f6be80f1ba9440e1c218abb0f555520430,811a5baa0fd31d732c871749c0f869ec3a0e62a308248d35e33b015de72e56c8,5c2f4af4b52054d77ea8ad6a7fc42b9ad583ada07bce08519129d2b01de11ea9
gaussian,4022,0.0030135829001665115,dbf217615c8d66c732ca3fefe244928ed91f977e4db9497372287bcc718ae844,7389be1c54fbf0eb26596e27b3b6d3300797e62c84f68fa83c5bd8d0f32a2abb,af2e560f4e98fe8e984f42606aa705ee728866b397375cf2bf8b7c9193219293
asymmetric_crash,4022,0.0033315420150756836,8e49f9dfc91a192268bf3869bdd0f443527b7395001f4e28abcefbea028ccee5,7389be1c54fbf0eb26596e27b3b6d3300797e62c84f68fa83c5bd8d0f32a2abb,a0b35bb95f62a00d6bb97379a1d9961bbc0de6528f160e4bcb80470001edd59a
student_t4,4022,0.0034184169489890337,5ad54511d4b2d49e56a1bf1d325cbd5210ca2adff9404a1cb6d059940b8bb13d,7389be1c54fbf0eb26596e27b3b6d3300797e62c84f68fa83c5bd8d0f32a2abb,094d19db2f37da37f745adcff76d96ea4095462548a54a9e41672b4ac898716c
markov_volatility,4022,0.0031978748738765717,37ee8c9aa7b3e361d65ea2637e4858a913e59b3114bec93e5892b2a4603b7e09,7389be1c54fbf0eb26596e27b3b6d3300797e62c84f68fa83c5bd8d0f32a2abb,067a479339dac4a1401c23f020bd10a4709dfd8b57f6149e64a45aee88461de9
gaussian,4023,0.003268249798566103,243d5c95e692a8412a1f88d64b12a3502714e49c329f4571b730b4876e29835c,d59eb75dcb0db0a9ad7a98ceefcf555a96ff348d24f1d1fa40aba7ba68c13f92,62ba9487fd7b5873c711f2ed0ae4e63c93cf6ad83532ed829930440cde6b864b
asymmetric_crash,4023,0.0034027909860014915,ea9cc497057561cf4e094292d9521548e9cf029035c23e5393478ba3079f4430,d59eb75dcb0db0a9ad7a98ceefcf555a96ff348d24f1d1fa40aba7ba68c13f92,ee8204adc6ef1a71623ca425c08f7e18ff1875520fba18a40c163fa4c20d4efa
student_t4,4023,0.0032238750718533993,d541ee082b7f4fcf77a708bc28ab77383317da7e761666e14a9d14eafae0cf47,d59eb75dcb0db0a9ad7a98ceefcf555a96ff348d24f1d1fa40aba7ba68c13f92,ac741b66d9f1f5f42cf683a893ea74eff7bfd12d2079a6e8d3b7bfe18afd476f
markov_volatility,4023,0.0032820829655975103,d0ade484c37487c4ff4f8cac60263e91f0565f9bafc70d8f0235cdbd28d706f7,d59eb75dcb0db0a9ad7a98ceefcf555a96ff348d24f1d1fa40aba7ba68c13f92,c60513d12e1ff51d9d2e3c742a1b27fc7db86bd16ffc38656cf6c64eb5271078
gaussian,4024,0.0032458750065416098,882ede9bd2c1b236877cf0081c8812db405cae191a45eb289bbc1a3deec86cbc,47b098df398495547a585b9b5d72470617dce02abd20897441b656a3ce957746,43aa851de155efe6fd9770289300a6a683c80ea07322ae70d34e51bd4a092e01
asymmetric_crash,4024,0.003241125028580427,16618124e62489fff0012303a3fdd0ea7a8d279fbe3f09caa4c9061b149ba154,47b098df398495547a585b9b5d72470617dce02abd20897441b656a3ce957746,91ac9dd5ab17526025561280629b47ccabd8ea6d07d9848fe3085d7ce9e1ae70
student_t4,4024,0.003280834062024951,3799e73ca9b1c86ca8f9deea22f370ee8061e506176f9cde2f7e4d83e2eed3e8,47b098df398495547a585b9b5d72470617dce02abd20897441b656a3ce957746,5e51c5dc51e757677d2bb1c1570b0f3b42b2e2995cdd48cad72a986a32501a7c
markov_volatility,4024,0.0030925420578569174,89596dc58d7110325b5f2384405f54aedc1693ddb286d3844e4bbf9b2b732058,47b098df398495547a585b9b5d72470617dce02abd20897441b656a3ce957746,a17dbd3a9865639c1778c8ee2e6da21122f54e942ec8f519f3a473c6fbea3b4f
gaussian,4025,0.003344249911606312,4b1cd4f1951b646b41cacaa022d76bc4cb467d772b1d363e1dd4531c7f1d4657,d371ea245f92a0e9b5daf63816f46ec1c13920974aa0ac5aa8958cb1751ecc9d,b4fc3ba86fd5b0b294fb795b58b62e9f4330f684762c8966827737b3eb736c8b
asymmetric_crash,4025,0.0031874999403953552,6eb440b32200a3dac30f4611ed6ff4554a45c716f67d0e239b6a9fa7e93f945f,d371ea245f92a0e9b5daf63816f46ec1c13920974aa0ac5aa8958cb1751ecc9d,1278d4bb24fc814daa1633dd2237bfc71bc74d4ddb75d1c8aeade0b394d05813
student_t4,4025,0.0029639999847859144,c58596bb4897d427b3650bb9d137c0a49602f7a87f889c4c61186cefeaaff954,d371ea245f92a0e9b5daf63816f46ec1c13920974aa0ac5aa8958cb1751ecc9d,762656e7deb14d97d8441a98f063d8af722761b2bfc31513292f262f33d35087
markov_volatility,4025,0.003069832921028137,ca1752bee5fd5ef813130e587c1ae81eac215c27c7365ff6c11589140069d0c9,d371ea245f92a0e9b5daf63816f46ec1c13920974aa0ac5aa8958cb1751ecc9d,a28237027e795b0e18ad473c5c3d31bcc419ba06f551a3418521cc5fa99d1cd4
gaussian,4026,0.003158499952405691,e41d67ed896426fc3eac9faa309cab9279b0db22b2cd8b55b53d46d41f85bdaa,77dfc26e85b9b8fb5dca8793d90629081f9836939bdb255e6b1542b5c3d3629e,4bd1d0576b8d35a3dbb2643b0719a2f50014361cb27bc2334dd1c741d3cbdca8
asymmetric_crash,4026,0.003264582948759198,879222d8d4d7865732c671cb129e65886659f9dfe330511b59c53507bbc87f60,77dfc26e85b9b8fb5dca8793d90629081f9836939bdb255e6b1542b5c3d3629e,caa01fa9549d55b8e10853bde06e220064b640e6e7be2332fb483828a08cd975
student_t4,4026,0.002961207879707217,6e218091e887a732390d552d7b7641d1c3c7c40a69865b7dc3254033240bf85a,77dfc26e85b9b8fb5dca8793d90629081f9836939bdb255e6b1542b5c3d3629e,a62fd784ae903e871ab38da5dff133018f32c7ed9962166fc5d03b7e07e5790a
markov_volatility,4026,0.0031825408805161715,ccc406ddc8d3e6c4b7941f360589b2348d9485680951107c9da038be1e010f56,77dfc26e85b9b8fb5dca8793d90629081f9836939bdb255e6b1542b5c3d3629e,d7d2863192f9a5f7cbfae1faabfe3796827de593eddd36633c40453a526f53ac
gaussian,4027,0.0033741251099854708,4cea4b2367ad615be862bb2c308174667203ecdbab2e97eb0ee1ac434b20133a,ced55752a50800b45234fbc41de984fdc450e35971a75e8c71275c7d9aff638b,ed32f9cf1e85698eb937d2ae53a97a10cb70656781ec6e8548e665fb1575b033
asymmetric_crash,4027,0.0030633751302957535,2d9d1c2f00251d1ff56158fd00e672f7a86da4db10abe3c82bf0cd3293538765,ced55752a50800b45234fbc41de984fdc450e35971a75e8c71275c7d9aff638b,7a48c7569b8a7944cf7fe0f3311a5d1540becb5a62bbacaf6c807f758f0623f4
student_t4,4027,0.0031613330356776714,41225c471925fe60f55391454b03749a1222a37e663f9d872cc99ae7dc9aaa8b,ced55752a50800b45234fbc41de984fdc450e35971a75e8c71275c7d9aff638b,6dce39ac89899964514740bdf729cae4dbbbd1f9d6d90c6801a739069aff7e01
markov_volatility,4027,0.003186791902408004,c71356cdedff74c4e1eb3ac3aafd026be9c1dedf7c14d491e04cf4068651b88b,ced55752a50800b45234fbc41de984fdc450e35971a75e8c71275c7d9aff638b,381061b772ac77fe929f6c70b534a64fa6face2d0b019cf485da34794ac596dd
gaussian,4028,0.003219583071768284,8c698e36c46da85237bb9082079caff676a54ad80675d251f035661803d5620e,6f8ffc144be17c323167bb66a4bc74625a4a713787489064035c982ff8440736,fb82cb6bd6ce3c7277b21a48d1a07973dd55920a5dd798393fc7d5288fdebca3
asymmetric_crash,4028,0.0031689999159425497,0dcee51d0a28fa082bd335651fdbc2af6287eeb53e98b53dcac669f261f7c356,6f8ffc144be17c323167bb66a4bc74625a4a713787489064035c982ff8440736,79150f9bdfa410bc7e26684bfdf40953fe497bbed0f25766240ee12d98b6f89e
student_t4,4028,0.0032575419172644615,993dd6126cda76365f8dd80951d9e5d5c45b4d0fe828f45d2cd174e3b22e9036,6f8ffc144be17c323167bb66a4bc74625a4a713787489064035c982ff8440736,e8e6a97f071100c9c65391a5963d26fbef789a91739d65d50f45199ae21289fc
markov_volatility,4028,0.0031960410997271538,53e3c769a8ba77159dd5a11585d58c7fb5454eb1aa36e7d0267ac1314943ddcd,6f8ffc144be17c323167bb66a4bc74625a4a713787489064035c982ff8440736,fdaf1a4cea1d0ce7faff8125a117edd5d6a8b1673069be33a68dc1e53908af73
gaussian,4029,0.00369637506082654,870c9d9ea65006eb6591386e4888a3186931414b4a69224888a74d2bcbf028d7,241de29869d5b5c8bd19e5a3fe9aef9089dc4f61164d32f27c4f79cfce47ccc7,532562f0e3e5ed2fbb30c8e8eba94e8631ca625affa895f63c648d69ca1e6dc7
asymmetric_crash,4029,0.0030323751270771027,264bca4364dc91c63537b1c556b0c7fe4f0c6fd72ed4767b9ee1a54b21bcb09a,241de29869d5b5c8bd19e5a3fe9aef9089dc4f61164d32f27c4f79cfce47ccc7,222839b9543f128515136f8a5a1c6c6fe7b5c414404abf3d1c0283b3847ca325
student_t4,4029,0.003191750030964613,fd83e76aed6103838fb9d736c723bcee989d8ee9df89b3bea21bd0b84bc30a34,241de29869d5b5c8bd19e5a3fe9aef9089dc4f61164d32f27c4f79cfce47ccc7,0327888f5676dae9163340885f1e43cfe09ff7ad7e8482f45343ec66509c06c4
markov_volatility,4029,0.0028722500428557396,2044164669cc345df5fb8a61386483f4a71c24a0fe014ba2af078135bad4fad7,241de29869d5b5c8bd19e5a3fe9aef9089dc4f61164d32f27c4f79cfce47ccc7,d8b6dfa6d65acddc3f06c956e613351b6ab7997723c44360d29822ebfcd899c2
gaussian,4030,0.003042625030502677,7491a3168c155ca2a81ba797beffbcda8bab4690847af10cecd6c33b826dfe7e,6329d0ee4f60af7511c053d4297c0bda617ff840ae3251a8480b928124b80164,c5a7ab26d49ab34bd3b3316b3a93480a3108fbe383a392b2c9ade4452f332759
asymmetric_crash,4030,0.0033496669493615627,ac7cb27e0eda7d2e9cd8c5d52fc8173f932083d0f9260243c94e875b7ef3bd36,6329d0ee4f60af7511c053d4297c0bda617ff840ae3251a8480b928124b80164,be654fa27cc083c369387f3e53073916f48cdfd59e6fc4ffd4cc7c684b44651f
student_t4,4030,0.0032210838980972767,4d12b1e07cf79f9fdea452e479256b5a7caf7a8969935d6c14c2f589cb897075,6329d0ee4f60af7511c053d4297c0bda617ff840ae3251a8480b928124b80164,8f967fda0b0a9fe69ee7e42a68e0c229358a6f45a31d32c8763a1f5758689263
markov_volatility,4030,0.0030207501258701086,d25a4c80e78d932c00a468536d0f52f6d17a2be9910f277b5d765d9daf5e31d3,6329d0ee4f60af7511c053d4297c0bda617ff840ae3251a8480b928124b80164,d7d1e5af5798b918ded2baa62a78cb5591da8f497caa310311929097437dbdbc
gaussian,4031,0.002951374975964427,2d9bf7ff28d31b91b83179fa4ce3d1995f2479c58f1eb928d44ac2fcbacf4731,d87ea831388b3b9e811702d3df24d598b238b367ae17eb949f2964a532f45957,08b120e1aac9945b5e897d4e259cc822ddc907413bcd410e31554c3bad39890d
asymmetric_crash,4031,0.0030712499283254147,37303e2e26c1028e7caf773c4b7f09dfe93a097b81009ae7d3565ed83d932b56,d87ea831388b3b9e811702d3df24d598b238b367ae17eb949f2964a532f45957,7290a177bc8112c7410dd4dae74e706f825e41aed8d261f17c648672daf13597
student_t4,4031,0.003272834001109004,6a724f601aca9b6f0ab6eb3aba7aca7836e27574d5ef41da720abca1e858513e,d87ea831388b3b9e811702d3df24d598b238b367ae17eb949f2964a532f45957,7bc5dd7e18b0481ae6b1cfb1f55b1047d91ebb4a43ec81c06b71a719aa23747e
markov_volatility,4031,0.002969207940623164,efe5e20271a677eee908159ea268d289855aaa337712ebe05130dda87310dd86,d87ea831388b3b9e811702d3df24d598b238b367ae17eb949f2964a532f45957,a04bc2fe809285b979cde58b09d8621a6127b3e85475e9bf3e0af2d26dd8ce86
gaussian,4032,0.0029938339721411467,1d265c7c1c2b482364610f94c0f3c2dff6018d7b83a5a0fb3e119d0fe8a2b872,989beeb443e12056953a0929527585a43739d2df5d74e147362ffeca045a5933,748b85f94a7c18310f7accda41a3ca64a297caac448267be47099ef84370db30
asymmetric_crash,4032,0.003186292015016079,43a0d28edd559234ad87bcab96484f7c449c8735fbb3894f6816220dea63ca31,989beeb443e12056953a0929527585a43739d2df5d74e147362ffeca045a5933,51a79bf732d479cb6b595b4eef045f0e7772a79e8d409e0eb7e974bb2b972092
student_t4,4032,0.0031351668294519186,cc8e6d5f8bd14acaa7e2eb2ec99924263e1e2575942233b12b5585c268e70218,989beeb443e12056953a0929527585a43739d2df5d74e147362ffeca045a5933,88153a685217742edd16e2f0c51d3c8978f5e9756542f6e047ce6d339e214a9d
markov_volatility,4032,0.003149874974042177,867c492b1646bc2f6f088b9fa4e854fcd8387a2da8bed42b661a41ef77d41bbd,989beeb443e12056953a0929527585a43739d2df5d74e147362ffeca045a5933,07f7a50b359dfe2e7a50df0713480ad9d6cdea7ab73b760959a82ef6fd7e18c3
gaussian,4033,0.0031653749756515026,6f5f3acbc7377d3ff65a72917a24ebf713c74e57b18c9db7fd49413c766f7d79,3c1c8e951fa8034a4db896a869b8f21715de53f61b79cc3aa0aca435fac17d5c,4ab74ca4a9fddd1399e066c27f7364ac1756add5dc5c5d951e899505febfa99f
asymmetric_crash,4033,0.0030746671836823225,005a4131a4f2f3bac65b4430f8328f5bc09521cda061dd2f6dde260212e71725,3c1c8e951fa8034a4db896a869b8f21715de53f61b79cc3aa0aca435fac17d5c,0c34889b42094334c61b9de9980595a89a9d26c997cd5b79b78338b413d7f773
student_t4,4033,0.0030795421916991472,a2cc0b1bb7723692513c7abc5927fa709e3b356c6c5182d36ff8ac774a7957b6,3c1c8e951fa8034a4db896a869b8f21715de53f61b79cc3aa0aca435fac17d5c,374cfc146913dfe7e57de7f9a2c83b94f6fd3ddcf1e61889fe88fd85e4dd5a65
markov_volatility,4033,0.0030860421247780323,89d34d9f313e8ec0bb95adddd6db0281807d8473dcd4fc433d50aa5b37b5b9a6,3c1c8e951fa8034a4db896a869b8f21715de53f61b79cc3aa0aca435fac17d5c,fd4f66854ea41652c0617d4c64813a09f4c52352f429dbb8bea59e64762e8d9a
gaussian,4034,0.0031349158380180597,dd0497275a2a33b4c9f4e0836968b8f3636f8b45a5a57ef7c101ae199df9e598,8c64b8e4cb0836454e2974da74b4f6b17d8c04f59dcb3f1e5956244f44bc899e,082ee511c501aca6e406cfec18ad9b777c15347ba98dd6dfc9ff43e56ef27721
asymmetric_crash,4034,0.0030978750437498093,4f163d538ac334a74118fd33c265535b95f4a65bd3182fe8349537e1e9e50c35,8c64b8e4cb0836454e2974da74b4f6b17d8c04f59dcb3f1e5956244f44bc899e,012060cdee5ba5e28fd82ee3b1864457aa77a4a0f0a5983607cac95b0365cd10
student_t4,4034,0.003257166128605604,5b780fc2b890a1709fa735087a08e118ccbc227e5e61fd49f33a3fce755970fb,8c64b8e4cb0836454e2974da74b4f6b17d8c04f59dcb3f1e5956244f44bc899e,2369ccf3715bd1354bbfbdbab8ce19df73df19b9a692f517b98ba365b582b7cf
markov_volatility,4034,0.0029991669580340385,563ad0ee437d8355acc3a7402aa618aad8d231bc93aa4e69ce97bf478fbb477d,8c64b8e4cb0836454e2974da74b4f6b17d8c04f59dcb3f1e5956244f44bc899e,9df8fb50c17e9ef9d3a90d986afb00fd55a2a45c202a18bc5fb682ac6781fc1d
gaussian,4035,0.0031098329927772284,2fe56f946cd0c624e3aec0351aac5d86897777f4b7f0ebb1a8b43068977bd8a0,cae23f970148d3448b165ed657ae03e0e62da14779bdb12b6be92be1604548f5,30e6073ec9b04ce4db92d2706dc7f3b10701084db928c74be8bf569b4c12f461
asymmetric_crash,4035,0.003277875017374754,b3df0a8c676cafe95c8862e5eec3668f418e67e752c44ec21c992fc3abbe9546,cae23f970148d3448b165ed657ae03e0e62da14779bdb12b6be92be1604548f5,55c47b55175b93084426a3e5be2541c098533c23f5e66f8a92d182c9bf52827a
student_t4,4035,0.0030598328448832035,3f0c76757be96ebb4254348b26f0a946480972f283d0a38e950574d3683ba488,cae23f970148d3448b165ed657ae03e0e62da14779bdb12b6be92be1604548f5,979634522a4577a81ce8e54e51cc8b2567b334bd1baedd2a102e1059667db560
markov_volatility,4035,0.003142917063087225,462d88ce314d383b749a05fd8eb2ccf95f9b2e82d5b19f600349a6a2a2a98e58,cae23f970148d3448b165ed657ae03e0e62da14779bdb12b6be92be1604548f5,b22a4ecf11425298e3d1f2f5568792cebe22cabef3c92a859d5b0678a1f32c69
gaussian,4036,0.0031103340443223715,f18625d558d9fb959b76e031ddf5e04a1928cb902a1e82c5c99e7923a0a25b5d,83ae932741b271de395cce88f1ee304f94fe468fdd7a00574af73d1d405fb830,f46f0b70d5939d6c2da0ed6f3ec6356953e5177751be8701a0beed265b87f511
asymmetric_crash,4036,0.0028989578131586313,996240ef8f320ca9ea6b973b54d3dd5376a91de06a997f8a52bea9a1faec0281,83ae932741b271de395cce88f1ee304f94fe468fdd7a00574af73d1d405fb830,2fd6a4c7e24e074b66c1558b4ae406cab46a89813e6975d669a36e9f03f33478
student_t4,4036,0.0030706250108778477,ba53651d04c923ab1aecb02afce077b9dcca2b85c75ff9268de58b69d35dda3f,83ae932741b271de395cce88f1ee304f94fe468fdd7a00574af73d1d405fb830,7d82d8d0873f37c11cc90d7f486ef2199fa9bc1088ac8532b0ea73332cf5c286
markov_volatility,4036,0.003154000034555793,4b64b9fde10e5e1b1af14e2515d5cf722bce0397e5c9f725e960527de721ab88,83ae932741b271de395cce88f1ee304f94fe468fdd7a00574af73d1d405fb830,7465d34234b4fe79197de9b29dcd2e972c978c04f24ef433f86addde706d62e7
gaussian,4037,0.0029362919740378857,e79988edff746290276b58c84f61e8b1dc164c97e91d91d5ef9ffd446a27ed8d,029e6593043be55750df095dca980d46f9c2bea85a5a9b6781483bc3e590ed8a,7e888d45043a47fecd80fa2b9344469c128d4f908819690fca377725648bca4b
asymmetric_crash,4037,0.003084624884650111,1f602c18acb9e41df38c9012545c9640b5b4dae0eaab63b06454a921e5414d85,029e6593043be55750df095dca980d46f9c2bea85a5a9b6781483bc3e590ed8a,529a432f14ecfe8a9d435f195a956f7aecea67ed2d4ba844445f2e695368d1b9
student_t4,4037,0.0032505420967936516,b13fdd8ecdd74cb4491c75361b863eb8e84a430cb3311b4bd644eca18f1bec96,029e6593043be55750df095dca980d46f9c2bea85a5a9b6781483bc3e590ed8a,3867a2eda28b159a1a5e407ebe7248d5c98ed50bb6a9a61aa980ea22b8fdcbd0
markov_volatility,4037,0.0029006670229136944,8eb218382b16d2893815eba9ccc36526d6cc2f988a533b2c94ba6cbf47eece6f,029e6593043be55750df095dca980d46f9c2bea85a5a9b6781483bc3e590ed8a,fe05866ac5d6cffde24ef4fea583d728823eb5ccbe29003c69ef1eaf63779cf1
gaussian,4038,0.0032080840319395065,9a52a5e74aa364bcce96799e8e52d00099969de759d505879f3e5354eed696ac,fe196662a508a7424c758cb51816ae9a283d34825de48d33525a0fd22f7257fc,b0cf375d2478f69f28c349194c36be1b156395da1f110aff2a2f2922e1a13edd
asymmetric_crash,4038,0.003102750051766634,621b7d0a8ec1c0cd1d4f68e52093f53ad2e55aebdec18dbc0337cb950dfe1b41,fe196662a508a7424c758cb51816ae9a283d34825de48d33525a0fd22f7257fc,d9b20ec2d7ee73fe77d22fa150f1cd434dae80779828781cfd6f6bf904aaa224
student_t4,4038,0.0032231248915195465,ef61fc1f51c3193d47eaa900e8fa1b89cc43828f0e70162c0edf78c391bcb233,fe196662a508a7424c758cb51816ae9a283d34825de48d33525a0fd22f7257fc,ddab6dfc439eab9733e58e33602a267195b9b0241d6fab8d7abcd5a39097f6ef
markov_volatility,4038,0.003168333088979125,2ae8b03c0ade6f9c9231d04b55786bb41fff8bd3303a5d61244ef01dac24442a,fe196662a508a7424c758cb51816ae9a283d34825de48d33525a0fd22f7257fc,178149bdc0816da121081063844e557283a7d6fc5fa543111b088d61a33f4f9e
gaussian,4039,0.003142834175378084,aea4a88aff6eb36f92b4254e48a40c050ed3c37f7cb27ab1ceab4b2bbd608b7b,c8e4169e6a6dbd4245f60c8e4ded3e7c6a36d23a3cf62e6df1e2806095769f84,b8fc8cbfa51278177ed679c44cfb03cadb660d4da84410d6569c93a7476b9fde
asymmetric_crash,4039,0.0032205828465521336,cef16f8c9dc0582f35606e49a0bfb7958acd170712e9f3cea0384491a50b4876,c8e4169e6a6dbd4245f60c8e4ded3e7c6a36d23a3cf62e6df1e2806095769f84,f07160aa08b0b8e7163bd9c0f92840202143ebcd01880ca18dd7bc2e4f5642a2
student_t4,4039,0.003213917138054967,0b99c1d46f8a7cd61eda8e391048d18c50594cec7a69e49f76a36f2c7d5f5173,c8e4169e6a6dbd4245f60c8e4ded3e7c6a36d23a3cf62e6df1e2806095769f84,ac39f2d8089843f939c527367370c50fb1c463e374946626423b17abf1bf3a43
markov_volatility,4039,0.003180583007633686,c35dfdab3926c032f975ef385e49afe0bce9eb62fff1a86f6af520c6b2ce33ee,c8e4169e6a6dbd4245f60c8e4ded3e7c6a36d23a3cf62e6df1e2806095769f84,4bf741b628ebeebf1ef6916d6807348dd602c54a5e1f2b19dbbe5009c840b2f3
gaussian,4040,0.003344584023579955,42b87218da85bbfcf930a29c5ca88e0e622b894b8cb7783de68daf2bf056c6ae,7b637b0370baf6443012ea71b4896030683dae697398b71830c6063df58defca,29403c560ea3b003aa3648cc294bbfacf1302b084c218b0e2ed35fa4b07d31cd
asymmetric_crash,4040,0.0029901249799877405,9eb538e622885dc521f087118202042a74d9ab15dc728894b954e2e150935f91,7b637b0370baf6443012ea71b4896030683dae697398b71830c6063df58defca,c9fd97f17403ca6236b0dc31e2407855eb26682e65c4af6911a4b36368fa7ffb
student_t4,4040,0.0030391670297831297,b788eb2ce738b5177ea3fa8fa7fb2444014b415cf4bcb5732235f1b9bbf84b06,7b637b0370baf6443012ea71b4896030683dae697398b71830c6063df58defca,9fb36d7214d0d60394444a2539ee4f20b05d55fceac19930f26314a4157101a4
markov_volatility,4040,0.0033364580012857914,3fd13b1fd2f7e379a312079ae9e7b0cee416ae6ff8d39726669ee83952b93fb9,7b637b0370baf6443012ea71b4896030683dae697398b71830c6063df58defca,ed8fd16a2aae07d7451759c43b7e716f5bad905b350edbb99d2274805a613c3f
gaussian,4041,0.0031448749359697104,88d9cb1c00969a81f862fe9f70afa7613713f8aa67eb2f1880a7fd84341b7b4f,217b7a579b1c45a620e4d57f6900aa39d8750b833efdbfafd5ddfb36c4da8924,6157d764a47b8fd14c5977bd901873705bef8e1c68d57662a36da6dc56ae07b0
asymmetric_crash,4041,0.0031850000377744436,18a2d53ab93c20289d5cbae142fd279e1e6cf38d228c7214b2022117afc8ad0a,217b7a579b1c45a620e4d57f6900aa39d8750b833efdbfafd5ddfb36c4da8924,0763850e5485fdcb4c31be1dbebf541b663963a13dae3d03016e418b3a64c8dc
student_t4,4041,0.0033019580878317356,9685ca5c4b3b0d5beff9f70bc02230e8a5e27b1b032386e9997d3aa3d9394937,217b7a579b1c45a620e4d57f6900aa39d8750b833efdbfafd5ddfb36c4da8924,1d0cb47ff035d1c0f8aadb18d89f2324678dd13ed6a0647010a00b23a4ddbf72
markov_volatility,4041,0.0032040001824498177,9ba446530323c87af5060b8d5bfe097adeac568d44596932da113a5579b9ced2,217b7a579b1c45a620e4d57f6900aa39d8750b833efdbfafd5ddfb36c4da8924,d220a2a8e03ed8ef924ad2ea9b2501485f3fc6334ee3ca845db8e2255cb30bcd
gaussian,4042,0.003143707988783717,c2d9a627512a8fe921a8b6bc13b745a263784da36f9cb305508a13b60754390e,a916cfed70b331c0c191648e77f7cf62bff6fece853cbe1b552db619828fc968,f15a9c12426f657e412bace723d3060db69dbc10b56a7fe727e188e329104589
asymmetric_crash,4042,0.0031940420158207417,a2328d1501645f74ac55b510fc55dbe5ad9f387a8919971ca52020524ace44b2,a916cfed70b331c0c191648e77f7cf62bff6fece853cbe1b552db619828fc968,7829f4b23685042d589fcdd5dbbec3eb3a140b9904db876521de3eb0cbd6e8ab
student_t4,4042,0.003068791003897786,9acbea1132b3d7de0710b13243ec01b76f03f3ae9da889dd73ae8c2621bced0e,a916cfed70b331c0c191648e77f7cf62bff6fece853cbe1b552db619828fc968,9a1927a3d75a6b59b69e1ad208225d3eb2c6b16eb1ad8f85fa57d25c7650afc2
markov_volatility,4042,0.0030603748746216297,55995509adabcdab1bed34128eb6f503239683f90e4917838fb0efbde95fec7d,a916cfed70b331c0c191648e77f7cf62bff6fece853cbe1b552db619828fc968,5c97b40a0da1863862933ee1cdb05c9175e7c4a38048fb7c44217ff8d254708a
gaussian,4043,0.0033409169409424067,c15f9be9ea0c4f4555fe269c9312503a04d0fcb3aa6616395412af23ddcdc2fd,5a494b23083e7006aa917b64334882a25feb8cdb44fa4a09cc1d333a94e950ec,b8d0c165b17b50a7641b182eb7ab3889edc72fdff1c51b359a4350863ea0ca1c
asymmetric_crash,4043,0.0031857499852776527,8f3a6b23b58eed06e567264a658175f7c081b1fc53d8aeb0d64cae4b43f1a8b5,5a494b23083e7006aa917b64334882a25feb8cdb44fa4a09cc1d333a94e950ec,20822e74619f9254e891e53b9d34277176e00be7345e10896a596753db1fac8f
student_t4,4043,0.003188583068549633,a809ad19a171bf68400755c893a1f5f9fc18f7c2073b81541f65e13a0150cd04,5a494b23083e7006aa917b64334882a25feb8cdb44fa4a09cc1d333a94e950ec,05007166ce77969f9b161d95b2590a9ee84f4c39de16f0543fd0a9df29b201f0
markov_volatility,4043,0.003513416973873973,3b5fd5e441d0cbd9c62a4345d4f54bfa3e17dad3a89af3ad2cb4cc1494b2ad9d,5a494b23083e7006aa917b64334882a25feb8cdb44fa4a09cc1d333a94e950ec,e64f5598aa00369edfccfa60f221210af24adfcd39a235ba19fed845267517fb
gaussian,4044,0.003140999935567379,4902db15e12ecd629477656a56a72546be9c1399bb92430ba1ddb16e1db327d1,b81e1c81603aa5cd216af7f6c9d7cfe7177e67f4ea7e52aeabad4bafebe89171,6b9c17881a5efc6a8c03c1eac51647356d941a4dfce0a5da153a09b3bf9027a5
asymmetric_crash,4044,0.0031272920314222574,a3f3878241fd8732aa78d749d40df83f3a03e18294e454b69cf2b1fb4efdfcb4,b81e1c81603aa5cd216af7f6c9d7cfe7177e67f4ea7e52aeabad4bafebe89171,3152a4029d0319cecf053c6614d461ed826fe440c51efefce43c546c9f55a82d
student_t4,4044,0.0032289999071508646,6572b51052e9ea4eb8998076ab1269072b58c0c5d0a84f6524e6d3417af4432f,b81e1c81603aa5cd216af7f6c9d7cfe7177e67f4ea7e52aeabad4bafebe89171,19a6b738ed904bee3ec82f16b0b43c818387e0345df487ec1a4a0ef7b7bc3058
markov_volatility,4044,0.003169666975736618,758ba98993d6ef063f74d4c3c1a510616a4350db71a753f327cef0bac2c0d3aa,b81e1c81603aa5cd216af7f6c9d7cfe7177e67f4ea7e52aeabad4bafebe89171,541fed101c1559d328cbf4de0783e9fbfc95addbd87342d30971f8e4fbfe4ccf
gaussian,4045,0.00317499996162951,21c99eafaf6d3b05a9754d731753f800354096bf5d2a9aae18e33a3209c71794,0d463c248648c408615824d55e3642d541d95bdbf530ded301f9e44f192b1d91,339f2934beadbde7cda48e0bd0c1083574557008bc045462dc7375245ac142e0
asymmetric_crash,4045,0.003049124963581562,6ae42c0ce80635a5a3c5fb461bd1c74e5121ec1730b9914a83cbdaea69f17f90,0d463c248648c408615824d55e3642d541d95bdbf530ded301f9e44f192b1d91,313c31ab4239f8e07787bd992869aafe8c72b99c915529f737cffb2c8e2b2b57
student_t4,4045,0.003105041105300188,04ba99e77b0f5a5219473e9f9892e0bdd5ab8aa5bda0d503622a9bbef0c19935,0d463c248648c408615824d55e3642d541d95bdbf530ded301f9e44f192b1d91,12128ec6e437fa744b601e0cba43a5e87ed6df698f26f317b6a38c59592f9d1e
markov_volatility,4045,0.0031648329459130764,710cb553a95cdea66aa928f94c9fcfaaa0dceefa9853f9807ba0c73e8f194b7b,0d463c248648c408615824d55e3642d541d95bdbf530ded301f9e44f192b1d91,8cd7b8152d00eb5dad04ffcc5ba86725e52c95754fe5e7009a9747c2ee99557f
gaussian,4046,0.0032623750157654285,44a86ac74afbda6bdbc0e7f08857d7da9e85397ba1c963ceac36183faa4a1ac6,1441945c09b0b08e94c3c7c0d7c3bdd8addb6af39007df5be8974bfa6791e55a,34aa5eeba85ea01558eadf8e677dd36cd82323772210637fa338fff9c3ce4392
asymmetric_crash,4046,0.0031751671340316534,5cc3c0b7015f0dcd67ab9080d33ff9e3216aef0ca7241f4af26c89bb16b21651,1441945c09b0b08e94c3c7c0d7c3bdd8addb6af39007df5be8974bfa6791e55a,06f738a021f210cec570e8fb50195fc4debfe93524554558bf589cbf36b98924
student_t4,4046,0.0032427089754492044,f3010aca0bb72bf5f68be4d76c590ac504843e248092f25021dffa8ffdca5e44,1441945c09b0b08e94c3c7c0d7c3bdd8addb6af39007df5be8974bfa6791e55a,2934e842b2dc824259b7c33de841fe0bbe0a9661242b864c1a1fed28fb71d543
markov_volatility,4046,0.0033208339009433985,ba3bf72efd1f959eec47716d53d7a94e9f41abe8a4caa562e13616e8dd4f0a09,1441945c09b0b08e94c3c7c0d7c3bdd8addb6af39007df5be8974bfa6791e55a,71d83af16af2681a1b345f8bed112e7cacc44b4b3d7e2447f96b6bb411006b03
gaussian,4047,0.0033798329532146454,9ade79a3f01463799f5f75cca91e389efd12ee1f486f700a59d3c0c7806bd2ca,03acda2f4609fcc51c150c4fe72c97f912dc66419bfb1eb773d63081c44a7405,b786e30c4670f1b74f0a5efb1ce492ee3b31f364110c40441c6317d3f21b1a78
asymmetric_crash,4047,0.0034887921065092087,54a0a852f633228b73f131af934ca2ed982840bedca46fbcfb3b8c2502f7fd82,03acda2f4609fcc51c150c4fe72c97f912dc66419bfb1eb773d63081c44a7405,5fe924654bdd50f9c59bf0d0891a482a900a3ec971d8d176514eb7700ed5b4bf
student_t4,4047,0.0029710407834500074,788f50b4074c8e0a16153128a669be8fd0270cf1766aa1c4c2502b79b2389279,03acda2f4609fcc51c150c4fe72c97f912dc66419bfb1eb773d63081c44a7405,6edf9e30a0b851da2037d95bdfa7ddd19780174f176ba1e7c32e7f8607bad2a0
markov_volatility,4047,0.00300004193559289,d03d550958e9134d76dc780442ff084b14c7bf9f738a38db94823ca081cef9d5,03acda2f4609fcc51c150c4fe72c97f912dc66419bfb1eb773d63081c44a7405,4b30a72f10a52a9999d658d08772a7e6bbe14d7c03d7feaed9c1fa0538299156
gaussian,4048,0.0032129159662872553,63a9b241ea61fe695cc60489148f93524fe21371f2c4ede2abcd017c3a9049b5,d9b6e0712402427879ddc28abc2c0d7eccc689fa4e6d0784f973c36a018367dc,0088394859e5ead75a10a057e1740c656fa12f0ea08c4f1b758330c3476e690d
asymmetric_crash,4048,0.0031522081699222326,6e2a6e39366406b7cd24975d047b9bbbc48b4b7ca49bb24c80d17f0daaeb95f7,d9b6e0712402427879ddc28abc2c0d7eccc689fa4e6d0784f973c36a018367dc,6552baf3b9b50ff0b02b26356f43bb7e3cdc9b34942e0b0fab65d58c60455e0d
student_t4,4048,0.0030813750345259905,d5b5a9b6823bb932d490ac495002babce220fa036ceb8042f3f0bfc3bb10b626,d9b6e0712402427879ddc28abc2c0d7eccc689fa4e6d0784f973c36a018367dc,0cacbf56d4e68f361f934017db38386368a4458ec907f05eac9510ac97fbf882
markov_volatility,4048,0.0031339169945567846,acdfd5759714631b32fc54acea6825538192dbee1c32b2cf910a5d8ca80bb446,d9b6e0712402427879ddc28abc2c0d7eccc689fa4e6d0784f973c36a018367dc,d5f8f5abaf23932a8cdb9881bd9dfcbd3dfab5b8460ae216dc58d0ec6e1ab3c5
gaussian,4049,0.003038792172446847,028d70d0725e38ad73844fd939372ae80e2c9227f4fb1a2407305218bb1ce973,eca0b0d1a6631de84461f635270dc0ade8a9769b609dacd94412d4417a6516d6,4b77bb5e28f83faf2691e6e31274305b7fa7941554509148aaf4584a3dab77cb
asymmetric_crash,4049,0.003429125063121319,d369748a5bc33a258873ef84701babf4b3968ebcfd910f04b241be905a1c9974,eca0b0d1a6631de84461f635270dc0ade8a9769b609dacd94412d4417a6516d6,68a584799d236bc80ce3317aa6e050c0111863171b133f07e3b19b1dd71c2f26
student_t4,4049,0.003088542027398944,2612ae399252cc6f144cc4c6232dc308fedf2fc36f80f74e55554e2ce60945db,eca0b0d1a6631de84461f635270dc0ade8a9769b609dacd94412d4417a6516d6,ca472138dff20a8486a9d3e06fbd2493c66f5133443b3091011d1ef1e806afec
markov_volatility,4049,0.003090375103056431,3ed985a08f54a62618bd1ecc36340f714dc89dbb75301b284eaacf1689d4211e,eca0b0d1a6631de84461f635270dc0ade8a9769b609dacd94412d4417a6516d6,90548159c0739e13b005a02be9cd7dee28325836a7aa40ec2e5ed3867e241c70
gaussian,4050,0.003075249958783388,e7871b6c74636df8d237413eea04cddd60a00cfc3724209a2adb2340b17f4915,9250e4215dcac37a6f0e9bd5d89ccf69ca4bbaa2dcc97d9e34108c73ba83e6a5,b2d344ce1fa43282a8e0b372c61c0deca265a16c598d147aebc0e9a990651978
asymmetric_crash,4050,0.003198999911546707,aedc29941f2d3fb3959bf89065649fa4235db4e76d0e8417a06f0208ca8aa217,9250e4215dcac37a6f0e9bd5d89ccf69ca4bbaa2dcc97d9e34108c73ba83e6a5,1ebdd1702debaa10113ddd16b85db4360d80b658fb7cddca52176e3f57426ad0
student_t4,4050,0.0028487080708146095,566764dd0819ba528a0427b3cc4df181f687f15c7f1a893cacd5224e8f4f31d6,9250e4215dcac37a6f0e9bd5d89ccf69ca4bbaa2dcc97d9e34108c73ba83e6a5,2efe95e6a57d82a7d92fc820aed5720db02b25ea82cc7e0168b76218c51a8f3d
markov_volatility,4050,0.002990458160638809,57df9a25e76f7c49c8bf0caa0df67303207acbb8b9b36eff9bf138bb67c9b41a,9250e4215dcac37a6f0e9bd5d89ccf69ca4bbaa2dcc97d9e34108c73ba83e6a5,adcae2a2f7b5a4bd3697a8490283a37c75723f41965d7a393b04e7649c413214
gaussian,4051,0.003208792069926858,cb656a9c19f4681e89dcbc7669f1e288aa2724d9601e5621cd9030de9fee22dd,3d0aac88bea31c207072c67ebd5adbf2c558454ce8073abbbf8751833a7b773e,dc46e86003cfb2d0bb6ede0f948847f2d773359e47d39306157a4602a146e135
asymmetric_crash,4051,0.003013084176927805,477c72b938f7b7e9902bfe43d9c520dbdb2622e85f1c7ead0b6d2cbccd7ddcb8,3d0aac88bea31c207072c67ebd5adbf2c558454ce8073abbbf8751833a7b773e,b6599922a959a285e8f664a546032565a6afa03fcd02bacdf8670f152e24e49d
student_t4,4051,0.003088291035965085,d63e0284aece46bcf7edaf5e66b2e72e3924b92ab0aa111e97af94859f1dd944,3d0aac88bea31c207072c67ebd5adbf2c558454ce8073abbbf8751833a7b773e,d983681a6209cc994b2d8804a0d27d7a2acf67778c419f618d1231c0ae2d05d9
markov_volatility,4051,0.003126417053863406,a0b0712232bbf619bf779813d92e7ba1f8505dae3a42871fd28ff7c26e2f05f8,3d0aac88bea31c207072c67ebd5adbf2c558454ce8073abbbf8751833a7b773e,ad264b0a6367e08730d2c7da9030ed2ec86aebc656c9d937fdcf9a17b06fb489
gaussian,4052,0.0031632077880203724,9873dd5cee41583151975dbe6a8ac1ec74eb5af9ddc55281b3d63f1274abf5b1,d0e4607a1dd6b63062c4b3e08d291fe0b6c262479214daa0539b809f27affc85,44b77431eb0466949f84eb51e621bff617d7d19c674701e5d0c681cf4edca751
asymmetric_crash,4052,0.003240749938413501,937b99b915df787ff6f72080ce119eb502f1a66b3addf373aaa19dfc4d4a72d9,d0e4607a1dd6b63062c4b3e08d291fe0b6c262479214daa0539b809f27affc85,e61b5a60780f56028c0f929cff45c7fd87a8b80fb81566d8d9b6d8e797a19876
student_t4,4052,0.003118958091363311,9fff3040a2e8e9d268c65df7f988d091ad1629b3a4ff1e3abc79e2033b0024d0,d0e4607a1dd6b63062c4b3e08d291fe0b6c262479214daa0539b809f27affc85,c08fee86655f21a79dac9f6ee0ddae9fbf311a4be07f8f4356eb69b99188963d
markov_volatility,4052,0.0031858328729867935,65ebb3d0bd1ff2dd070226689014ace24222d3691c9b962c314fcf9ec8258b9a,d0e4607a1dd6b63062c4b3e08d291fe0b6c262479214daa0539b809f27affc85,177b4cdf3079df7440733b53a768df4a5c19cc332668abca992789769b18a680
gaussian,4053,0.003170416923239827,4bd77c40647b75b440984348344dd3839c3b039f44a2ec027693b7a34cc3b8bd,6b31e3c8aa9ed1a4bd782c7c202fb20419b4992457f1cfbe972af6de93d6b053,98b874703fbc7e7248495ff93eefd20edc5db67e057ff290c4cad96015a0d17e
asymmetric_crash,4053,0.0031313749495893717,b8c9927a02b3da6a27cf2c6862cafbaabe25734e4528286894b55c0afc005b9b,6b31e3c8aa9ed1a4bd782c7c202fb20419b4992457f1cfbe972af6de93d6b053,d915870c337e123e5efa258601b3f746faaf09644f320019d4825772af98e8a3
student_t4,4053,0.0032002918887883425,962b09c23551e09b71c3fc1e593f8b06a1614df34bdef5b7845b40e2d663b04d,6b31e3c8aa9ed1a4bd782c7c202fb20419b4992457f1cfbe972af6de93d6b053,ca51824fc61dc7ae0c1284bd6f97dd8471a2502714e58318149bfbe81bd278ce
markov_volatility,4053,0.0032152081839740276,57eaffa0ba558ccd3ccf74df854ca5687d0f5d7ff94a9e15ceb120ba19937a7f,6b31e3c8aa9ed1a4bd782c7c202fb20419b4992457f1cfbe972af6de93d6b053,778aa245bb66924c35d84ad175e8cd36dd54db2e08dc804dc2bac755ad5da4b7
gaussian,4054,0.0031288331374526024,f37bfc489bfb7717bcfd9a9e698fb95724c62bd094fc4f524153058de7ab68f9,03eeac1e70c82eb126ec96ad340cb59255bd08863cd361dbaf7ea756152afefb,a5d9f138496d94e54c71c737db41be77631e51b0e87e3691d2da1f29263fc83e
asymmetric_crash,4054,0.0030419998802244663,199d20afb17350527f3cc36cc43b92aecfe5bd0ba2be29a9124c7ea1704c304b,03eeac1e70c82eb126ec96ad340cb59255bd08863cd361dbaf7ea756152afefb,038eedc58225224791665614fcbb496f716cc0db5ade27483e3603db24743885
student_t4,4054,0.003069333964958787,3c4773b18aa702bf244d3884ee862307323e5790f462409b3b89dbbe59ff89e8,03eeac1e70c82eb126ec96ad340cb59255bd08863cd361dbaf7ea756152afefb,d240eed11398119fb6a4e68bcdf1835c389d45d8ea70c8f6ac0d983f2b27a962
markov_volatility,4054,0.0031004161573946476,5af0a5b21d99750258a94f282ce124e5f515b4f580ac266348d1a323a994b97e,03eeac1e70c82eb126ec96ad340cb59255bd08863cd361dbaf7ea756152afefb,b40f014ace5456a38fbd13e9156ccf0b7555ef6e52eaa4eb7db58659b5a716f0
gaussian,4055,0.003278832882642746,b80182b93ff17b822207eafd2e005f093ae659128a0ee16119b312045b39492f,64a3d19bce1882686e34d9b86a013cdac6027f5357ba61314be5fe4a28f92f31,321029c61466c6521b3027a829f2413c7808470624cb7f99ae2e4d481dc817f3
asymmetric_crash,4055,0.003082459094002843,2c38fa150366fd8f47acf3fec5cd84c603b6833ea58069bb3cc0d0fa432fbb2a,64a3d19bce1882686e34d9b86a013cdac6027f5357ba61314be5fe4a28f92f31,dab6f3f36a16f5a8c4b01668477098993b6f717d41548505906cffb9a07bb6c4
student_t4,4055,0.0030934999231249094,411d975462c59e55a62579d9333873247ffcaa5c9bba69e0b7378b7198628ec8,64a3d19bce1882686e34d9b86a013cdac6027f5357ba61314be5fe4a28f92f31,ab0c73424b5a91ac2d479dad026cbacf1742d42962f8565f03326036e2a2cd44
markov_volatility,4055,0.003189084120094776,8d25b9fbd6d5abe3ef142f029ac5a8b997aff46cfacffb88c1c1532901ea5885,64a3d19bce1882686e34d9b86a013cdac6027f5357ba61314be5fe4a28f92f31,7ec4cbf3cec69c3fece2732799619224be0c1e074f6b32c6adcc3eadd71aa88d
gaussian,4056,0.0031596249900758266,a2fd53e7834b58a8de488333571b93f25fdcbfb13b656fe49527f84237831721,3fbdee432ea203ad0625727a82671f48ff207dfa7d8e8bcde73c805a37cf2c04,82ba5960e12fff3b811b3ac41fc3467da769d1dbc9737bc0dd490e0f2787f777
asymmetric_crash,4056,0.0031285828445106745,4ba34642519c0430b9828e0ea4e558036bc53b330b14d55f9e0b40c7507887d4,3fbdee432ea203ad0625727a82671f48ff207dfa7d8e8bcde73c805a37cf2c04,210952b95e9ea8a778e231c846ab9dd781c3a9d57215bb6417d05ee7dd78ae4c
student_t4,4056,0.0032330001704394817,7fe88e0bde5545ffcda89e7964459b91e3c470a5e2b0e21136fbc4603c94ecd0,3fbdee432ea203ad0625727a82671f48ff207dfa7d8e8bcde73c805a37cf2c04,ba36dabf43e2d54f4034e8bbc0425130124e3cb4b171c73af45534d027d172ab
markov_volatility,4056,0.003190582850947976,5900726eb2c9e49e9244b49c0a204eba3080fe57146254b7d74c1530c03af568,3fbdee432ea203ad0625727a82671f48ff207dfa7d8e8bcde73c805a37cf2c04,cca4ee4f1342d88e0cee534b5d4130151786c99dbfb7153611de89dad9db96f0
gaussian,4057,0.0031135419849306345,163e28dfb4212c70bdc35ac11ffa02c10ff31d939ac7fd480782b40aa034d0ce,74e3b376f0506600e12d8788254d5d05279b0fdb3e3e81b4f18dfe0a0260a940,a2336ba9b5d3ea5d6a086c6e0b160958091c16bc3a308124ebd9dfe2155adb9d
asymmetric_crash,4057,0.003234958043321967,dfea24ad3800b9c970e41a54a8854a00f6f3c1d6800856ad949054d4151d4fcb,74e3b376f0506600e12d8788254d5d05279b0fdb3e3e81b4f18dfe0a0260a940,20b545521f0b5f4a0afa00f0ad99554066ad1f0c497f396d93730618b91bdf48
student_t4,4057,0.0032881658989936113,196c468acd8335a12531f8edbca353b84ce217dc36e24cca5e1593e8aad7bd13,74e3b376f0506600e12d8788254d5d05279b0fdb3e3e81b4f18dfe0a0260a940,a2233be1622ec18ae75b565d51bf1fd08369eabbe91e7df4865bd04183f5620e
markov_volatility,4057,0.00333874998614192,9b0081cb0f68ecb13f01617c4a115975275f153846ae66f126744a99c85fd7e0,74e3b376f0506600e12d8788254d5d05279b0fdb3e3e81b4f18dfe0a0260a940,9aef7c26c1eae430a68444e5a174bc47c949880cfbf1be127aa8cae46c990c21
gaussian,4058,0.00324433296918869,5be2f4d3ea68e9cc03a896e0d12aa68b7015a5de29655cd2b658de33373f0248,24a3f34f190be5ad59a1a0cc4bc2c147062fbd032c7637096710df3c0a88762e,b1b4f340e3890b53214aaf901e3a0210b9a790398d9e783579408d3ebe4ce791
asymmetric_crash,4058,0.003196124918758869,fce5bff3eb25aa51241ff5df535c6abea993680383f77fcd9de3d93ae2fe9c56,24a3f34f190be5ad59a1a0cc4bc2c147062fbd032c7637096710df3c0a88762e,df9bc8e05954526b24074e79c3a07e75f3cf1586a9317b812f4b61e7f8edd44a
student_t4,4058,0.003162125125527382,f340099c49319d9ee5de70d17c664e839a139aa0a02ec040aa1dae615f1e014f,24a3f34f190be5ad59a1a0cc4bc2c147062fbd032c7637096710df3c0a88762e,1e364b01e044f334e8d85428163051e5ee20fdfb24eef6e66386f436a2b54f1d
markov_volatility,4058,0.0032891668379306793,00a6ffd6aa5d57790b8288b8abd05ea3a312bd259cbb43b1f1fa28432b24b04c,24a3f34f190be5ad59a1a0cc4bc2c147062fbd032c7637096710df3c0a88762e,d68425c9c9af32e1a645306aaf20268e4427afec59d13650c820965a0fb5f6f8
gaussian,4059,0.003172124968841672,1204f3128c6dc3f77b93327c02e0a5768cc91573e8829e02309194e9fa638cd8,32148548f03f22b8e0b4369277dd3940668c3e36c0fb4caf49182d7ad2c7aebe,5493a41251794f604246799d5c47bcfc8017ab3f3eee3d167d7dc68daba0152a
asymmetric_crash,4059,0.003188916016370058,c1a8118d9214e4f276e75ca626af70be03da974c82908dbf7527f13c53f17719,32148548f03f22b8e0b4369277dd3940668c3e36c0fb4caf49182d7ad2c7aebe,fd35c6d6ebc1a9da1971beddc5f798ae4d5eb7b4db4d1ab0b50144bb71c14faf
student_t4,4059,0.003101708833128214,9580dd54387e009dac0026ef1755de77785ad354f3a45db3ef316dd866eba9f1,32148548f03f22b8e0b4369277dd3940668c3e36c0fb4caf49182d7ad2c7aebe,26db320e0ec49988f904fb57d3cb749b2a0022b14c5c4f781c2ddc69ad1b6f67
markov_volatility,4059,0.0030467500910162926,303ded97b655488a4f59f791d5e0446715551253d3ecdf0b1d1506b9d412ea75,32148548f03f22b8e0b4369277dd3940668c3e36c0fb4caf49182d7ad2c7aebe,ae61f38d9eb77e2a363789e356cd9c4ec1ae0628150b34591c61d97395297019
gaussian,4060,0.003047958016395569,28e754742e791abd3be575c2ac190223520c924e4b2aa867da86cf2fda67498b,f7bd3e4fa09be06cb7b6da5844ccbd93945edc95a89587710a540924c4510caa,5202277e0d57e4c46d4a3e30bf90627488e70dfb6f9abad138f8c3045928e442
asymmetric_crash,4060,0.0031142081134021282,32898562c212cd055a8ed49040700782bae216ab23dc982abe698eb3486cd682,f7bd3e4fa09be06cb7b6da5844ccbd93945edc95a89587710a540924c4510caa,268c5299a14420960319d6c1e0c44ab816beacdbe8c1b91bd4ce2665748f3a4c
student_t4,4060,0.00308058294467628,8f2dc6eac1e7104f80275726d1d393d7234b479336b484a5091a927e54875089,f7bd3e4fa09be06cb7b6da5844ccbd93945edc95a89587710a540924c4510caa,446f637f3c0295d81779ab46db362383cb626e9e020028d3ba57657f6119b63d
markov_volatility,4060,0.0032424170058220625,70087b642efa63c2b0f2ab820fc210fa6691b84f77c531f089c56e37e03e29ea,f7bd3e4fa09be06cb7b6da5844ccbd93945edc95a89587710a540924c4510caa,cb0cbe5ff6a43401155c561df7d41600ac7c4dcc4dcf26d665cc89fb46d9dc5b
gaussian,4061,0.0031435000710189342,751f7c4ab766b0d14e985b98d74754632579d1a907b4ae76a914f84419df5d25,1982ca86376b3aed4d0bfa7d0e13cc6c934c5db0da98e59dfbacc8ea01a060d0,3b1eaf99f15bcc6b080df16655b9a8cd1811c2b59832b520d0f96240c0b41979
asymmetric_crash,4061,0.003202916821464896,8c99335013bdb6261ba83c65305409f16a4c09e98fcc03f5a82f7111e471fb21,1982ca86376b3aed4d0bfa7d0e13cc6c934c5db0da98e59dfbacc8ea01a060d0,c46c9f7e46500277d637a5f9c9c5c757114133285f50dd4491962b8a2ee6f6f0
student_t4,4061,0.00313120917417109,7cbdd497aa1aed6bdfb563de32142115f85850487dac7ab33be77029115d01fc,1982ca86376b3aed4d0bfa7d0e13cc6c934c5db0da98e59dfbacc8ea01a060d0,b4b93b96b3c412046e895080e27bbf700fb21e717e7ee43f1e9d8096933248d9
markov_volatility,4061,0.0032671671360731125,6ee603b8a2fcdbb648bfc24d068002b5dd7570aaed72be6b660b0bf39dec24ce,1982ca86376b3aed4d0bfa7d0e13cc6c934c5db0da98e59dfbacc8ea01a060d0,740974820eb2ea0f17f00083f3eb0bbaa5059d81e66d5520717b8be854811421
gaussian,4062,0.0031284168362617493,d64e74dbfbc34f0975e824c23c1bd86bedea6f127b3428a309d10a46caa191b8,7868d27ac1d54c4e9d5a297372ae8980638979241c0f2efca56756a796825582,a4c5e7196e2d604ecaff2cc2d07f3e3542ece00958f481bd3a195faac7126dc7
asymmetric_crash,4062,0.003215417033061385,b89ba945930bf2e23aa532bbb4f616d5b49b1f9fb0cbecc62f1329b80b72ede0,7868d27ac1d54c4e9d5a297372ae8980638979241c0f2efca56756a796825582,5b25e6ea3337b5b05424fd3ed6ae4e6ac0ccec564fbe05a0c5d9b9599498bb49
student_t4,4062,0.0032195840030908585,f2d1807717522e2c9aa81b76730d66cd4d927a2a83534559705193ec1eb92e87,7868d27ac1d54c4e9d5a297372ae8980638979241c0f2efca56756a796825582,b8c31ae22c913e68263791bafd01150514be8974e9aa00ca57508b0a64a45c9c
markov_volatility,4062,0.0031137920450419188,a0d89aa7db62204b210c43f0cb041d9ff0601e3506729917ab34121090057edc,7868d27ac1d54c4e9d5a297372ae8980638979241c0f2efca56756a796825582,4dd3ead0e30314b3c7a935953eb45fec7a1392cf28254a8777f2f3a5c1eeeffe
gaussian,4063,0.0031106669921427965,7347ceb735662d96705c516a7cd063009942534e4869393a590f77f081b062a9,b4cefac77d704ebf584df5bb042cbf792c02ab64aa5e2263bd4df56253d77694,e4aeb08adf660c77a63648fb33ba437c5950564f0600b3f17fa4ce1dc21df10a
asymmetric_crash,4063,0.003359624883159995,2033cf251cea3c5579a2dd5dee6ccc4585cdf448533692f9e3560d0dba880776,b4cefac77d704ebf584df5bb042cbf792c02ab64aa5e2263bd4df56253d77694,5628a3ee65d79f3d8d42c38f3ccbd98256b920be261ededd060b41ef70185137
student_t4,4063,0.0031332920771092176,14dd29234f1c235a6c15336a098a9986a3023e599aa3c3cf67345c73fcea2538,b4cefac77d704ebf584df5bb042cbf792c02ab64aa5e2263bd4df56253d77694,b11cde695b50a5cc2e741f914af1c7e4bd11a228af5d9926098afad7515dd8aa
markov_volatility,4063,0.0031101249624043703,263329e0e26adf5c1fb06a7cdd40731cfb95394fc61be290ac8fc292e7b41f61,b4cefac77d704ebf584df5bb042cbf792c02ab64aa5e2263bd4df56253d77694,c8683c4d8b7c72e1701d73d955e440437d50b98d34659db1c41a0ffcfb02f6f5
gaussian,4064,0.003167542163282633,8e557e149579d04bc69567a5ec2d1991dd00a522001d1b90785a7f7181308b0a,2f05f405d646a2b12335b231e6e7b739f85e0aa08946e1f6615692461278434a,b4e18393f99c2e8ffa6d4a01804332816c4d7f090e5356bca7e981dde34dab8a
asymmetric_crash,4064,0.0030855832155793905,80c31793ecd0ac2ee9199e87d59eb621ee4158853e04b2cbefeefe8f5b84ff23,2f05f405d646a2b12335b231e6e7b739f85e0aa08946e1f6615692461278434a,ad2ecd603c32e57781a55e16c3261dae14f90c490e8b2c06a927c645561e8bbb
student_t4,4064,0.0031307910103350878,27267e6cd0aad1dc8b3ca095cfdecea86df618ce238b0b07d4c79debaf786afe,2f05f405d646a2b12335b231e6e7b739f85e0aa08946e1f6615692461278434a,db0c04b9c5ee49d1abebc540eb1b8c2c94c96299ddd0c53d4e6e6089326a9ead
markov_volatility,4064,0.003340458031743765,31629c255a6a4690e65e26d7c0441d6ba309a1800b2d8536437a8ed5baeeb64c,2f05f405d646a2b12335b231e6e7b739f85e0aa08946e1f6615692461278434a,97bcde0efce206a9a1299efadcaaf8ec53e31a6f570ea3ed95665c7f9cc802f4
gaussian,4065,0.0028713340871036053,b83a6388fe3ea37923dc96a34c52edeed948b903bc28285a37e8af9e36bb8bae,22f996f7d580e9be3e05919ce6e9252e4c1904406115091f213254c844ed8c11,74d11ac2441b3d1508f7bba60ce6401b4a10cd2d22a905f774e52f265ad11a0f
asymmetric_crash,4065,0.0030028747860342264,cea8a2220998d02d1656a8e36f939a051a136ef200f78aea2a23f48b367fab66,22f996f7d580e9be3e05919ce6e9252e4c1904406115091f213254c844ed8c11,6281852f1a34e39ca3df65eb62ac34354c5089cb140157590c8deb7be0fe7895
student_t4,4065,0.003307084087282419,1e7cb59726b823067490bcd6f0109b1f3484c14e4763127c816690c3d8b6cc1c,22f996f7d580e9be3e05919ce6e9252e4c1904406115091f213254c844ed8c11,5e445ca39409cd37c2a70e15d3361becd976072d3121c84b9214c0b323ecfcfd
markov_volatility,4065,0.002945417072623968,8c3b7e16e143e215da01ed4dee0eebde46477020a457fda8661905042fe9d709,22f996f7d580e9be3e05919ce6e9252e4c1904406115091f213254c844ed8c11,c70d3321b127f8e83018f56e64d1b0933ed093891f362af5180751ec9962facf
gaussian,4066,0.003068624995648861,19adaee41efe1622b6b59fb9ca9a95f555f7d6b0950aaf4ceb2038056d4fd626,ccfbc4a3a349d19a32c377a885bfe6e638c60f159f9fd48f5d0e5d09ec3c5ec0,ffd9774422ab8bbfdcb6b3654a1eabed653dbd6526bc40aa74046b2938da0cb1
asymmetric_crash,4066,0.0032299580052495003,ff800bcba2365496e046e1e397d1133247f7150b8487159c6caa96da4c88e1ea,ccfbc4a3a349d19a32c377a885bfe6e638c60f159f9fd48f5d0e5d09ec3c5ec0,98ec8465cbf99b288c17d370150393ceac90bcc21e0eb1ab50c712006f5be642
student_t4,4066,0.0032204999588429928,79e6dce33fc538d221329859350d695b50f6288144a0feca5feab6b93dbb10fc,ccfbc4a3a349d19a32c377a885bfe6e638c60f159f9fd48f5d0e5d09ec3c5ec0,2435a824e394289b1a451c6a28017a9279d3eaba03a99d2ee4a597394c264e38
markov_volatility,4066,0.0031412080861628056,66de7f1d0275bd6d82d1baa801c38bc056dc7461d7e8173a2c56fa68775c18c1,ccfbc4a3a349d19a32c377a885bfe6e638c60f159f9fd48f5d0e5d09ec3c5ec0,539f39bd8d11b7db24444d13ce05cf2c28af878113fc132fabfd9f1555a67543
gaussian,4067,0.0031986250542104244,c5c625b555fb7d462b0da1bce2cc1d2b80f81b0522a091c917203ac22f42f535,744ead71516527ee4e27695faa0d668bdb9659cd166236bc1cb0b10435748e6d,5529c1269fd57f57e83554951d11764cd0675543ecabe178235ee21f274af077
asymmetric_crash,4067,0.0029247498605400324,ca1877e21d21cdcc9a443f6f47b8496dd756735e3bd9b60aa8870b4ba99b53cb,744ead71516527ee4e27695faa0d668bdb9659cd166236bc1cb0b10435748e6d,f04bc761f86a8abf75ba49b5cdde183db46f291b9dc6e89170bb1309638a4b10
student_t4,4067,0.003073458094149828,7ee0991912f807ff98510cf38d302bc1236f984c59c012e38e744609795072b0,744ead71516527ee4e27695faa0d668bdb9659cd166236bc1cb0b10435748e6d,7610455d25181354b6c24c7021e27fb959d26f8dc5a9eab120807fcaa15b4879
markov_volatility,4067,0.003206083085387945,c8f1a31958718ad21e119a1257bac7ae54e2a9fbbf6652f7e3cfdfdd1668d7da,744ead71516527ee4e27695faa0d668bdb9659cd166236bc1cb0b10435748e6d,28f401d2032b9c6bce04ebb8a01254942c84c6c2c5bedb2fca31f996786e3892
gaussian,4068,0.0031177920754998922,23778c3c31eae63c40065c0ab1a2ef5e71139984e5d21855b33fdfe86e010f7f,7d08fc2c75aea76d46ce0c25efb7cd1073decf49d9aee8b2f6da6eb4df789371,9daad33a8657f7a1d6a2108bd8b31c74ae963248f1a6ecf0988e0e74a98285b5
asymmetric_crash,4068,0.0031971249263733625,e9ed20b310f24a308d2130fa7f6c5beee891d9f04539c6941f4867494edb6e0f,7d08fc2c75aea76d46ce0c25efb7cd1073decf49d9aee8b2f6da6eb4df789371,ead6f45ec2c1e92ba00fa31f0ab4b0cd092115aa24482f96e5f4f96bb5f324bd
student_t4,4068,0.00318166590295732,1f6e7bddac760f827c60fb00e5547376f0da67111af2af40bae73c57fc9e5a15,7d08fc2c75aea76d46ce0c25efb7cd1073decf49d9aee8b2f6da6eb4df789371,f8da4c8732a8e6030454957a6027f9d86e2f396ef31fbcbe9615d1117854997e
markov_volatility,4068,0.0031680001411587,1948b8bf0cc2a4bde50330bf79672727d79770086ee0ce4847e0e2461e52cfd2,7d08fc2c75aea76d46ce0c25efb7cd1073decf49d9aee8b2f6da6eb4df789371,e81291e80b3ae444091c9b728110b48bdca01b419c6c3693bff0f8bff9fa5182
gaussian,4069,0.0031431668903678656,d1cc225e1d420846272fa92e5531ddfea8eac79ec9f0df68ab550317890d3e91,19dcbd1762ed24bf4ca0ebee2a90c27d1ec5d19d4be6a1d8aceb27fade4ba7fb,48b4c21f3ec0c671e5e266f7d1c1f0d849e01ecf5416a8f88e860a00eb8ed8e7
asymmetric_crash,4069,0.0033373748883605003,ba22fc64131561be21423ad38bb866ca6fe4d6b7534463b957dbb93d8c4379be,19dcbd1762ed24bf4ca0ebee2a90c27d1ec5d19d4be6a1d8aceb27fade4ba7fb,8362bd18fd835598b8dbd8441f3b2c513f6a18a51406c3f35a1fc3b1cc501648
student_t4,4069,0.003128125099465251,07978f4bd38e90a12f6d0a4726ed371709b7f9f70836ed045c90e1792fa6fe39,19dcbd1762ed24bf4ca0ebee2a90c27d1ec5d19d4be6a1d8aceb27fade4ba7fb,a4320b01e8af87781dbfc8fc5539928b663d44d0c70337209ac5b5a9d2280ca4
markov_volatility,4069,0.003095208201557398,f582331820963a9b25278da5c2a6e6e90f6ff240dd2d424be1ba345fbf94ad3d,19dcbd1762ed24bf4ca0ebee2a90c27d1ec5d19d4be6a1d8aceb27fade4ba7fb,90e227a3f761dc9ffba539f21e0331914f2a5362724443c4b6e7530480804a18
gaussian,4070,0.003136625047773123,d1a29bb5c8c07f45471016cb220503d80719a7c4edf66f5645daeeb90b12f360,a54d78dcf8daa2099259c3f94adfae2e5ff8cc751ecbafb12db6a7e18598da8f,c76900ef79070ff9783514d797f1c2c13c64a2eac242bf5d34a1db54f0210164
asymmetric_crash,4070,0.0031337919645011425,8627faf53a6f729dcd4e2d4505e1af366c6c701fd5eb2b2f2f029d737cbcb30e,a54d78dcf8daa2099259c3f94adfae2e5ff8cc751ecbafb12db6a7e18598da8f,443790377cbe54be058f07b907f7c4f2c122ea63cb75f3bc5a87ba53be811d6f
student_t4,4070,0.0031126660760492086,8490a9129b706f6260060cbd4ee8f54ea20e9f24f7525c476e1c7e864bc6e603,a54d78dcf8daa2099259c3f94adfae2e5ff8cc751ecbafb12db6a7e18598da8f,5e71fdf4432186e7323278ac6733963c304e86a67d8b46ffda119ba22a2d148d
markov_volatility,4070,0.0031918329186737537,3fbd27a2a1cdb98cea8155176ebc123cedb4367028a5b658652274f1de2f58f7,a54d78dcf8daa2099259c3f94adfae2e5ff8cc751ecbafb12db6a7e18598da8f,c6b8be008dc7d489d9984770fff52361da7ef492226e9f6b06b0877b9eb0ddb6
gaussian,4071,0.0031853339169174433,cc7551c4e5815d32a3d2cc4bf2265feb3c6afe7e0b15f0f6ece95dce5b42d310,8584f794135f90209fd1bd40bbe4eaa241884d68e2ee5054e664ab2a37e9fd08,9c8673e81bb269dcf5654b71ad7f30d5ef2d94b680329f58f3a278362e166e4f
asymmetric_crash,4071,0.0031685419380664825,1124214aa8cce176038495cb863c1aeda79fa51fbf67251fe12e3713453122a0,8584f794135f90209fd1bd40bbe4eaa241884d68e2ee5054e664ab2a37e9fd08,739c28fed1fcf20004fc9d5fb75cb31afd2d4aaf8243e37d075b54c099b146bc
student_t4,4071,0.0032570420298725367,7ae4a6b392268e79a4bbc71c2bd9ba9c0625509dc3d747ac0f1bcf6cfebb5117,8584f794135f90209fd1bd40bbe4eaa241884d68e2ee5054e664ab2a37e9fd08,c5f0fb3c5bda7427a708dd327b42d30757e987bc9f696ea9230a89c0976673dc
markov_volatility,4071,0.003008208004757762,a2aa8f6433229c9ab2109a087fefef0746874d0ec1d7b666ded9b076ed2862f0,8584f794135f90209fd1bd40bbe4eaa241884d68e2ee5054e664ab2a37e9fd08,2f65252083860d9542ad5c40718b72c46c19eadb0b030a1aeb5f4d478beb669f
gaussian,4072,0.003248542081564665,d2e6879acfeedd743a8edf61f0658e651152a72bb1744f8f722af86c204c8dbd,1ed27676f239af49f8e2a0781fe05bdfc9c6b023c9179ad6ade18816b9e1dcac,2b0886af34fe8b1550cc032ea175b4acbb3c26191b675cc54b6f03b6c88c0cc4
asymmetric_crash,4072,0.003153167199343443,fb0933d2687e0e02b73abfcf531c7befd04c12bfd7f8c70fda8d22ebc16e1327,1ed27676f239af49f8e2a0781fe05bdfc9c6b023c9179ad6ade18816b9e1dcac,0ecfbc90f2b9e39fca81952622c3d3e5da2f8bc3403105464dae7be634e6596b
student_t4,4072,0.0030297499615699053,d2dca637218e483a93fd65672b1d69a88af8452702df09aeecfd54b394c2a1a4,1ed27676f239af49f8e2a0781fe05bdfc9c6b023c9179ad6ade18816b9e1dcac,c214ffe5998107953635fe0b3657d76d40db5085c15d38a21689c881dc14af56
markov_volatility,4072,0.0030842500273138285,b2c5e85638859cddf457f6a49b7a1ef9b9868806ec52fccbbc1cd6ea2845ba8a,1ed27676f239af49f8e2a0781fe05bdfc9c6b023c9179ad6ade18816b9e1dcac,b4f46c8a88026ff8a3c07728ae1b9a54f481a8455e480b36a00c3d4b84a55ebd
gaussian,4073,0.003120874986052513,088f937da5cb5b11d553898a513f246fef14b975b76ebc99a56c7f05fffe53c5,af487d7a2f7adb646f6f7b0a00122e6b4315e06fec50832cc0165997aeea9dc8,21534b065bed7dce1e7c862d8ef59cef90befc2c02eafb43edfc042b2024cef3
asymmetric_crash,4073,0.003067166078835726,47922dc5596f06983704eb4ee531ca829d19c09d8aaf582eff3fc7de4a40aad7,af487d7a2f7adb646f6f7b0a00122e6b4315e06fec50832cc0165997aeea9dc8,683847fcf31624c7932890424c6448a833fca080367f79302a78aeea4d7d9745
student_t4,4073,0.0030925001483410597,eda0ffb919ec670947348d554cf4762f69b2d440cfed481c4d478fcba2c2f743,af487d7a2f7adb646f6f7b0a00122e6b4315e06fec50832cc0165997aeea9dc8,fbbf1551a6f421473cd59dcffc21fd75389438d952966178a595f76381ae5e4a
markov_volatility,4073,0.0031046660151332617,bc239dcac70e5938842e247e3dec738edf5b43a4f11ddb8567f33c851514aac4,af487d7a2f7adb646f6f7b0a00122e6b4315e06fec50832cc0165997aeea9dc8,5f0b508a472dbe9baaf631747d2fa24ce96be528e1d19e8c4f22d3481c4bd43a
gaussian,4074,0.0032078749500215054,04267d4f061fe825f918d49f7529224eac563e1556b22d2a21774de5a5e8083e,61a7a1722145a2891660de17c71ff4c02c2e05c770e668557f726abc0ec95105,a634728673af4f0b0de27d3be0fdc8fb2f35c32b05f5017f0f1a130772f370eb
asymmetric_crash,4074,0.0031739999540150166,856f24f410dc8dd9aac4056c736990431a17e6590c33497f5064e78377372b62,61a7a1722145a2891660de17c71ff4c02c2e05c770e668557f726abc0ec95105,a4dcac2195961e4780554eeaf2fb243546b358ae0c12b0a4da470a71439632b0
student_t4,4074,0.0031352920923382044,c631aa90a6cf60fcdef3281bb3d345f84b949deedc3e204e73bba668903a5177,61a7a1722145a2891660de17c71ff4c02c2e05c770e668557f726abc0ec95105,515d70e4864e5312e2fe9432bc18edaf3913c5fa52c500b571aee1afb46b04d1
markov_volatility,4074,0.0034247918520122766,b99ab604aa57c26fa0f6af0c6da57254dd97e88acd6f37e14aaf450eddcd312f,61a7a1722145a2891660de17c71ff4c02c2e05c770e668557f726abc0ec95105,c5831e0fa51debb9b97e4a18fdcb679352510b5ef865b66f9e86ea020105c391
gaussian,4075,0.003128624986857176,e11909515929c568fb9e4d64468de8d3be81db9cde51eb427519fac57cce99b1,425ad1b1c7357a9b62d10ed80aad890f7df8cd85c82995cd0cf37a1e5f223161,47bc3372e4eee57907471e3e8f0fa6a402aef0cf7c38438f7f5d1dfe8300075c
asymmetric_crash,4075,0.0031220410019159317,06faa383dc7c0cc332cb188bd8cf25edf41c2b8d28258df45d2bb287e77e7574,425ad1b1c7357a9b62d10ed80aad890f7df8cd85c82995cd0cf37a1e5f223161,7033dde91bed31f8fc72e04ba9cae44ca2b8bcca6d2414a73167e2e9ff049a4e
student_t4,4075,0.0033628749661147594,ce27fc6cbd74b31bc6d52826154967d7c72990995e02bbe7045eec2bb4dd3270,425ad1b1c7357a9b62d10ed80aad890f7df8cd85c82995cd0cf37a1e5f223161,9e89293af03b3c1320200b4fe8d7722f6b34ff3d6a6d56ce0baf6fd60bb2c73d
markov_volatility,4075,0.002915667137131095,3b24f07e07624df7613db1517c349c8000293ee3915b9e3ae04b4c0ceaec408e,425ad1b1c7357a9b62d10ed80aad890f7df8cd85c82995cd0cf37a1e5f223161,ae27c8b3eb5a8fbc1ac103ebd93a193e34b2c535093eac5b61ddbd9542395210
gaussian,4076,0.003072708146646619,8ac6daff20d33e3024d83784a05d21cf6dae42ecd5bee7bba76db0c56d168490,aa49d345bbf5fac8acbc14e703970ef6589aa2da4962b5f38b10162d7ad18423,511ad843f5cc8e0ef08be71003b62efc208cd511ff6047a1bece3e6dd5f0fd7a
asymmetric_crash,4076,0.0031866671051830053,566e248bf5b1d72b2e01e94587f02d24a950fd8534fbb155a2625e0ef181139b,aa49d345bbf5fac8acbc14e703970ef6589aa2da4962b5f38b10162d7ad18423,176cd66e6d75c50e4a5ac176475f554a249d1f5616160612fabec17fd6ad818f
student_t4,4076,0.0031196249183267355,e730e91c7942aa16b548a0c7b1c9a22fde1dce509248199bdf614101cb9b42ca,aa49d345bbf5fac8acbc14e703970ef6589aa2da4962b5f38b10162d7ad18423,00b1c408f9c5720195da2403020c098948764c12fcdf5f808b8ca406fe55dbcd
markov_volatility,4076,0.003086416982114315,cb015c59f055b6db4c168e4f012593ec7cfe345311533a973ad296319cdbf6bb,aa49d345bbf5fac8acbc14e703970ef6589aa2da4962b5f38b10162d7ad18423,59ccb3ebfe4dc93c0556eb4923a6e8e1d5203514e2ec35d83b2327acaa8ade49
gaussian,4077,0.003207665868103504,bb8b676c60c28e610966928e78b669f4563dbd07eb318a2d47b7e245214b525e,a8a06d0f420f6725b9ed6b63c70bda8fc13eff74eb3fb3abe6619c0af145cf1c,884dffa6019bc6f1d4de1ad94a939fb2673d5a2398782a1a26dab36f86fedd36
asymmetric_crash,4077,0.0031746248714625835,6c35a05f2b37f3d91c02d5935de871f53238a71f4c4de3625c0b56a4cad1e347,a8a06d0f420f6725b9ed6b63c70bda8fc13eff74eb3fb3abe6619c0af145cf1c,ea41cf6d9317bd8b153e0df89a9a9c134f1be1c5cf9c79d77824a4954d4a9e87
student_t4,4077,0.003152040997520089,a3bfc4dddbd8f7ce80b3bd2fecc52ec58182a36291031b30881f8fcab6d1ea07,a8a06d0f420f6725b9ed6b63c70bda8fc13eff74eb3fb3abe6619c0af145cf1c,fc092886694d4ea583abc444d7e1d3955ff8e4614f9078899321e8384583d001
markov_volatility,4077,0.0033802080433815718,8c262465bb03e558f65b4f0a6f7c78b258b32731a72d44aafd8dee30d7d73e40,a8a06d0f420f6725b9ed6b63c70bda8fc13eff74eb3fb3abe6619c0af145cf1c,dcbd96981e6f67da317e277d02aabfeb6904d2ac7f3c61ef129c12dfa7b2aae4
gaussian,4078,0.0031146660912781954,886cfdbdd8f92df0ae17e7d349fc7481daebdf5c2e08259e8136be0e46586a59,7e0941c5259529c74f66d7692d8041855bb78f27c64f1f51b9f5bda6a8e59f7c,80f293579a35a6e99f8515aa9492995dedcd2db746fda6aac12ffe062f0e8f76
asymmetric_crash,4078,0.003127500182017684,b261807c9ff99fca66a08435c7d9106bfefc37e3763d19ad47a6059e53e9cccd,7e0941c5259529c74f66d7692d8041855bb78f27c64f1f51b9f5bda6a8e59f7c,7c34e6d063774b25b75bbd05f33db7f8492b9c7053764c345d909376567b563e
student_t4,4078,0.003316667163744569,c2a51fbdecd4391f592b8b71602d0dbd3ce78a7f8d85b7b1d2948486c5cc1aaf,7e0941c5259529c74f66d7692d8041855bb78f27c64f1f51b9f5bda6a8e59f7c,8bea2654210cab9d7475fc1b34090c1bc7b91b2e7c5f14d56678175b3add6289
markov_volatility,4078,0.0031850419472903013,38c524cd0985a4640fdedb0aad3d3a60eb09fcaaebbcbdd8f6cbdc5e9077f685,7e0941c5259529c74f66d7692d8041855bb78f27c64f1f51b9f5bda6a8e59f7c,54ba556bf00b3799f79516fc647a10ca597fa90f5a0998e502c95408e9210d1a
gaussian,4079,0.00312587502412498,16018a2ae4ab4fcf05226f75ea3e3ca35f298e88762d553e3903dfdd35535dc7,066aa52fc513a06004903fbdd3ed081c693478ac4e7e5589dc4c1d5eb9626dad,48c845a2b380c044536cfcbf08c78e9b19fbee31d0c4a1aa4121500d88023cf5
asymmetric_crash,4079,0.0031543748918920755,ae2c77de5facaa59ab734c6f27f42df867f0f2cfa261075b3cb66156f954ba41,066aa52fc513a06004903fbdd3ed081c693478ac4e7e5589dc4c1d5eb9626dad,bea6d05b12cf05add390ff15cf392aa2767ac4c727408c5d50f58cd21f01bca5
student_t4,4079,0.003086916171014309,d40eb5e27e7defabbc8399d2fa7bc834e7a8921116d90258ef5f5d73cc7c1b18,066aa52fc513a06004903fbdd3ed081c693478ac4e7e5589dc4c1d5eb9626dad,0c13ddabba49cc6b3946a5fe3260346783a894c8d712ef641b5299f69fd0ca25
markov_volatility,4079,0.003185250097885728,dbe586d2769e7871bdac116e9c4ecbab1efe5086f10ce5f3bd289f4b65679545,066aa52fc513a06004903fbdd3ed081c693478ac4e7e5589dc4c1d5eb9626dad,7a2c3cbaf9ec85735eccf39d7d9b9de101c295565a5c6ee10da162d8a4563a9c
