baseline,ci_high,ci_low,mean,method,metric,n_clusters,period,policy,primary,status,world
raw,-0.10671372870511911,-0.1383208098764416,-0.12271655592549588,hmm_filtered,conditional_squared_relative_error,32,all,full512,False,COMPLETE,markov_stationary
raw,-0.08689672835267384,-0.16830400104423487,-0.12709504470537436,hmm_filtered,conditional_signed_relative_error,32,all,full512,False,COMPLETE,markov_stationary
raw,0.24963459973080826,0.17406584849298842,0.2109035931896235,hmm_filtered,marginal_squared_relative_error,32,all,full512,False,COMPLETE,markov_stationary
iid_oic,-0.14782169177436685,-0.19330501999455704,-0.16950862070304984,hmm_filtered,conditional_squared_relative_error,32,all,full512,False,COMPLETE,markov_stationary
iid_oic,-0.16837535283475938,-0.2645797653428085,-0.21585502954482816,hmm_filtered,conditional_signed_relative_error,32,all,full512,False,COMPLETE,markov_stationary
iid_oic,0.25520751289358273,0.17809873261827025,0.21610258713276825,hmm_filtered,marginal_squared_relative_error,32,all,full512,False,COMPLETE,markov_stationary
gaussian_iid,-0.0698445581772498,-0.1016420002497165,-0.0856416187309878,hmm_filtered,conditional_squared_relative_error,32,all,full512,True,COMPLETE,markov_stationary
gaussian_iid,0.008858872589713,-0.04904460568155981,-0.020055115271295436,hmm_filtered,conditional_signed_relative_error,32,all,full512,False,COMPLETE,markov_stationary
gaussian_iid,0.23354308791671788,0.15918745531790018,0.19546951299008336,hmm_filtered,marginal_squared_relative_error,32,all,full512,False,COMPLETE,markov_stationary
ar_gaussian,-0.06958222916106661,-0.10119155896296195,-0.08524661814808956,hmm_filtered,conditional_squared_relative_error,32,all,full512,False,COMPLETE,markov_stationary
ar_gaussian,0.008891956523121048,-0.04839314579934752,-0.01959662969298763,hmm_filtered,conditional_signed_relative_error,32,all,full512,False,COMPLETE,markov_stationary
ar_gaussian,0.23351491308120648,0.15911963104957072,0.19544388867789747,hmm_filtered,marginal_squared_relative_error,32,all,full512,False,COMPLETE,markov_stationary
ewma_gaussian,-0.07697585296124064,-0.12045565092890878,-0.09815407664121742,hmm_filtered,conditional_squared_relative_error,32,all,full512,False,COMPLETE,markov_stationary
ewma_gaussian,0.01131188357133501,-0.048100157708715285,-0.01852457351038577,hmm_filtered,conditional_signed_relative_error,32,all,full512,False,COMPLETE,markov_stationary
ewma_gaussian,0.15572737242450277,0.08416965668277648,0.11917071421279529,hmm_filtered,marginal_squared_relative_error,32,all,full512,False,COMPLETE,markov_stationary
hmm_stationary,-0.11633294920885133,-0.14601827567781428,-0.1313740020848469,hmm_filtered,conditional_squared_relative_error,32,all,full512,False,COMPLETE,markov_stationary
hmm_stationary,-0.12439362655692997,-0.19894366289770427,-0.16122910530907464,hmm_filtered,conditional_signed_relative_error,32,all,full512,False,COMPLETE,markov_stationary
hmm_stationary,0.2573917689216231,0.1812730343926664,0.2186186075107383,hmm_filtered,marginal_squared_relative_error,32,all,full512,False,COMPLETE,markov_stationary
raw,-0.0967511179554442,-0.1415270735636627,-0.11836674649894677,hmm_filtered,conditional_squared_relative_error,32,before,full512,False,COMPLETE,markov_stationary
raw,-0.09640760891828005,-0.20742523611973904,-0.15333223814469402,hmm_filtered,conditional_signed_relative_error,32,before,full512,False,COMPLETE,markov_stationary
raw,0.2326672823367579,0.12711907150712606,0.1762488288072718,hmm_filtered,marginal_squared_relative_error,32,before,full512,False,COMPLETE,markov_stationary
iid_oic,-0.14409190212276923,-0.19723198571462275,-0.1697375536097896,hmm_filtered,conditional_squared_relative_error,32,before,full512,False,COMPLETE,markov_stationary
iid_oic,-0.1776684976621009,-0.3079872281056206,-0.24419913065908838,hmm_filtered,conditional_signed_relative_error,32,before,full512,False,COMPLETE,markov_stationary
iid_oic,0.24160618114935448,0.13196546532536227,0.183560605292831,hmm_filtered,marginal_squared_relative_error,32,before,full512,False,COMPLETE,markov_stationary
gaussian_iid,-0.0537213212167198,-0.1049023449817878,-0.07815749021988148,hmm_filtered,conditional_squared_relative_error,32,before,full512,False,COMPLETE,markov_stationary
gaussian_iid,-0.0030667806339739895,-0.08667555591517792,-0.04602126949817531,hmm_filtered,conditional_signed_relative_error,32,before,full512,False,COMPLETE,markov_stationary
gaussian_iid,0.21413304502501582,0.10978306328401372,0.15834595942552915,hmm_filtered,marginal_squared_relative_error,32,before,full512,False,COMPLETE,markov_stationary
ar_gaussian,-0.05382056066909583,-0.10638638873594611,-0.07879541516044684,hmm_filtered,conditional_squared_relative_error,32,before,full512,False,COMPLETE,markov_stationary
ar_gaussian,-0.0008128851038080695,-0.08429570732370191,-0.044041792475408834,hmm_filtered,conditional_signed_relative_error,32,before,full512,False,COMPLETE,markov_stationary
ar_gaussian,0.2129492492427913,0.10905779406313337,0.15750537865632608,hmm_filtered,marginal_squared_relative_error,32,before,full512,False,COMPLETE,markov_stationary
ewma_gaussian,-0.054984792362380464,-0.12277703311818178,-0.08528062979626581,hmm_filtered,conditional_squared_relative_error,32,before,full512,False,COMPLETE,markov_stationary
ewma_gaussian,-0.005651762585553932,-0.08894011666588819,-0.04771471547792136,hmm_filtered,conditional_signed_relative_error,32,before,full512,False,COMPLETE,markov_stationary
ewma_gaussian,0.13453180731611414,-0.015240098382499116,0.06124075487065142,hmm_filtered,marginal_squared_relative_error,32,before,full512,False,COMPLETE,markov_stationary
hmm_stationary,-0.10867438014858904,-0.15009150557700734,-0.12859496898186332,hmm_filtered,conditional_squared_relative_error,32,before,full512,False,COMPLETE,markov_stationary
hmm_stationary,-0.13276730248687177,-0.23794476333003456,-0.18690690918613503,hmm_filtered,conditional_signed_relative_error,32,before,full512,False,COMPLETE,markov_stationary
hmm_stationary,0.24087246394303236,0.13267515079175202,0.1833764830068206,hmm_filtered,marginal_squared_relative_error,32,before,full512,False,COMPLETE,markov_stationary
raw,-0.10700531904851637,-0.14822519722822391,-0.12706636535204496,hmm_filtered,conditional_squared_relative_error,32,after,full512,False,COMPLETE,markov_stationary
raw,-0.048604377146382376,-0.15427830507447773,-0.10085785126605466,hmm_filtered,conditional_signed_relative_error,32,after,full512,False,COMPLETE,markov_stationary
raw,0.3126359498297038,0.18395471387039353,0.24555835757197522,hmm_filtered,marginal_squared_relative_error,32,after,full512,False,COMPLETE,markov_stationary
iid_oic,-0.14298259991633558,-0.200248099881012,-0.16927968779631009,hmm_filtered,conditional_squared_relative_error,32,after,full512,False,COMPLETE,markov_stationary
iid_oic,-0.12918792689639017,-0.24759898351121493,-0.18751092843056794,hmm_filtered,conditional_signed_relative_error,32,after,full512,False,COMPLETE,markov_stationary
iid_oic,0.31296945743596577,0.18784689635062188,0.2486445689727055,hmm_filtered,marginal_squared_relative_error,32,after,full512,False,COMPLETE,markov_stationary
gaussian_iid,-0.07350372492390701,-0.11329916444054079,-0.09312574724209412,hmm_filtered,conditional_squared_relative_error,32,after,full512,False,COMPLETE,markov_stationary
gaussian_iid,0.04976819409845186,-0.03700999896114645,0.00591103895558444,hmm_filtered,conditional_signed_relative_error,32,after,full512,False,COMPLETE,markov_stationary
gaussian_iid,0.2989387346522647,0.17160108163886295,0.23259306655463763,hmm_filtered,marginal_squared_relative_error,32,after,full512,False,COMPLETE,markov_stationary
ar_gaussian,-0.07253477111573735,-0.11155631842648535,-0.09169782113573231,hmm_filtered,conditional_squared_relative_error,32,after,full512,False,COMPLETE,markov_stationary
ar_gaussian,0.048638465414594885,-0.03804170146272729,0.004848533089433573,hmm_filtered,conditional_signed_relative_error,32,after,full512,False,COMPLETE,markov_stationary
ar_gaussian,0.29916302576366466,0.1724913166702732,0.23338239869946886,hmm_filtered,marginal_squared_relative_error,32,after,full512,False,COMPLETE,markov_stationary
ewma_gaussian,-0.07694291686127083,-0.15044479896896645,-0.111027523486169,hmm_filtered,conditional_squared_relative_error,32,after,full512,False,COMPLETE,markov_stationary
ewma_gaussian,0.0610590649548364,-0.0401047023162559,0.010665568457149815,hmm_filtered,conditional_signed_relative_error,32,after,full512,False,COMPLETE,markov_stationary
ewma_gaussian,0.24143568682038133,0.11648266491863503,0.17710067355493916,hmm_filtered,marginal_squared_relative_error,32,after,full512,False,COMPLETE,markov_stationary
hmm_stationary,-0.11532062786807884,-0.15300454822946355,-0.13415303518783045,hmm_filtered,conditional_squared_relative_error,32,after,full512,False,COMPLETE,markov_stationary
hmm_stationary,-0.08506411784445665,-0.18600602195088684,-0.13555130143201422,hmm_filtered,conditional_signed_relative_error,32,after,full512,False,COMPLETE,markov_stationary
hmm_stationary,0.31879671276205235,0.19269689963066564,0.25386073201465603,hmm_filtered,marginal_squared_relative_error,32,after,full512,False,COMPLETE,markov_stationary
raw,-0.1291631315886051,-0.16214515014058486,-0.14572433819505998,hmm_filtered,conditional_squared_relative_error,32,all,equal512,False,COMPLETE,markov_stationary
raw,-0.11564312407723712,-0.20665442317055893,-0.1610428957910537,hmm_filtered,conditional_signed_relative_error,32,all,equal512,False,COMPLETE,markov_stationary
raw,0.31889743874910764,0.21612421651509425,0.266149577037178,hmm_filtered,marginal_squared_relative_error,32,all,equal512,False,COMPLETE,markov_stationary
iid_oic,-0.13473367649053908,-0.16973827839483074,-0.15213352436809274,hmm_filtered,conditional_squared_relative_error,32,all,equal512,False,COMPLETE,markov_stationary
iid_oic,-0.12608271823898554,-0.21902269330212476,-0.1723648653771997,hmm_filtered,conditional_signed_relative_error,32,all,equal512,False,COMPLETE,markov_stationary
iid_oic,0.3186496150459529,0.21595200965958747,0.26591269942538476,hmm_filtered,marginal_squared_relative_error,32,all,equal512,False,COMPLETE,markov_stationary
gaussian_iid,-0.06877890042461707,-0.10017793675187969,-0.08410558103008203,hmm_filtered,conditional_squared_relative_error,32,all,equal512,False,COMPLETE,markov_stationary
gaussian_iid,0.027027750912184765,-0.03666944098769736,-0.0049789031522640016,hmm_filtered,conditional_signed_relative_error,32,all,equal512,False,COMPLETE,markov_stationary
gaussian_iid,0.30355942484807236,0.2021099835244825,0.25147979828146766,hmm_filtered,marginal_squared_relative_error,32,all,equal512,False,COMPLETE,markov_stationary
ar_gaussian,-0.06808812837846476,-0.09950216266164738,-0.08340279632884857,hmm_filtered,conditional_squared_relative_error,32,all,equal512,False,COMPLETE,markov_stationary
ar_gaussian,0.02858095077788167,-0.034654737467535994,-0.0030786663251612554,hmm_filtered,conditional_signed_relative_error,32,all,equal512,False,COMPLETE,markov_stationary
ar_gaussian,0.303524251258366,0.20145494045461187,0.25105736931008044,hmm_filtered,marginal_squared_relative_error,32,all,equal512,False,COMPLETE,markov_stationary
ewma_gaussian,-0.07625359044296369,-0.145355078814073,-0.10725883877470838,hmm_filtered,conditional_squared_relative_error,32,all,equal512,False,COMPLETE,markov_stationary
ewma_gaussian,0.027415531574539884,-0.04137075186918976,-0.00675942250899802,hmm_filtered,conditional_signed_relative_error,32,all,equal512,False,COMPLETE,markov_stationary
ewma_gaussian,0.21581464539564466,0.11576702052815063,0.16395186907664594,hmm_filtered,marginal_squared_relative_error,32,all,equal512,False,COMPLETE,markov_stationary
hmm_stationary,-0.1286366455019898,-0.15630564710337655,-0.14284473854777752,hmm_filtered,conditional_squared_relative_error,32,all,equal512,False,COMPLETE,markov_stationary
hmm_stationary,-0.12759050393251478,-0.2070754676656275,-0.16709524361056266,hmm_filtered,conditional_signed_relative_error,32,all,equal512,False,COMPLETE,markov_stationary
hmm_stationary,0.32189087451841314,0.2187936176414037,0.26908511282359326,hmm_filtered,marginal_squared_relative_error,32,all,equal512,False,COMPLETE,markov_stationary
raw,-0.1229482331724591,-0.16416879032037918,-0.1433485554933117,hmm_filtered,conditional_squared_relative_error,32,before,equal512,False,COMPLETE,markov_stationary
raw,-0.1237082717915401,-0.2487870595179121,-0.18758206828462998,hmm_filtered,conditional_signed_relative_error,32,before,equal512,False,COMPLETE,markov_stationary
raw,0.31303983311252453,0.15677307923966005,0.23099773805373128,hmm_filtered,marginal_squared_relative_error,32,before,equal512,False,COMPLETE,markov_stationary
iid_oic,-0.12925074446399057,-0.17138657653273195,-0.15013934484636327,hmm_filtered,conditional_squared_relative_error,32,before,equal512,False,COMPLETE,markov_stationary
iid_oic,-0.1341645782297073,-0.2610723158264283,-0.1988271767287863,hmm_filtered,conditional_signed_relative_error,32,before,equal512,False,COMPLETE,markov_stationary
iid_oic,0.31333720524259606,0.1566522134115468,0.23105573661542972,hmm_filtered,marginal_squared_relative_error,32,before,equal512,False,COMPLETE,markov_stationary
gaussian_iid,-0.0546051542851187,-0.10340828629029902,-0.07798116876487285,hmm_filtered,conditional_squared_relative_error,32,before,equal512,False,COMPLETE,markov_stationary
gaussian_iid,0.01585917036353626,-0.07850835004926829,-0.032663744126574926,hmm_filtered,conditional_signed_relative_error,32,before,equal512,False,COMPLETE,markov_stationary
gaussian_iid,0.2939197191697487,0.1413085704663654,0.21328706959431692,hmm_filtered,marginal_squared_relative_error,32,before,equal512,False,COMPLETE,markov_stationary
ar_gaussian,-0.0535770788979492,-0.1040663076714024,-0.07750909786696838,hmm_filtered,conditional_squared_relative_error,32,before,equal512,False,COMPLETE,markov_stationary
ar_gaussian,0.01887673335510228,-0.07436200888034093,-0.029158879399410538,hmm_filtered,conditional_signed_relative_error,32,before,equal512,False,COMPLETE,markov_stationary
ar_gaussian,0.29296420636305737,0.14011167970418284,0.21227630993922858,hmm_filtered,marginal_squared_relative_error,32,before,equal512,False,COMPLETE,markov_stationary
ewma_gaussian,-0.05505479076533808,-0.18354153650724014,-0.10620746595160602,hmm_filtered,conditional_squared_relative_error,32,before,equal512,False,COMPLETE,markov_stationary
ewma_gaussian,0.017251825492629092,-0.08774340095708312,-0.03523524560119198,hmm_filtered,conditional_signed_relative_error,32,before,equal512,False,COMPLETE,markov_stationary
ewma_gaussian,0.20061079739475257,0.01708801511662825,0.10667078409834879,hmm_filtered,marginal_squared_relative_error,32,before,equal512,False,COMPLETE,markov_stationary
hmm_stationary,-0.1227065135554764,-0.16046451023502448,-0.14143536540835067,hmm_filtered,conditional_squared_relative_error,32,before,equal512,False,COMPLETE,markov_stationary
hmm_stationary,-0.13476246030825706,-0.2495590696215927,-0.19349072510743995,hmm_filtered,conditional_signed_relative_error,32,before,equal512,False,COMPLETE,markov_stationary
hmm_stationary,0.315451764139729,0.15856726436221552,0.23295049395302903,hmm_filtered,marginal_squared_relative_error,32,before,equal512,False,COMPLETE,markov_stationary
raw,-0.12732445237856746,-0.17002895270073276,-0.1481001208968082,hmm_filtered,conditional_squared_relative_error,32,after,equal512,False,COMPLETE,markov_stationary
raw,-0.07818633494804635,-0.1916309046747309,-0.13450372329747734,hmm_filtered,conditional_signed_relative_error,32,after,equal512,False,COMPLETE,markov_stationary
raw,0.38086848241138105,0.22567217105168744,0.3013014160206248,hmm_filtered,marginal_squared_relative_error,32,after,equal512,False,COMPLETE,markov_stationary
iid_oic,-0.13231162085840928,-0.17739330463767145,-0.15412770388982228,hmm_filtered,conditional_squared_relative_error,32,after,equal512,False,COMPLETE,markov_stationary
iid_oic,-0.0888798016286704,-0.20361400033268914,-0.14590255402561306,hmm_filtered,conditional_signed_relative_error,32,after,equal512,False,COMPLETE,markov_stationary
iid_oic,0.3799225929321345,0.22532548449413176,0.30076966223533985,hmm_filtered,marginal_squared_relative_error,32,after,equal512,False,COMPLETE,markov_stationary
gaussian_iid,-0.07190049495319183,-0.10956993351848814,-0.09022999329529117,hmm_filtered,conditional_squared_relative_error,32,after,equal512,False,COMPLETE,markov_stationary
gaussian_iid,0.07087830603418231,-0.023420676035393967,0.02270593782204692,hmm_filtered,conditional_signed_relative_error,32,after,equal512,False,COMPLETE,markov_stationary
gaussian_iid,0.3705955366536348,0.21302379455158899,0.28967252696861845,hmm_filtered,marginal_squared_relative_error,32,after,equal512,False,COMPLETE,markov_stationary
ar_gaussian,-0.07126747957920118,-0.10794176661907173,-0.08929649479072878,hmm_filtered,conditional_squared_relative_error,32,after,equal512,False,COMPLETE,markov_stationary
ar_gaussian,0.07055335467769987,-0.02308832504726228,0.023001546749088032,hmm_filtered,conditional_signed_relative_error,32,after,equal512,False,COMPLETE,markov_stationary
ar_gaussian,0.3709753846708179,0.21312993269288164,0.2898384286809323,hmm_filtered,marginal_squared_relative_error,32,after,equal512,False,COMPLETE,markov_stationary
ewma_gaussian,-0.07184361648708074,-0.14928350024078407,-0.10831021159781073,hmm_filtered,conditional_squared_relative_error,32,after,equal512,False,COMPLETE,markov_stationary
ewma_gaussian,0.077642370959737,-0.03495917587109177,0.021716400583195947,hmm_filtered,conditional_signed_relative_error,32,after,equal512,False,COMPLETE,markov_stationary
ewma_gaussian,0.3030747974071361,0.14500011064631516,0.2212329540549431,hmm_filtered,marginal_squared_relative_error,32,after,equal512,False,COMPLETE,markov_stationary
hmm_stationary,-0.12733058488071586,-0.1618622998327269,-0.14425411168720442,hmm_filtered,conditional_squared_relative_error,32,after,equal512,False,COMPLETE,markov_stationary
hmm_stationary,-0.08644538213356692,-0.1940500378916773,-0.14069976211368534,hmm_filtered,conditional_signed_relative_error,32,after,equal512,False,COMPLETE,markov_stationary
hmm_stationary,0.3845216617388297,0.22937499810237966,0.30521973169415745,hmm_filtered,marginal_squared_relative_error,32,after,equal512,False,COMPLETE,markov_stationary
raw,-0.10062276381033156,-0.1287464104118944,-0.11440343148794324,hmm_filtered,conditional_squared_relative_error,32,all,full512,False,COMPLETE,markov_shift
raw,0.013468320460581266,-0.045632987590452014,-0.016398645896201134,hmm_filtered,conditional_signed_relative_error,32,all,full512,False,COMPLETE,markov_shift
raw,0.2523139352490771,0.17991429561913294,0.21432364738737852,hmm_filtered,marginal_squared_relative_error,32,all,full512,False,COMPLETE,markov_shift
iid_oic,-0.12054646113198164,-0.15253428580470793,-0.1360613151476036,hmm_filtered,conditional_squared_relative_error,32,all,full512,False,COMPLETE,markov_shift
iid_oic,-0.056909845026785776,-0.12535579896482493,-0.090791743674537,hmm_filtered,conditional_signed_relative_error,32,all,full512,False,COMPLETE,markov_shift
iid_oic,0.25801996546472744,0.18416508406452392,0.2193239458215704,hmm_filtered,marginal_squared_relative_error,32,all,full512,False,COMPLETE,markov_shift
gaussian_iid,-0.09206735377447155,-0.12380547349638789,-0.1075902693454866,hmm_filtered,conditional_squared_relative_error,32,all,full512,False,COMPLETE,markov_shift
gaussian_iid,0.10071635743864785,0.05906344005632773,0.07984207540781268,hmm_filtered,conditional_signed_relative_error,32,all,full512,False,COMPLETE,markov_shift
gaussian_iid,0.23336389250597084,0.16292586745041043,0.1964521419296651,hmm_filtered,marginal_squared_relative_error,32,all,full512,False,COMPLETE,markov_shift
ar_gaussian,-0.0920990545445065,-0.12363334179551048,-0.10759413018532583,hmm_filtered,conditional_squared_relative_error,32,all,full512,False,COMPLETE,markov_shift
ar_gaussian,0.10087679190509113,0.05974240025870655,0.08035764805850071,hmm_filtered,conditional_signed_relative_error,32,all,full512,False,COMPLETE,markov_shift
ar_gaussian,0.23334730876570398,0.1625057679115504,0.19620736342175032,hmm_filtered,marginal_squared_relative_error,32,all,full512,False,COMPLETE,markov_shift
ewma_gaussian,-0.05825732693223035,-0.10137750310509862,-0.07871849701912809,hmm_filtered,conditional_squared_relative_error,32,all,full512,False,COMPLETE,markov_shift
ewma_gaussian,0.018723509637226875,-0.024271883232050942,-0.0030842644637710387,hmm_filtered,conditional_signed_relative_error,32,all,full512,False,COMPLETE,markov_shift
ewma_gaussian,0.1496695467270266,0.07448299327668807,0.11149233841742298,hmm_filtered,marginal_squared_relative_error,32,all,full512,False,COMPLETE,markov_shift
hmm_stationary,-0.10112296915820523,-0.12804213346264343,-0.11421392398744522,hmm_filtered,conditional_squared_relative_error,32,all,full512,False,COMPLETE,markov_shift
hmm_stationary,-0.021345231151361107,-0.07436146596229859,-0.04835163478910969,hmm_filtered,conditional_signed_relative_error,32,all,full512,False,COMPLETE,markov_shift
hmm_stationary,0.25967661373616047,0.1871668690685527,0.22182353870901544,hmm_filtered,marginal_squared_relative_error,32,all,full512,False,COMPLETE,markov_shift
raw,-0.0967511179554442,-0.1415270735636627,-0.11836674649894677,hmm_filtered,conditional_squared_relative_error,32,before,full512,False,COMPLETE,markov_shift
raw,-0.09640760891828005,-0.20742523611973904,-0.15333223814469402,hmm_filtered,conditional_signed_relative_error,32,before,full512,False,COMPLETE,markov_shift
raw,0.2326672823367579,0.12711907150712606,0.1762488288072718,hmm_filtered,marginal_squared_relative_error,32,before,full512,False,COMPLETE,markov_shift
iid_oic,-0.14409190212276923,-0.19723198571462275,-0.1697375536097896,hmm_filtered,conditional_squared_relative_error,32,before,full512,False,COMPLETE,markov_shift
iid_oic,-0.1776684976621009,-0.3079872281056206,-0.24419913065908838,hmm_filtered,conditional_signed_relative_error,32,before,full512,False,COMPLETE,markov_shift
iid_oic,0.24160618114935448,0.13196546532536227,0.183560605292831,hmm_filtered,marginal_squared_relative_error,32,before,full512,False,COMPLETE,markov_shift
gaussian_iid,-0.0537213212167198,-0.1049023449817878,-0.07815749021988148,hmm_filtered,conditional_squared_relative_error,32,before,full512,False,COMPLETE,markov_shift
gaussian_iid,-0.0030667806339739895,-0.08667555591517792,-0.04602126949817531,hmm_filtered,conditional_signed_relative_error,32,before,full512,False,COMPLETE,markov_shift
gaussian_iid,0.21413304502501582,0.10978306328401372,0.15834595942552915,hmm_filtered,marginal_squared_relative_error,32,before,full512,False,COMPLETE,markov_shift
ar_gaussian,-0.05382056066909583,-0.10638638873594611,-0.07879541516044684,hmm_filtered,conditional_squared_relative_error,32,before,full512,False,COMPLETE,markov_shift
ar_gaussian,-0.0008128851038080695,-0.08429570732370191,-0.044041792475408834,hmm_filtered,conditional_signed_relative_error,32,before,full512,False,COMPLETE,markov_shift
ar_gaussian,0.2129492492427913,0.10905779406313337,0.15750537865632608,hmm_filtered,marginal_squared_relative_error,32,before,full512,False,COMPLETE,markov_shift
ewma_gaussian,-0.054984792362380464,-0.12277703311818178,-0.08528062979626581,hmm_filtered,conditional_squared_relative_error,32,before,full512,False,COMPLETE,markov_shift
ewma_gaussian,-0.005651762585553932,-0.08894011666588819,-0.04771471547792136,hmm_filtered,conditional_signed_relative_error,32,before,full512,False,COMPLETE,markov_shift
ewma_gaussian,0.13453180731611414,-0.015240098382499116,0.06124075487065142,hmm_filtered,marginal_squared_relative_error,32,before,full512,False,COMPLETE,markov_shift
hmm_stationary,-0.10867438014858904,-0.15009150557700734,-0.12859496898186332,hmm_filtered,conditional_squared_relative_error,32,before,full512,False,COMPLETE,markov_shift
hmm_stationary,-0.13276730248687177,-0.23794476333003456,-0.18690690918613503,hmm_filtered,conditional_signed_relative_error,32,before,full512,False,COMPLETE,markov_shift
hmm_stationary,0.24087246394303236,0.13267515079175202,0.1833764830068206,hmm_filtered,marginal_squared_relative_error,32,before,full512,False,COMPLETE,markov_shift
raw,-0.08965769065901573,-0.1330960659321374,-0.11044011647693971,hmm_filtered,conditional_squared_relative_error,32,after,full512,False,COMPLETE,markov_shift
raw,0.16291663834245607,0.07784161072871218,0.12053494635229176,hmm_filtered,conditional_signed_relative_error,32,after,full512,False,COMPLETE,markov_shift
raw,0.3099445594806499,0.19865639810048194,0.2523984659674853,hmm_filtered,marginal_squared_relative_error,32,after,full512,False,COMPLETE,markov_shift
iid_oic,-0.08315026081939934,-0.12271607285620237,-0.10238507668541763,hmm_filtered,conditional_squared_relative_error,32,after,full512,False,COMPLETE,markov_shift
iid_oic,0.10815384604446072,0.01651472870741308,0.06261564331001437,hmm_filtered,conditional_signed_relative_error,32,after,full512,False,COMPLETE,markov_shift
iid_oic,0.31064024410651764,0.2034460253688112,0.25508728635030975,hmm_filtered,marginal_squared_relative_error,32,after,full512,False,COMPLETE,markov_shift
gaussian_iid,-0.11399880470973205,-0.1616492518955314,-0.1370230484710917,hmm_filtered,conditional_squared_relative_error,32,after,full512,False,COMPLETE,markov_shift
gaussian_iid,0.24550546329009737,0.16561374915051325,0.20570542031380068,hmm_filtered,conditional_signed_relative_error,32,after,full512,False,COMPLETE,markov_shift
gaussian_iid,0.29153711748082695,0.18064802242589081,0.23455832443380104,hmm_filtered,marginal_squared_relative_error,32,after,full512,False,COMPLETE,markov_shift
ar_gaussian,-0.11361135171692933,-0.16065167315999115,-0.13639284521020484,hmm_filtered,conditional_squared_relative_error,32,after,full512,False,COMPLETE,markov_shift
ar_gaussian,0.24471367335579494,0.16421467714390575,0.2047570885924103,hmm_filtered,conditional_signed_relative_error,32,after,full512,False,COMPLETE,markov_shift
ar_gaussian,0.29195583914865847,0.18118472422737672,0.23490934818717457,hmm_filtered,marginal_squared_relative_error,32,after,full512,False,COMPLETE,markov_shift
ewma_gaussian,-0.047532335409668926,-0.10050586551580888,-0.07215636424199033,hmm_filtered,conditional_squared_relative_error,32,after,full512,False,COMPLETE,markov_shift
ewma_gaussian,0.08625850586035268,-0.0038762526055929054,0.04154618655037928,hmm_filtered,conditional_signed_relative_error,32,after,full512,False,COMPLETE,markov_shift
ewma_gaussian,0.21970240566220559,0.10841507444227588,0.16174392196419454,hmm_filtered,marginal_squared_relative_error,32,after,full512,False,COMPLETE,markov_shift
hmm_stationary,-0.0814690283836939,-0.1197977100667105,-0.09983287899302709,hmm_filtered,conditional_squared_relative_error,32,after,full512,False,COMPLETE,markov_shift
hmm_stationary,0.13299715686877617,0.04735810193480306,0.09020363960791564,hmm_filtered,conditional_signed_relative_error,32,after,full512,False,COMPLETE,markov_shift
hmm_stationary,0.31647762094630505,0.20751795229015174,0.26027059441121037,hmm_filtered,marginal_squared_relative_error,32,after,full512,False,COMPLETE,markov_shift
raw,-0.10585902922910277,-0.13103669380715105,-0.11848411174221476,hmm_filtered,conditional_squared_relative_error,32,all,equal512,False,COMPLETE,markov_shift
raw,-0.005070688931437209,-0.07355966463550266,-0.03933140865719177,hmm_filtered,conditional_signed_relative_error,32,all,equal512,False,COMPLETE,markov_shift
raw,0.3168301659518734,0.22376333502607446,0.2681266155064346,hmm_filtered,marginal_squared_relative_error,32,all,equal512,False,COMPLETE,markov_shift
iid_oic,-0.10876008228924092,-0.13395237367794602,-0.12139728136293304,hmm_filtered,conditional_squared_relative_error,32,all,equal512,False,COMPLETE,markov_shift
iid_oic,-0.014511157377073985,-0.08440437942165628,-0.0496409974387855,hmm_filtered,conditional_signed_relative_error,32,all,equal512,False,COMPLETE,markov_shift
iid_oic,0.3170040149538119,0.22323343956446937,0.2679332463873733,hmm_filtered,marginal_squared_relative_error,32,all,equal512,False,COMPLETE,markov_shift
gaussian_iid,-0.08461811280958513,-0.11611726813515724,-0.10004404974153239,hmm_filtered,conditional_squared_relative_error,32,all,equal512,False,COMPLETE,markov_shift
gaussian_iid,0.12270907177490428,0.07364536604385222,0.09824262362365427,hmm_filtered,conditional_signed_relative_error,32,all,equal512,False,COMPLETE,markov_shift
gaussian_iid,0.2990037686510075,0.20882517736326445,0.25181918750126764,hmm_filtered,marginal_squared_relative_error,32,all,equal512,False,COMPLETE,markov_shift
ar_gaussian,-0.08384794668540048,-0.11571454803493825,-0.09956835719143708,hmm_filtered,conditional_squared_relative_error,32,all,equal512,False,COMPLETE,markov_shift
ar_gaussian,0.12401608952341561,0.07520714317511999,0.09961717440248381,hmm_filtered,conditional_signed_relative_error,32,all,equal512,False,COMPLETE,markov_shift
ar_gaussian,0.2986398722850725,0.20845368964332356,0.2514338471385504,hmm_filtered,marginal_squared_relative_error,32,all,equal512,False,COMPLETE,markov_shift
ewma_gaussian,-0.060660285392791544,-0.12747833641096132,-0.08864664600187724,hmm_filtered,conditional_squared_relative_error,32,all,equal512,False,COMPLETE,markov_shift
ewma_gaussian,0.03322501002347332,-0.021505522650403064,0.0051449601507461955,hmm_filtered,conditional_signed_relative_error,32,all,equal512,False,COMPLETE,markov_shift
ewma_gaussian,0.19476997010510727,0.10610100078035892,0.14924092457167934,hmm_filtered,marginal_squared_relative_error,32,all,equal512,False,COMPLETE,markov_shift
hmm_stationary,-0.10234755799662809,-0.12678864946274127,-0.11454349239711628,hmm_filtered,conditional_squared_relative_error,32,all,equal512,False,COMPLETE,markov_shift
hmm_stationary,-0.016994243717643787,-0.07661258100810407,-0.04709360306342002,hmm_filtered,conditional_signed_relative_error,32,all,equal512,False,COMPLETE,markov_shift
hmm_stationary,0.32016973455432207,0.22629459858237827,0.2710306873158967,hmm_filtered,marginal_squared_relative_error,32,all,equal512,False,COMPLETE,markov_shift
raw,-0.1229482331724591,-0.16416879032037918,-0.1433485554933117,hmm_filtered,conditional_squared_relative_error,32,before,equal512,False,COMPLETE,markov_shift
raw,-0.1237082717915401,-0.2487870595179121,-0.18758206828462998,hmm_filtered,conditional_signed_relative_error,32,before,equal512,False,COMPLETE,markov_shift
raw,0.31303983311252453,0.15677307923966005,0.23099773805373128,hmm_filtered,marginal_squared_relative_error,32,before,equal512,False,COMPLETE,markov_shift
iid_oic,-0.12925074446399057,-0.17138657653273195,-0.15013934484636327,hmm_filtered,conditional_squared_relative_error,32,before,equal512,False,COMPLETE,markov_shift
iid_oic,-0.1341645782297073,-0.2610723158264283,-0.1988271767287863,hmm_filtered,conditional_signed_relative_error,32,before,equal512,False,COMPLETE,markov_shift
iid_oic,0.31333720524259606,0.1566522134115468,0.23105573661542972,hmm_filtered,marginal_squared_relative_error,32,before,equal512,False,COMPLETE,markov_shift
gaussian_iid,-0.0546051542851187,-0.10340828629029902,-0.07798116876487285,hmm_filtered,conditional_squared_relative_error,32,before,equal512,False,COMPLETE,markov_shift
gaussian_iid,0.01585917036353626,-0.07850835004926829,-0.032663744126574926,hmm_filtered,conditional_signed_relative_error,32,before,equal512,False,COMPLETE,markov_shift
gaussian_iid,0.2939197191697487,0.1413085704663654,0.21328706959431692,hmm_filtered,marginal_squared_relative_error,32,before,equal512,False,COMPLETE,markov_shift
ar_gaussian,-0.0535770788979492,-0.1040663076714024,-0.07750909786696838,hmm_filtered,conditional_squared_relative_error,32,before,equal512,False,COMPLETE,markov_shift
ar_gaussian,0.01887673335510228,-0.07436200888034093,-0.029158879399410538,hmm_filtered,conditional_signed_relative_error,32,before,equal512,False,COMPLETE,markov_shift
ar_gaussian,0.29296420636305737,0.14011167970418284,0.21227630993922858,hmm_filtered,marginal_squared_relative_error,32,before,equal512,False,COMPLETE,markov_shift
ewma_gaussian,-0.05505479076533808,-0.18354153650724014,-0.10620746595160602,hmm_filtered,conditional_squared_relative_error,32,before,equal512,False,COMPLETE,markov_shift
ewma_gaussian,0.017251825492629092,-0.08774340095708312,-0.03523524560119198,hmm_filtered,conditional_signed_relative_error,32,before,equal512,False,COMPLETE,markov_shift
ewma_gaussian,0.20061079739475257,0.01708801511662825,0.10667078409834879,hmm_filtered,marginal_squared_relative_error,32,before,equal512,False,COMPLETE,markov_shift
hmm_stationary,-0.1227065135554764,-0.16046451023502448,-0.14143536540835067,hmm_filtered,conditional_squared_relative_error,32,before,equal512,False,COMPLETE,markov_shift
hmm_stationary,-0.13476246030825706,-0.2495590696215927,-0.19349072510743995,hmm_filtered,conditional_signed_relative_error,32,before,equal512,False,COMPLETE,markov_shift
hmm_stationary,0.315451764139729,0.15856726436221552,0.23295049395302903,hmm_filtered,marginal_squared_relative_error,32,before,equal512,False,COMPLETE,markov_shift
raw,-0.07488566825717125,-0.11387136520079086,-0.09361966799111777,hmm_filtered,conditional_squared_relative_error,32,after,equal512,False,COMPLETE,markov_shift
raw,0.15672806856344182,0.061482374868807095,0.10891925097024643,hmm_filtered,conditional_signed_relative_error,32,after,equal512,False,COMPLETE,markov_shift
raw,0.3686863820608139,0.24559216431650222,0.3052554929591379,hmm_filtered,marginal_squared_relative_error,32,after,equal512,False,COMPLETE,markov_shift
iid_oic,-0.07431417264991204,-0.11237735155245906,-0.09265521787950284,hmm_filtered,conditional_squared_relative_error,32,after,equal512,False,COMPLETE,markov_shift
iid_oic,0.14800268787986823,0.05181497019307863,0.09954518185121528,hmm_filtered,conditional_signed_relative_error,32,after,equal512,False,COMPLETE,markov_shift
iid_oic,0.3680833966213712,0.24514094666923408,0.3048107561593169,hmm_filtered,marginal_squared_relative_error,32,after,equal512,False,COMPLETE,markov_shift
gaussian_iid,-0.09876049845678998,-0.14702734964123973,-0.12210693071819191,hmm_filtered,conditional_squared_relative_error,32,after,equal512,False,COMPLETE,markov_shift
gaussian_iid,0.2725664154896664,0.18502442820099177,0.22914899137388348,hmm_filtered,conditional_signed_relative_error,32,after,equal512,False,COMPLETE,markov_shift
gaussian_iid,0.3537484599823433,0.22958154613340248,0.29035130540821835,hmm_filtered,marginal_squared_relative_error,32,after,equal512,False,COMPLETE,markov_shift
ar_gaussian,-0.09859153974222004,-0.14644262412164258,-0.1216276165159058,hmm_filtered,conditional_squared_relative_error,32,after,equal512,False,COMPLETE,markov_shift
ar_gaussian,0.27147548062394544,0.18452624864675524,0.22839322820437818,hmm_filtered,conditional_signed_relative_error,32,after,equal512,False,COMPLETE,markov_shift
ar_gaussian,0.35408186819172316,0.2296812459041458,0.29059138433787224,hmm_filtered,marginal_squared_relative_error,32,after,equal512,False,COMPLETE,markov_shift
ewma_gaussian,-0.048252811970479086,-0.09576676597337407,-0.07108582605214848,hmm_filtered,conditional_squared_relative_error,32,after,equal512,False,COMPLETE,markov_shift
ewma_gaussian,0.09715490555041621,-0.007756956941421946,0.045525165902684385,hmm_filtered,conditional_signed_relative_error,32,after,equal512,False,COMPLETE,markov_shift
ewma_gaussian,0.2548153425504908,0.1345691902542198,0.1918110650450099,hmm_filtered,marginal_squared_relative_error,32,after,equal512,False,COMPLETE,markov_shift
hmm_stationary,-0.07003003354619367,-0.1064280800130395,-0.08765161938588191,hmm_filtered,conditional_squared_relative_error,32,after,equal512,False,COMPLETE,markov_shift
hmm_stationary,0.1456885875771865,0.05219064838603251,0.09930351898059993,hmm_filtered,conditional_signed_relative_error,32,after,equal512,False,COMPLETE,markov_shift
hmm_stationary,0.3720748917642362,0.24929762499258556,0.3091108806787644,hmm_filtered,marginal_squared_relative_error,32,after,equal512,False,COMPLETE,markov_shift
