ci_high,ci_low,interpretation,mean,method,metric,n_clusters,period,policy,status
0.012897901379901147,-0.017315300969557995,coupled pipeline shift effect; portfolios may differ across worlds,-0.002475603131328487,raw,conditional_squared_relative_error,32,all,full512,COMPLETE
-0.011087713167996569,-0.04426824074141911,coupled pipeline shift effect; portfolios may differ across worlds,-0.027609784249222086,iid_oic,conditional_squared_relative_error,32,all,full512,COMPLETE
0.039983531033917996,0.0155029539231499,coupled pipeline shift effect; portfolios may differ across worlds,0.02778617192072294,gaussian_iid,conditional_squared_relative_error,32,all,full512,COMPLETE
0.04029602654644076,0.0161032572184932,coupled pipeline shift effect; portfolios may differ across worlds,0.028185033343460397,ar_gaussian,conditional_squared_relative_error,32,all,full512,COMPLETE
0.00031986086390558145,-0.028709554692359477,coupled pipeline shift effect; portfolios may differ across worlds,-0.01359805831586518,ewma_gaussian,conditional_squared_relative_error,32,all,full512,COMPLETE
0.009050406124960582,0.0026026105374465343,coupled pipeline shift effect; portfolios may differ across worlds,0.0058375213062241485,hmm_filtered,conditional_squared_relative_error,32,all,full512,COMPLETE
0.0024657338484377843,-0.024561429839344697,coupled pipeline shift effect; portfolios may differ across worlds,-0.011322556791177527,hmm_stationary,conditional_squared_relative_error,32,all,full512,COMPLETE
0.0,0.0,coupled pipeline shift effect; portfolios may differ across worlds,0.0,raw,conditional_squared_relative_error,32,before,full512,COMPLETE
0.0,0.0,coupled pipeline shift effect; portfolios may differ across worlds,0.0,iid_oic,conditional_squared_relative_error,32,before,full512,COMPLETE
0.0,0.0,coupled pipeline shift effect; portfolios may differ across worlds,0.0,gaussian_iid,conditional_squared_relative_error,32,before,full512,COMPLETE
0.0,0.0,coupled pipeline shift effect; portfolios may differ across worlds,0.0,ar_gaussian,conditional_squared_relative_error,32,before,full512,COMPLETE
0.0,0.0,coupled pipeline shift effect; portfolios may differ across worlds,0.0,ewma_gaussian,conditional_squared_relative_error,32,before,full512,COMPLETE
0.0,0.0,coupled pipeline shift effect; portfolios may differ across worlds,0.0,hmm_filtered,conditional_squared_relative_error,32,before,full512,COMPLETE
0.0,0.0,coupled pipeline shift effect; portfolios may differ across worlds,0.0,hmm_stationary,conditional_squared_relative_error,32,before,full512,COMPLETE
0.0257958027598023,-0.03463060193911598,coupled pipeline shift effect; portfolios may differ across worlds,-0.004951206262656968,raw,conditional_squared_relative_error,32,after,full512,COMPLETE
-0.022175426335993138,-0.08853648148283821,coupled pipeline shift effect; portfolios may differ across worlds,-0.05521956849844418,iid_oic,conditional_squared_relative_error,32,after,full512,COMPLETE
0.07996706206783598,0.031005907846299814,coupled pipeline shift effect; portfolios may differ across worlds,0.055572343841445895,gaussian_iid,conditional_squared_relative_error,32,after,full512,COMPLETE
0.08059205309288152,0.03220651443698638,coupled pipeline shift effect; portfolios may differ across worlds,0.056370066686920794,ar_gaussian,conditional_squared_relative_error,32,after,full512,COMPLETE
0.0006397217278111621,-0.05741910938471896,coupled pipeline shift effect; portfolios may differ across worlds,-0.027196116631730365,ewma_gaussian,conditional_squared_relative_error,32,after,full512,COMPLETE
0.01810081224992116,0.005205221074893068,coupled pipeline shift effect; portfolios may differ across worlds,0.011675042612448294,hmm_filtered,conditional_squared_relative_error,32,after,full512,COMPLETE
0.004931467696875562,-0.049122859678689394,coupled pipeline shift effect; portfolios may differ across worlds,-0.022645113582355055,hmm_stationary,conditional_squared_relative_error,32,after,full512,COMPLETE
-0.0078068493417504,-0.037388618144674354,coupled pipeline shift effect; portfolios may differ across worlds,-0.022905673730064406,raw,conditional_squared_relative_error,32,all,equal512,COMPLETE
-0.011080548243805265,-0.041345853073443864,coupled pipeline shift effect; portfolios may differ across worlds,-0.026401690282378903,iid_oic,conditional_squared_relative_error,32,all,equal512,COMPLETE
0.03132426317848035,0.008828873171226242,coupled pipeline shift effect; portfolios may differ across worlds,0.02027302143423118,gaussian_iid,conditional_squared_relative_error,32,all,equal512,COMPLETE
0.0316860550483564,0.009087252784667639,coupled pipeline shift effect; portfolios may differ across worlds,0.020500113585369326,ar_gaussian,conditional_squared_relative_error,32,all,equal512,COMPLETE
0.0007915488346600128,-0.03266027419199176,coupled pipeline shift effect; portfolios may differ across worlds,-0.014277640050050305,ewma_gaussian,conditional_squared_relative_error,32,all,equal512,COMPLETE
0.006911101098644626,0.0016793751127364685,coupled pipeline shift effect; portfolios may differ across worlds,0.0043345527227808146,hmm_filtered,conditional_squared_relative_error,32,all,equal512,COMPLETE
-0.011041459073455079,-0.03645225328049583,coupled pipeline shift effect; portfolios may differ across worlds,-0.02396669342788043,hmm_stationary,conditional_squared_relative_error,32,all,equal512,COMPLETE
0.0,0.0,coupled pipeline shift effect; portfolios may differ across worlds,0.0,raw,conditional_squared_relative_error,32,before,equal512,COMPLETE
0.0,0.0,coupled pipeline shift effect; portfolios may differ across worlds,0.0,iid_oic,conditional_squared_relative_error,32,before,equal512,COMPLETE
0.0,0.0,coupled pipeline shift effect; portfolios may differ across worlds,0.0,gaussian_iid,conditional_squared_relative_error,32,before,equal512,COMPLETE
0.0,0.0,coupled pipeline shift effect; portfolios may differ across worlds,0.0,ar_gaussian,conditional_squared_relative_error,32,before,equal512,COMPLETE
0.0,0.0,coupled pipeline shift effect; portfolios may differ across worlds,0.0,ewma_gaussian,conditional_squared_relative_error,32,before,equal512,COMPLETE
0.0,0.0,coupled pipeline shift effect; portfolios may differ across worlds,0.0,hmm_filtered,conditional_squared_relative_error,32,before,equal512,COMPLETE
0.0,0.0,coupled pipeline shift effect; portfolios may differ across worlds,0.0,hmm_stationary,conditional_squared_relative_error,32,before,equal512,COMPLETE
-0.015613698683500814,-0.07477723628934872,coupled pipeline shift effect; portfolios may differ across worlds,-0.045811347460128826,raw,conditional_squared_relative_error,32,after,equal512,COMPLETE
-0.02216109648761054,-0.08269170614688773,coupled pipeline shift effect; portfolios may differ across worlds,-0.05280338056475781,iid_oic,conditional_squared_relative_error,32,after,equal512,COMPLETE
0.06264852635696068,0.01765774634245249,coupled pipeline shift effect; portfolios may differ across worlds,0.04054604286846236,gaussian_iid,conditional_squared_relative_error,32,after,equal512,COMPLETE
0.0633721100967128,0.018174505569335263,coupled pipeline shift effect; portfolios may differ across worlds,0.041000227170738646,ar_gaussian,conditional_squared_relative_error,32,after,equal512,COMPLETE
0.001583097669320026,-0.06532054838398352,coupled pipeline shift effect; portfolios may differ across worlds,-0.028555280100100614,ewma_gaussian,conditional_squared_relative_error,32,after,equal512,COMPLETE
0.013822202197289253,0.003358750225472937,coupled pipeline shift effect; portfolios may differ across worlds,0.00866910544556163,hmm_filtered,conditional_squared_relative_error,32,after,equal512,COMPLETE
-0.022082918146910158,-0.07290450656099166,coupled pipeline shift effect; portfolios may differ across worlds,-0.04793338685576086,hmm_stationary,conditional_squared_relative_error,32,after,equal512,COMPLETE
