case_sha256,data_sha256,family,seconds,seed,status
4189fac993b5fd59cebd755fa50a01ea60a500c9a54bc4eddd6932185592dab2,d7be9a74f7950d802866635b026c45067b5327ddfea396c9e2707f3543389d68,gaussian,0.11635687481611967,2026108018,COMPLETE
7db4fec7481d2653af77ba8fca3f0bf6fedb4e1ea81ed4816e47c9eca8c1ade9,5db0a96bf39bb22767ce7d87a7d3577b355b0390a22ae2d5373d7779c6c77efc,gaussian,0.07329754089005291,2026108038,COMPLETE
66ad646726e05e76b8c30c904828d5b88480435b5dbf6c6ca49d4f608b1629f9,4dbaa346b4a6de56315a769b34590fa2b4ba4e8f02c3b3758c69d2b22e2ef7d6,gaussian,0.07283370918594301,2026108001,COMPLETE
1a70f30be6a45ba639872babed5fa8fa4f60f18d538e7f281398b2a4f88bad4e,8e39e1a6b07df456b6cbf5baebf4f25d1f33f42f243f94261bd2dcbf98df8df0,gaussian,0.07202425017021596,2026108059,COMPLETE
f3ce328b4e30ae7619c298d934f2f0a8ce0cbacc7f6853ba5ebb617b160fa014,64c83e481de5bfe92bf5e0cc94827a26f3a205c15fecf04f600fca51650dddc7,asymmetric_crash,0.0732340831309557,2026108051,COMPLETE
2288750267975e91aac19d469ffd233939c88f5adc6933a3f1cace616a19b42e,777f2d5e0551d8231b22cfe7d5376520acdef17928e5e6c12c4bbd09dcaa819e,gaussian,0.06879591709002852,2026108017,COMPLETE
233ed8d8fd871c53c042ff64f552b269c6f89884e431a81e6cdf59e96fe5ca58,de386b4e8b216c00c65d31d63cd2f309560b58e9389398272c36892e72df2741,asymmetric_crash,0.07113012508489192,2026108002,COMPLETE
1e5f3b7b64219444cb63ee3dbe429553e1cd6241a1777f0ca26520cd4b5738cb,507b37e6edd7c432e9c10bcbd823a8afc1b0b4a7c126b6eac470605cb2fbf580,asymmetric_crash,0.07281462498940527,2026108022,COMPLETE
7e68194430f2ebec7fa3c1d8da52dc4d09fe82053f8a5333096bc360e2d2a985,882c8de3eeacbbdf4513bc7ab2df0b542a1e778241389c26cfacd8771652a1dd,asymmetric_crash,0.06973408302292228,2026108039,COMPLETE
d43ac8c94a957d7afecff43fb6b3830ea5a2e0fffcb9a0ccaeeeb48c1e576d92,87c78249fd4e8e99084841e1b3ac588ca66e51c562d89425363f22fa01ab03a0,asymmetric_crash,0.06901958305388689,2026108036,COMPLETE
f9943b91ead276369afd77370983c090da4eb8619af30fcde8bf9bd944f0b445,1c0aa66145c370b549f571bd9be80169f66b15430673ced1a7ce756bc9b73d9c,asymmetric_crash,0.07087679207324982,2026108046,COMPLETE
584e74d672a056750f457204b5a62e71a8cb63e530c39a4265cb9ecb5787e987,f96081a1dfc40218b712c11432a127e171a18df238bfc77e7e4fbb2d1fb29f95,gaussian,0.06960575003176928,2026108030,COMPLETE
2084cac03e3788581dfe616f93cde3fa5cd862e59a83b6ebd8b79c11e7df0d8f,a8500942d4704b1073d798e1a2b7f3dd62d4a0499c22acf762fffa4725fd12a9,gaussian,0.07074766606092453,2026108056,COMPLETE
1b3f8a8033dedb771970edb241550c8e1b919e5cc7c5c3bc277559470aa31300,82d1433f207a949c85cccd09ec90b9e2e3a0e6a4e7cd81dfa3d9897cefae9b7c,asymmetric_crash,0.07370754098519683,2026108006,COMPLETE
3a1b3ce7a0350773d5f5c1f6d5e53dd679d5b4e822772f15bd7727bced5bcc23,26db757543644ed9b7b26f43a6d4d0d2b6fed28a5407a5d3241574b673643574,gaussian,0.0729907089844346,2026108054,COMPLETE
1a7a06a8f01c9afadafd370d310a4c6e0b0009df0b4a92c8b4c7e073ffc0cc57,e724dd011a1adff4592159c0b87f5a71a16aca3a3ca94ce6dbd562d487b632dd,asymmetric_crash,0.07545466721057892,2026108003,COMPLETE
af96bfda9635249083f2a281ba0cfe6e21eda35b078fa004eac8a84b21ae457c,245932240e9405c56642eee8f063fb5828c2f461cf58cff6bc52c1bcecd9a02f,gaussian,0.06859995797276497,2026108041,COMPLETE
5a32bfa91a80f42ee0350f8edc926bf1b9a5a86f21b491a8f9d3158a16dc6118,64138eedda45266707ced0874a24e81c53580668cdcaf1b68a6a8b9485109356,gaussian,0.10261654201894999,2026108024,COMPLETE
6a0766b221c90004b3b5f088f6002479092b874adc138ffe1ec2cd734729554c,40a77f60ed7efdfc6479d29015ce8e87583923ca5368e22fcaae021fed053a78,gaussian,0.07096425001509488,2026108058,COMPLETE
f0ea6ee0c2b659d07682a710fced21089ce0e10fefa5855714136693077edf0a,0e8a5a3beaf611d1c9f4cf86a15adcc56788d9cd3738f77487d5ed1914eeed03,gaussian,0.07033862499520183,2026108046,COMPLETE
57d6e568b332d86387e980e6543cc324e6343672e102cd8828a9e41a01105f62,12cd8937548da1ee6ed7efb37113a423efd10c8d08e07b98b2d2ad724040fe88,gaussian,0.0706248339265585,2026108012,COMPLETE
3a319172a89e4a76a2ffab1055cde783863aee306c67276a765c4fe819dc32a6,9013114f0c090a84a5728c044d551bca00456e23148d4a939594e906ca046e15,gaussian,0.067586291115731,2026108000,COMPLETE
5904e0cc2a221a7de6e45f3d93cd3ea0a65c0173adf079c416ccc87fcd559e6b,d0be88bc024611d7e5b6980109c5a94fbbeea0ca39091c5fd2ed869b457d6eb7,gaussian,0.0710569170769304,2026108062,COMPLETE
15321da24f6f28a252e176ba50835dd48ef218f609bf03199ead728c79c05689,69596cd54baedbbbed303265edbf15051b19f41c579096877f7cbbcebc62794d,gaussian,0.07101462502032518,2026108061,COMPLETE
eeae18496be2090b402e1a724bcef73ac7725ddde43e137a4a563c8abfe30dd5,3ee77c0a2cf16750323eebdfb4caa058d929e6edbfc5c47e9432918abb300f3b,gaussian,0.06759916618466377,2026108005,COMPLETE
c0eb06f5e22a092b1e382dfa867432847eed368ca2a80253dd83ebeac58dea3c,908424c4822b058b5ee0b4a7e5dc4b1a97b090ca27b2695f627ec1ccddf5e3c9,asymmetric_crash,0.070258375024423,2026108009,COMPLETE
a80a1b650da3a4c5b0d358ef14184edd7259a1b4173a00ef1c6aad42ba9ea62c,e66d98e865e2879aa26faa04f803378909b2d4015a263d2c5caba19ee4ef9b7e,gaussian,0.06750408397056162,2026108003,COMPLETE
d27b252b15b2f8ddd5bd34f805dd932a22b98a620bfd0a0f33100b8702f7427d,b0e6281e5a1c192f19ffd108838022cd52273cbbc56a3e3ac22356ed1a14b257,gaussian,0.06761249992996454,2026108039,COMPLETE
fa2437efd9640b3dca1d639f6b59693aba1fe748d054bde9ca45c8b2a5eda862,28d53133a0e9899c66caa8a962c90d05a7984a26b8d02b6dea9eb046f804361e,asymmetric_crash,0.07036012480966747,2026108042,COMPLETE
80041625c5127d78946b9ff40908a61d9cfa357cf7c29ec62c7c7eb83fe1ce0a,d562d627a513c8cf8f852864ba301085b9f3e76c9946d8a523e70d2017d1a3e3,asymmetric_crash,0.07641337509267032,2026108035,COMPLETE
419a3162466912dd988fe562392c21fe1f54f85818661fc19b94805314cf30d5,b727b03bacfe405a7ce64c42969dff7020e329d7bce5a1444be3c3128ac265d5,asymmetric_crash,0.07184045808389783,2026108017,COMPLETE
9014073833a2f9445b690899ef3544c4168e9d27eccc1ac9916a76d743c1c5b4,6b76b052dd9cc147f59f18d308432fd60c9fc86e5a11d0b9aa5e83b727e1c18a,gaussian,0.06827862490899861,2026108063,COMPLETE
9776fc1ceeee5202bb5ca9ea5e1440f6176adb3e729d83a1f2987862b13e5c4a,659f42647276291f1372b763be3dc03c199be35da4cb0cfc71472f0376cb28a5,asymmetric_crash,0.07108929101377726,2026108060,COMPLETE
e1c82db23d12c2e2f71812c28946d92804ef40d053439bd06d5f5eb73fd2aa9a,4363992b3f40503c46f948b46672bf3c06718914e4acfa61cf6b4d7c3d5a2ee0,gaussian,0.06772187491878867,2026108033,COMPLETE
fb04f5e873933ca724ce7937c4c595b42c6adcd085c53d85aa38649e93b9fc60,923747e1d61cde5b64bd7a6f5f4b8b6a2fcd9e594dc050846e62b8a53c02204b,asymmetric_crash,0.0698119169101119,2026108030,COMPLETE
162e4260018a1278f0eb45793067016637d31aa860de70c84244afb8ef7d21a7,1d96581708d9d7cc39cc39b46d3c69f95e2e6c3825eadf677b4fc71fe1b62c45,asymmetric_crash,0.07009129202924669,2026108050,COMPLETE
51bdf86365ec6eff016610093e50b657b98fc7233d6ed812a3bf67ae0a2d52fc,8cba996db99aa8977da7c8bea011a4cb05960fe475d8fe13eb8230b731753bb8,asymmetric_crash,0.07101566717028618,2026108013,COMPLETE
0c05002abe173ff2cef199b085504ae79dda890e28528fcc13894834f6dae926,67ea1304cccc3a8ecc387095facc1e5192f93077c068f08d72e0845ae4086a9c,asymmetric_crash,0.07055479218252003,2026108059,COMPLETE
d00837646c308e4f71e05dcd0dbb2c75fe9990a06ffbb364476937f1b38af72b,7e858a92a1295c271a034fa5121d2c9683d42f5315b6f7065e04f03ce0eca113,asymmetric_crash,0.07277312502264977,2026108037,COMPLETE
387a0e03476fd6ba467014aea17ca82ad3a60cf824cd7ecea3fe8b9f6340cb2a,a97f2124ebb4ea0c4e7cdd590a4c899aeb8d4eb747ee84aec70e6f7fb9ab3bb8,gaussian,0.06900258315727115,2026108043,COMPLETE
b0467a87fef345913e0f29f92dba26e68d4409fde5ea840c7138210cdf8ff25a,f99e95a00596386adafff03f612de5e3d2ba28484e7f2d495e41968817eda98a,asymmetric_crash,0.07580641680397093,2026108026,COMPLETE
84d1c9f6e721abdf1641562119725c40b5813497897d7baf8c489953062019e4,017ce9e39061335045aad53b9524560543319824b08fd9f766c6ebcc7589e9cb,asymmetric_crash,0.07607258297502995,2026108048,COMPLETE
6a9d1477b41ca5496c03241c605506e49172014864c6029cee377599fdb92dd9,0f4d770a37f981e9609c1ead2ae92fff4e54ff5aa88e66b95521fd9a0920063f,gaussian,0.06840829201973975,2026108032,COMPLETE
d698247505b80bba5a1c2ef3dc0262b5aa4c6dc2938d31ed5994e368b6381c9c,998eaaa675c1eafa1c95f56d9769666a2d21eae3bb982fde2007608c72dc09d8,gaussian,0.07059212494641542,2026108049,COMPLETE
171ce0ee90ae5772f657e803f0167776a19b06f2eda18bb448f8010c7a6e77bf,9541f234d30042777cd083845476d98f33c6951d2b859d7b6714ae44e5e4277d,asymmetric_crash,0.07150550000369549,2026108018,COMPLETE
5db6fb651f4f5e00666b362a0667c6ea5f3fc011091f85c752a9d26593a460c0,341ce0014f876e4371edb935289b3de0b5e168c0335e5c2307c3d8fab34e0bfe,gaussian,0.07212933409027755,2026108034,COMPLETE
831448c7f028d0d89d2340eacca467659ad6a4e4d74578db0d5d8eab66c49032,2ac222d77cdb95b6d0b41530741c87dfd55c40672fdbb359f37d92bd7a486105,asymmetric_crash,0.06977770803496242,2026108028,COMPLETE
7e5d9b4c08527708e8dbbd5fdaccd5e9be92bc82f4281c4d90810f4c0695315d,fe5508879fa0390014901a6d249a80aac22b731f4a0b47988f43ae4d2410f068,gaussian,0.07015695795416832,2026108021,COMPLETE
4b05ace16a58d289f6100555b6a88a51faa60301066a66fc3e51ae08e36c9e0b,ea1b10bd147566fac8f0b786877de204b3cbde5b0420bedde9e1ee1cb2015f59,gaussian,0.06930775009095669,2026108025,COMPLETE
5ca0079d087f75e8c0b6f66835c44204508716c45792b7931671bc9058419bd3,4251f931addf2c22c4fecf87364616aaab9cb77dfde677be0d6079ff5004ede8,asymmetric_crash,0.07134479121305048,2026108058,COMPLETE
1b9ce7177bc8f60e5c7046744662c104f7b096074993c44b2ad0dcdbe38956a0,961a367990d2cc87718e7bdf328945c4ad3f546a11ad822935b4880f6aa12d81,gaussian,0.07188675017096102,2026108052,COMPLETE
807c3a1c2f6718c4df0322e96e08e1f2216a035d1d7d97a39aadc59064788264,b82cc137991e5e15d9d4c725fbad6362652ab3d7db46e7a08a990add1bd8df13,gaussian,0.06897962489165366,2026108042,COMPLETE
febce418140c03ae8c431216239431d488a9596682aeec19ff34ea5b9325d861,39452b3083d40c651d3a6596abd3dcf388bd22229cce0a2fed188ebcc8ca8e08,gaussian,0.06902749999426305,2026108026,COMPLETE
3d606e89f054eacffe30cc5d5b06a853fef8fe6847eedc49352fbb1a00e3b210,7760740c4d3591b7221f9c88a04fc025e73ef55e8d9a7fc56b3d15159e7f208b,gaussian,0.06862295884639025,2026108060,COMPLETE
acb6708a6c44f41e8cce224870fb0f3b2a7e22632f36a994d458ac705e7c9bf6,aa9384d905b42696ae18daf80e27ba5505b0f5eeb93eac6a683fa616e7c50274,gaussian,0.06800208310596645,2026108037,COMPLETE
ae9a624dd512a24e159773dd9de63f2326b462c488661fec0203d3276655ce64,ff2cbcce4b71db6571f1ee37c9e76b76d61d50ecf12b25013ed72d3be25a8511,asymmetric_crash,0.06934608402661979,2026108005,COMPLETE
8d631327b55d577896e2271fbf82c3f31485e3dfeff8baa8133aee575fb048e6,6197eb2cca5229ec6119a30e26562aec0df743d935e02c7dc0e084f3b3a65f6b,asymmetric_crash,0.07152437488548458,2026108008,COMPLETE
3f5c9176b80e3f0ef592e7a07b4c10fbb3d30ca6cd9dfac82587ea18f56413be,5de69b75d62a12c9d37b57a93d741e7fec5ca2e31d8767414707aef4cde483ce,gaussian,0.06972733419388533,2026108028,COMPLETE
f73ab2d92de8708611d3b36f0a0d680ca1a6409eabc6915bcf6fc65689a508a1,33d1c6cbb83151691c1228e897038f70b779b85bdc814cb92300c9b1cee2951c,asymmetric_crash,0.07086429186165333,2026108047,COMPLETE
176026e6aab21701c7cac7764d1c66debcd6a9223bdf704c91ee4a7b78895f1e,c005f2e3eab5742062b6698dd41ebbd0f5e51458f2fbc5e7c7dee39f167b8fa1,gaussian,0.07079020887613297,2026108007,COMPLETE
5639b4517bccc9cb44ec19cf04582b8d85938d20a581c441f853e7037b809bf5,0490d3fd5b40d2fda4cf92c94a7b0163e48d859fe64ed8305db3511cfdf524a7,gaussian,0.06842762511223555,2026108006,COMPLETE
197b55b5e76762084a000ad138766dd77f4c5ec1da849c887e0e5489646d74cc,0d9bba09af58d83b0324edbafd0f3933b2da59a866937897e27c4f60161fcea8,asymmetric_crash,0.07272749999538064,2026108052,COMPLETE
075ecf3dc459621dc5ff6e73a49a0ed67f0bc57a61ae53ca50274a992df2e49d,9bfcfabd1c9f71a17ff65a7ea2acd8864b5585538ad6dfff1a23088dca085f0e,asymmetric_crash,0.07381716696545482,2026108027,COMPLETE
55498e5d676435c2edbb335e0078a57a062b3025e3fd9d0bd2c881864d1d71ce,5ab2b776eeb76b5bd277564c12fdd4cf6ba5dea562c7332acbd8fcaff0085a0c,asymmetric_crash,0.0722624589689076,2026108062,COMPLETE
db69156f6f740c3ab3aa11293b897c3fb631485ec2a609fe89531c82a72a6a17,8c03c7f90399853d7f082b6d859562a3ffbd07569136dc1e533000d295a58f2a,asymmetric_crash,0.07031954103149474,2026108032,COMPLETE
7436324359782e6f0e0f77f9b2f7b40f8f8fc496540324d96a64216ecf028844,793fa40e4c1ec8dfe6c0148bc5a2cf161ea197519a3abb60c8fe9c5272c8941d,gaussian,0.06658795895054936,2026108027,COMPLETE
fd667d426b56993eea3731eb55e29db4d49b19414e44e7bb4719126dccccb665,539c1ec8c3a1b77dc34f156964ffa2663c44ded2d75d0f788888b932298d036b,asymmetric_crash,0.07211683387868106,2026108063,COMPLETE
d60b17cf73838df8e8845a7c71838e6e3a561d9c8336867627eaf7017da1a41b,baea535edd161ce3cd803cc511232168a18872bb6b0b02231495bbb48e7ae0f7,gaussian,0.06829254096373916,2026108022,COMPLETE
6633024c18b2ee589c1792ab70f326aa5c425f98711f6db387aa5cc2a5e7f130,96308b0da42e9160b00e1e3efe9656e673c3cb32c1178ce78f9c28053105eaf5,gaussian,0.06966091599315405,2026108031,COMPLETE
61b8d9ccac75aa04ea8387f2d759898110b8af45dd99c17e5c990f5a7cb87429,124986e18596013ff74c3c4442179087c9a44e30eb32896d97434813979fb3fc,gaussian,0.07043008296750486,2026108029,COMPLETE
87299caa854f532c8f75230fb2d53ff57c036b7fca0160fc1e92a450624797cd,6eea01add84a2d574c8f1868c0bb4391e3d94307814223bb964a27d168c35fad,gaussian,0.0755788751412183,2026108044,COMPLETE
942e33f1410b6edacc6eb9c4b7a617cf0930ee923a02a448b6dbecf17c8d614d,f3ef74a097d87ad5587ce615c96e7c45ebf632ed606e03a9e366049c474e0f2a,asymmetric_crash,0.07534862495958805,2026108038,COMPLETE
7a7e268a6a6be2be738b4a75a5ea7545e78be13878bf475fbac66c4114426b04,586dfb4f7d6f84f5d24edb6013f0e3ce0cb2961eb3cbcc70106fa4de16b6155c,asymmetric_crash,0.07550749997608364,2026108000,COMPLETE
9c8ac2e41afb0a0a8c9d7ebb7770c595604d161750ac97de125fb090b1d69c00,5ce2fa38086a873ae5d56c91c18f317996af6f210fbe29e9439ecea5bcb31c15,gaussian,0.07000158308073878,2026108016,COMPLETE
b13834a562b668121eacc4eb7679e69c5b47d01a2235cd0e5777c20b1b90997c,8862878075006a8d80aebbf18371c9fb0f62bb6525a2255d493ae45c89591dd1,gaussian,0.06535316607914865,2026108036,COMPLETE
b5f42e2970a9156e74a968e5473e21ab021cb7cc7985c9a89353cb1c4b35c809,e7fd4e189c81103610004826207362857f7655357ce07c1d80fe46c3345137f3,asymmetric_crash,0.06991366599686444,2026108044,COMPLETE
b3c0b85fabe8ccbf02bd872163a03d1463e7fa0a52da25d82f0099e88cf1bd1b,cbefa899034cabebec56a34b7689b28ac3e4bc7d201a3a7d8f764fd62c4be020,asymmetric_crash,0.07006549998186529,2026108056,COMPLETE
cece3cb563362405491ed4f07773756f46c1763a6f6e4b08d213187b6b83d61c,c575d542a5b6420e7d843e7705b41a23feac72eda2922d40c6d9f0496514ccde,gaussian,0.06992545793764293,2026108048,COMPLETE
119eed08de9c1d2c78398fa0c35ce1cf85a35bf27a73f9a68d85e6822e6bd8fa,534aecc45641fef819622f67f14c2e6da33c7b95293d16dfd3ebd8a5c9f5cf87,asymmetric_crash,0.06836462509818375,2026108010,COMPLETE
4230a967b0e00a29bdf158088714e754dda34e7b8ac6b1aac72c7b41bbd37fc4,8d14ba57a964f70993d5591baf5a6432cd315c16dd72136a6e8860c28dcf4b91,gaussian,0.06832645903341472,2026108035,COMPLETE
d594f5d4403a6abe66abd5a203a2b2bc2597aa4eabd07b6313f868e4976442bd,ac516ea8a669b6135af17e3514046ef30b0a3fd1ebd4055b2a66dc9d332e764a,asymmetric_crash,0.06990691693499684,2026108020,COMPLETE
10872138b2cf64ce4b011d36748c3e0104c5bd1c7510e1f8e8693e3b258ed71a,53ddcff1f9d472241f383b25767342c410107a62249d781825d291ade9d46106,asymmetric_crash,0.07186629180796444,2026108057,COMPLETE
0e9f39acdd4345f0c30a6fc13f01698de40b1e02878d45e9f3f2c4f60799b558,56511cfbd12db33db40f451c3d624819915c9903e169984cbd4165533b4f7a0c,gaussian,0.06673429091461003,2026108050,COMPLETE
540e324c05a3ac52bc40f2d6defd94c0929c3be21b77eb5ddd87481a52102928,db5848a006736d47894e7dbaa92aba0513b645823f2e3e401271b7296d74361d,gaussian,0.06868962501175702,2026108014,COMPLETE
9ec44f64d22d9a83bece783325e1635e673a52db333699e85d02ce853ba873a8,28a95e0e5b30257124f55a3c862d492e66285007e5e22bd4ec4f0b05184e5f78,gaussian,0.06930008297786117,2026108045,COMPLETE
1c05bbb0dc219e57f6b54a9ae8193bf9d1f8173d81eeaf0e462e43aabcdd9f28,0c44418d276eb498521fc9098c7721cb80e4b96e516b5e018dcbcb567caea671,gaussian,0.06845554197207093,2026108057,COMPLETE
d74cadb5f6e0144301ab67c1856e3ef16e249ac477c840bb8d03fe692ef69398,4559190f24b95ecc6cd4298c0461d3ecd6a9881fc878c11219439e3a6a5251c1,asymmetric_crash,0.06879041693173349,2026108055,COMPLETE
91dbd0e269c53fac114808169213cda8d43b10e8cb72ecdfa7fdbfacc3a743e4,01bed1aed5b2232c80ea8c7ede17c18ab97b6b22ed2df6dbfc980b043cd0cc5f,asymmetric_crash,0.07160137500613928,2026108012,COMPLETE
15a8b0a27fa088e720237d6b7b46d9b9ae055a8bcc5794e852c2214ceb44b0cb,b00fc4d0951033f01c3deef708a09346dd96de56f882c7af40e0a3c8921a1e28,asymmetric_crash,0.06928833294659853,2026108025,COMPLETE
c8e763d394a7d4b3f6fa6543ec55eca96dcccdc18ef6a5899686b7c69fce2c6a,e2d5dded0f673bdd4a423d6c717b76955f22fcff2044e1d3fddff5eb1b190d85,gaussian,0.06885366700589657,2026108015,COMPLETE
512d7ae0ef0403a297c5604f662cf7ddf797f1029a101cba2f84656672f68828,3c9c65c0ccf01f027717f9ada715c103a9fbc3362b7ddf0f5b96e41cf48d1af4,asymmetric_crash,0.06773908296599984,2026108014,COMPLETE
d1257d6c8f45fbd723a95e0a638d8d3834258bc094f20cbd1e50d9298e1bd7ee,cee4c8af939cb4177766acc5a49d52299584ec7b30081fc2ba5329dea14d11c4,asymmetric_crash,0.07042787503451109,2026108024,COMPLETE
bed4d88a8a4560e2feedfa6e80526b7cca93045c9ebac9a56f978711f673d674,6d80e05a27293dfadddaff713a2b13b4212b37e14b65e3f1a3d3358d9506a416,asymmetric_crash,0.0666808329988271,2026108015,COMPLETE
6f44076322f06d4c6c2f7345f4abcc56f95e1ac6344f090aa49d5fb99182642d,bc15f6afbd5d4fec4c1bdb9fc721c1015f66b3e14839a74026cb462a2ea7941c,asymmetric_crash,0.07081049983389676,2026108011,COMPLETE
d6004e1b73c6dcce1b03dbca1a0f6ecfaf1e41d59512b4df3f63b1b04a5030d4,7e0ceee9963648b3832c9852b717c7deaebc64fddd2d5ffb06496bfa8932ddbd,asymmetric_crash,0.07012629113160074,2026108016,COMPLETE
fcfb54e250c278ed90a13a1687ad43a1f61830086d1f5c4f67f6dd82c080ecc9,b6b889749f83a921a04da12446cc3dd26e647a7eda075dc124c37a4218df5feb,gaussian,0.06768962484784424,2026108019,COMPLETE
bf1c807d9f0c384122c968060f5e1a58d6eae9b75f01973cab788aa4ea58016a,007c91a4ba67a61b8c196d3565df961d1a6678de1ffffad0fb0adcd7c4b95bb4,gaussian,0.06717120902612805,2026108010,COMPLETE
9deead3ffb69208a35b5f98efff442bcf1f52cb1c5863ee6f49c5999659fd176,b4a436b0c518dfec5b49e84eb7d7c78be66bcd35d03b7bb2e0f1bde97b5bfae1,gaussian,0.0656060001347214,2026108040,COMPLETE
e100e1597b34917b13a7cd5c68d099a16d98c219d4152d7e5173b6f734bf843d,d8762e1a9161099b472283767004ed4983f50f10b24fd6e23214a808b10eeb13,gaussian,0.06869650003500283,2026108020,COMPLETE
262e98c61135b508a20f345aa933b935df8377fd519b7fd0c6a71851d7f69495,69c73e0a2530b49b188b6ab7e21ffdbc55ec765949347374fe3ac111f62a0f4e,gaussian,0.07053133402951062,2026108053,COMPLETE
45675eaec4019a8d4718be2a459c02d0f96f31a9311217d96a90477734da53d8,14e09d04afe770ed4db4cfecae560a756aaa017ee1cdf4a93711e394be95314a,asymmetric_crash,0.07242920808494091,2026108045,COMPLETE
c6fe6d3682e0cd8178df9730ea2028457324c274b1c90ee7f09cac6f58de8100,d7ecddf400da1e245249b1dd66c5de66116785e1c9ac1665c4d1fec04d68fae6,gaussian,0.07094145799055696,2026108009,COMPLETE
9ff41c7f20bf893b7d7325247a35f08e043206fa0ac9dc072b12ef784b6aa824,74bd30e85d6bbd0a0dd186ba6f3f36959a17628f662468c31575c366c699d39c,asymmetric_crash,0.07094133296050131,2026108061,COMPLETE
61718713381402dd029e0946114d0bca63c3a758b0a3ad0cf5ab840615e9c413,399a44a2f227de035d8a8ac2089b7cc4706f79aa0278acf704e372225a5994c3,gaussian,0.06855070916935802,2026108023,COMPLETE
08acb870e0bfe714642e266abb549e884c99e43d4d21be5d1ac4683a1dd20e09,09eb7d1361ab4b545d2264981dff9f9bc49815f595abe3d2257060b11855d5d8,asymmetric_crash,0.07146441610530019,2026108033,COMPLETE
edfd2cfb7057e76e50c64ced9a34dbe5da42d9e555827ce46e4cf79e9b49a02c,5d0ee560e325f6de712585c6a520d4a3bb591a64f716665d1ffbeeff0513bede,gaussian,0.06862241704948246,2026108055,COMPLETE
18d7fb9fec34de18c5e940ce0e12d65ed27794111c76b8d9cf8ad4fa8db72b23,ba7040850a1a65660cd2a4c2e6f328861287e6e01a760d3063f9f958d4555091,gaussian,0.0687327089253813,2026108004,COMPLETE
9800af5166cc15ef15c2322c63551d46f3f4b3ea8110e96a1afafe84b5c3c824,e96153fe43965c6686c6bcbf4775bf06e669511b3a9e6dda2637222e77b7d56d,asymmetric_crash,0.0696529159322381,2026108021,COMPLETE
3f5c9916d463bde08d4558e6c27d883ce8082b371c139c56dac15ad49f13d1ec,54b8238423be10b10a7c730291c4ca0c2b495fab08b2ad8e57744e50de23b50c,asymmetric_crash,0.07194687495939434,2026108023,COMPLETE
3e991eb14a8ee16a86d6971dd99fb57115fd8ca3b7bcadb6b551c7d19a6eb655,2628ab57846dd14de2a00f8ef644955a49bb334c4adbc7d23b1d945efc751ce1,asymmetric_crash,0.0690719170961529,2026108043,COMPLETE
9cd6af28cfa1dfed11209f606cecf15fb9ecabbb1e380ea0ebbe7233a25d0a92,37ecd4b221c2a569377f939d03e80574dde772e820ea635b0a14a618535de73a,asymmetric_crash,0.07207241584546864,2026108049,COMPLETE
51773df93f22d349b0649a5cd9af6fdd938ddab419491323c8cc83cb64fea248,30453a1cde99f9773b0db8e08cb5fea307b8391c72bcc5dd30f2b98541994fc9,asymmetric_crash,0.07091133389621973,2026108031,COMPLETE
70ee2f32b95cffaa19ed51b6304bb8dceb69b619dfc665695cc14cab6f00e794,b26ad808aea44dd94e55fb0e5e5a2cabc142850a1173ebb5794d4136076707a2,asymmetric_crash,0.07301783305592835,2026108004,COMPLETE
bc7249bb3a467d259fdddacb56e794046dd1b8b7e7546ab475a9c4f31b9167c7,86d564232790afb1fa1fd09297ba7fdaf116978d61dc471766f6e0cdfa7decd6,asymmetric_crash,0.07076829113066196,2026108054,COMPLETE
359e10c0ae2050d55a78cc4b66e21e0deb9d938e93b5accd56c22a58b8be1a2d,15f51f189876454b6028d8d0b531f706faee2af97b9a3eda8c91ef13fd7a6a57,gaussian,0.07021208317019045,2026108008,COMPLETE
734f382dd25474eb0d5df049448787c866b7e0911adfe189953baa4aaa669c40,2df43215a4299e152279a5f8ffef2f4c1b6173c5d8d64ec2384806132d8b1a00,asymmetric_crash,0.07123741717077792,2026108019,COMPLETE
2ebe20d80a9bbee7a5a463ca3e540aab6e944a398ce1d6255665d309a845b45e,2e18d31892f0041decaa3f8f6ab2a048de4fcda72baf034fc0875a5aa4d6c0bc,asymmetric_crash,0.07169408397749066,2026108029,COMPLETE
627ed2f7a6138df7bf9ec9dd62987487340008cee2ef19f86b9ef09b11fb0eae,7652a16a891c5962c2f6b0f5ee300a9567289245bb9094bc6e7c43d304fd8827,gaussian,0.0681344170589,2026108051,COMPLETE
aec5b3b273e306ef4d51c39bb5ca798054888b9ba4cf8cb910e6775d17672273,46541f4ce80f866d1d71fdd2448dccd6b23fbd2abdf3e59b252882240add420e,asymmetric_crash,0.07061824994161725,2026108001,COMPLETE
e656d8f52ba580f794febf8115cabc9878fbf5cbde8236fbd721adbe1bf85c00,465a8d8b854a8ed2fc4b09e74eac5128d8945af09ad7ee120dbaf2e5099596e9,asymmetric_crash,0.07120654103346169,2026108053,COMPLETE
306e9f783d0b0eccbd07add5bf7e94e3d4194e8580bf366fc28ffb505d746ecb,4bb66b00dcf5f3fac40ad53c534d5c1ab74f23c1b135aa8b8ed67a9e46812548,asymmetric_crash,0.07168591720983386,2026108007,COMPLETE
5299a4fe9cacb06f50ad40b0cacb4f0e3cfd93ed72879aa5e994885fda86618e,0401dc1d8ea40c1c0cf95ab05eee25e9d95c43a1e72954ad4217f4996c19fb87,gaussian,0.0687742498703301,2026108002,COMPLETE
6fb819493a49f58e9eee6f5d665f276fa5d355f320d3b32af0453164d82c8bf1,9a6283e8745d3e06de272ab1d4977969e98776c9b0408cdd7f1d4d7ee3ae6280,gaussian,0.06836525001563132,2026108047,COMPLETE
7035a7b62be6baf5424a66790cff2edd7b2387ea88133bc209ecd510e6ec8c13,2fd79df799d36b33c2662fd4c76adbeb948947de2d7ee9498f045e4a8b480f0b,asymmetric_crash,0.06929729180410504,2026108041,COMPLETE
3eec0b3b1f36ccfd56727b2572a4f4aa83daaca0a269cf9b4e8f7eeb320e626b,2fecd1ac115d9faa976353df85b6d15e8fa9f3355f788ccc9b4e945c9c6c310b,asymmetric_crash,0.06999620795249939,2026108040,COMPLETE
7fb6a501be950352ca04f6d432a17483cd1313305668569d0fd4cf36b423a0e6,f1f2efb48b5f61954b54668c57923553802f70fc8c14bb0918c603932ed0eeda,gaussian,0.06696129194460809,2026108011,COMPLETE
604c09c71bc8eda0ab5c0324b79bdb591c86e9ba3618cffbb46d5a7d6cb523ab,5ea8ac52787d7e85ee5c85d1bd56cbfda2110900565874c347d9822afbf7bf11,asymmetric_crash,0.07223333301953971,2026108034,COMPLETE
69c87a919a83efeb184bbcc8d346b2089bb612deae7828e504eb2c130c11ec37,8c874ad545911afb7f41464eef3497192e624e3ce771a54fb2224b95d8bb571b,gaussian,0.06905808299779892,2026108013,COMPLETE
