baseline,ci_high,ci_low,mean,metric,n_clusters,policy,primary,scope,status,tau
raw,0.06947102375665225,0.05580415080084308,0.06226093493181896,signed_relative_error,64,full512,False,overall,COMPLETE,0.05
raw,-0.0014764703970614214,-0.00637616917170542,-0.003964536588510441,squared_relative_error,64,full512,False,overall,COMPLETE,0.05
raw,0.10770840617607196,0.08200226721896917,0.09380152264487061,signed_relative_error,64,A256,False,overall,COMPLETE,0.05
raw,0.002537990014343241,-0.014154859005783468,-0.006766425704398808,squared_relative_error,64,A256,False,overall,COMPLETE,0.05
independent,0.010505366338776604,-0.053683333775839746,-0.020803040717669034,signed_relative_error,64,A256,False,overall,COMPLETE,0.05
independent,0.018733916192508505,0.0021003240076062973,0.009854989114070224,squared_relative_error,64,A256,False,overall,COMPLETE,0.05
raw,0.11486518082070418,0.08579306432403878,0.09920022011873209,signed_relative_error,64,B256,False,overall,COMPLETE,0.05
raw,0.0035044859545683453,-0.017234156224799912,-0.008354705364334143,squared_relative_error,64,B256,False,overall,COMPLETE,0.05
independent,-0.006418911536145525,-0.0771651201101637,-0.042232672777923044,signed_relative_error,64,B256,False,overall,COMPLETE,0.05
independent,0.02113803174353538,-0.004227697413122802,0.0076767341193125505,squared_relative_error,64,B256,False,overall,COMPLETE,0.05
raw,0.05938886869979158,0.051009885944938535,0.05498206034983607,signed_relative_error,64,full512,False,overall,COMPLETE,0.1
raw,-0.0014362584737407445,-0.005924182517844949,-0.0037113409972563804,squared_relative_error,64,full512,True,overall,COMPLETE,0.1
raw,0.10109611904311866,0.08032749106333853,0.08983430269579981,signed_relative_error,64,A256,False,overall,COMPLETE,0.1
raw,0.0009685026451564271,-0.012514392664963367,-0.0063042568223374736,squared_relative_error,64,A256,False,overall,COMPLETE,0.1
independent,0.01866835261322127,-0.04378142070106022,-0.011827926963423566,signed_relative_error,64,A256,False,overall,COMPLETE,0.1
independent,0.015817457404533178,0.0008844209706139952,0.007883670483026954,squared_relative_error,64,A256,False,overall,COMPLETE,0.1
raw,0.1134914115426494,0.0827045347146662,0.09665649410565069,signed_relative_error,64,B256,False,overall,COMPLETE,0.1
raw,0.016192804608153775,-0.014806597337104434,-0.0017592283781913223,squared_relative_error,64,B256,False,overall,COMPLETE,0.1
independent,0.008308129008373032,-0.06810778087460423,-0.030791551487526873,signed_relative_error,64,B256,False,overall,COMPLETE,0.1
independent,0.03021983482771422,-0.004152816672385355,0.011228390445357169,squared_relative_error,64,B256,False,overall,COMPLETE,0.1
raw,0.04498877233669051,0.039852700854136475,0.04241224163061401,signed_relative_error,64,full512,False,overall,COMPLETE,0.2
raw,-0.000983672263155235,-0.004172969930311214,-0.002571420725506441,squared_relative_error,64,full512,False,overall,COMPLETE,0.2
raw,0.07756402515243305,0.06459457845816703,0.07094875930167033,signed_relative_error,64,A256,False,overall,COMPLETE,0.2
raw,-0.0006848985414382372,-0.008710635428484425,-0.004743344738078917,squared_relative_error,64,A256,False,overall,COMPLETE,0.2
independent,0.021989268486478784,-0.03539609318363211,-0.0062938575045240015,signed_relative_error,64,A256,False,overall,COMPLETE,0.2
independent,0.011830537643362251,1.1582224947948137e-05,0.005644418972192625,squared_relative_error,64,A256,False,overall,COMPLETE,0.2
raw,0.0855382126412949,0.06645601324203218,0.07501296754147715,signed_relative_error,64,B256,False,overall,COMPLETE,0.2
raw,0.004409146151959566,-0.011112359338062911,-0.00479899378416957,squared_relative_error,64,B256,False,overall,COMPLETE,0.2
independent,0.005681941958898633,-0.05906642810087418,-0.027045213838515755,signed_relative_error,64,B256,False,overall,COMPLETE,0.2
independent,0.014408839041090698,-0.005669699274003581,0.0037353183335984653,squared_relative_error,64,B256,False,overall,COMPLETE,0.2
raw,0.04639617136204161,0.04073418041112607,0.043474841648069085,signed_relative_error,64,full512,False,gaussian,COMPLETE,0.05
raw,-0.0009011916597825169,-0.0031725005474108154,-0.0020468754356295924,squared_relative_error,64,full512,False,gaussian,COMPLETE,0.05
raw,0.07575403774668046,0.06432622713365498,0.07002185964307403,signed_relative_error,64,A256,False,gaussian,COMPLETE,0.05
raw,-0.005460439750391006,-0.010254049036825547,-0.007921684763271875,squared_relative_error,64,A256,False,gaussian,COMPLETE,0.05
independent,-0.009505158393687613,-0.0706107745313757,-0.040007337244526125,signed_relative_error,64,A256,False,gaussian,COMPLETE,0.05
independent,0.0036980859069679667,-0.005127009477337705,-0.0006089714928929866,squared_relative_error,64,A256,False,gaussian,COMPLETE,0.05
raw,0.0729222373238826,0.06363622172496868,0.06822998754611581,signed_relative_error,64,B256,False,gaussian,COMPLETE,0.05
raw,-0.005106273766989923,-0.01028695423775268,-0.007694896800254725,squared_relative_error,64,B256,False,gaussian,COMPLETE,0.05
independent,-0.004203150987143164,-0.06328483190385559,-0.032834117092247525,signed_relative_error,64,B256,False,gaussian,COMPLETE,0.05
independent,0.007303064632596588,7.945383151690091e-05,0.0034193435583612266,squared_relative_error,64,B256,False,gaussian,COMPLETE,0.05
raw,0.03703850703118408,0.03270705928331949,0.03481192788834862,signed_relative_error,64,full512,False,gaussian,COMPLETE,0.1
raw,-0.0004392563190833862,-0.0020840285550448403,-0.0012611685059912853,squared_relative_error,64,full512,False,gaussian,COMPLETE,0.1
raw,0.05968901819750193,0.05239033544152485,0.05598306932428232,signed_relative_error,64,A256,False,gaussian,COMPLETE,0.1
raw,-0.003737919021536659,-0.006986618848537371,-0.005377320976982859,squared_relative_error,64,A256,False,gaussian,COMPLETE,0.1
independent,-0.0067483562903459336,-0.06008645810688519,-0.033278705374256964,signed_relative_error,64,A256,False,gaussian,COMPLETE,0.1
independent,0.0022272795087212582,-0.004393432324133502,-0.0010038880273253912,squared_relative_error,64,A256,False,gaussian,COMPLETE,0.1
raw,0.06280868770902533,0.05448931565215633,0.058624372259398344,signed_relative_error,64,B256,False,gaussian,COMPLETE,0.1
raw,-0.001996011621622487,-0.006118488958681924,-0.004072372721625892,squared_relative_error,64,B256,False,gaussian,COMPLETE,0.1
independent,0.00464086136915891,-0.04939030525613086,-0.021576680015788136,signed_relative_error,64,B256,False,gaussian,COMPLETE,0.1
independent,0.005969003628543798,0.00019265468733140075,0.0028790612389542444,squared_relative_error,64,B256,False,gaussian,COMPLETE,0.1
raw,0.02232613128825039,0.01985981803703033,0.02111888622678839,signed_relative_error,64,full512,False,gaussian,COMPLETE,0.2
raw,-5.996123972297489e-05,-0.000787851455941101,-0.0004264473604019278,squared_relative_error,64,full512,False,gaussian,COMPLETE,0.2
raw,0.03726951873625731,0.03295833241157944,0.035064987259425,signed_relative_error,64,A256,False,gaussian,COMPLETE,0.2
raw,-0.0012398541605537284,-0.0028173648156553993,-0.0020284300843752567,squared_relative_error,64,A256,False,gaussian,COMPLETE,0.2
independent,-0.0016217665212956117,-0.039356668688400445,-0.020326128227443823,signed_relative_error,64,A256,False,gaussian,COMPLETE,0.2
independent,0.0010557409053296386,-0.002213133245171735,-0.0005398354252065679,squared_relative_error,64,A256,False,gaussian,COMPLETE,0.2
raw,0.03908390683062749,0.03388153478686812,0.036449047904383206,signed_relative_error,64,B256,False,gaussian,COMPLETE,0.2
raw,-0.00034488142428285256,-0.0022806834080853584,-0.0013335682063317048,squared_relative_error,64,B256,False,gaussian,COMPLETE,0.2
independent,0.00794601203893706,-0.03000452435107172,-0.010556566634421212,signed_relative_error,64,B256,False,gaussian,COMPLETE,0.2
independent,0.0025852942661538265,-0.0002128223761092004,0.001112172563969606,squared_relative_error,64,B256,False,gaussian,COMPLETE,0.2
raw,0.09509844026847948,0.06838045128849174,0.08104702821556883,signed_relative_error,64,full512,False,asymmetric_crash,COMPLETE,0.05
raw,-0.0014292131848430438,-0.010206139122870432,-0.005882197741391289,squared_relative_error,64,full512,False,asymmetric_crash,COMPLETE,0.05
raw,0.1453803548297183,0.09460211528705434,0.1175811856466672,signed_relative_error,64,A256,False,asymmetric_crash,COMPLETE,0.05
raw,0.012575816854573735,-0.019787068589861127,-0.005611166645525741,squared_relative_error,64,A256,False,asymmetric_crash,COMPLETE,0.05
independent,0.05572872254094392,-0.060449232415798936,-0.0015987441908119383,signed_relative_error,64,A256,False,asymmetric_crash,COMPLETE,0.05
independent,0.03936381979362504,0.004023443462414647,0.020318949721033437,squared_relative_error,64,A256,False,asymmetric_crash,COMPLETE,0.05
raw,0.16174284265130565,0.10326551853324845,0.1301704526913484,signed_relative_error,64,B256,False,asymmetric_crash,COMPLETE,0.05
raw,0.014590416463149609,-0.02651266144248979,-0.009014513928413567,squared_relative_error,64,B256,False,asymmetric_crash,COMPLETE,0.05
independent,0.012593373910935438,-0.11427219970566778,-0.05163122846359857,signed_relative_error,64,B256,False,asymmetric_crash,COMPLETE,0.05
independent,0.03789671499269551,-0.011273559731843257,0.011934124680263874,squared_relative_error,64,B256,False,asymmetric_crash,COMPLETE,0.05
raw,0.08347714959992435,0.06742994637251384,0.07515219281132351,signed_relative_error,64,full512,False,asymmetric_crash,COMPLETE,0.1
raw,-0.001959423991873778,-0.010245029358661794,-0.0061615134885214745,squared_relative_error,64,full512,False,asymmetric_crash,COMPLETE,0.1
raw,0.14644781519348973,0.10526109503307676,0.12368553606731728,signed_relative_error,64,A256,False,asymmetric_crash,COMPLETE,0.1
raw,0.007092692755249424,-0.019188499690197033,-0.007231192667692089,squared_relative_error,64,A256,False,asymmetric_crash,COMPLETE,0.1
independent,0.06548952715447937,-0.0485702296897636,0.009622851447409833,signed_relative_error,64,A256,False,asymmetric_crash,COMPLETE,0.1
independent,0.03321392281562811,0.002355091715481301,0.016771228993379298,squared_relative_error,64,A256,False,asymmetric_crash,COMPLETE,0.1
raw,0.16830997315552715,0.10770906035062203,0.13468861595190307,signed_relative_error,64,B256,False,asymmetric_crash,COMPLETE,0.1
raw,0.03589815226417699,-0.024988187437469025,0.0005539159652432494,squared_relative_error,64,B256,False,asymmetric_crash,COMPLETE,0.1
independent,0.029426648494263127,-0.10644038282334724,-0.0400064229592656,signed_relative_error,64,B256,False,asymmetric_crash,COMPLETE,0.1
independent,0.05659153448483057,-0.010560940886239493,0.01957771965176009,squared_relative_error,64,B256,False,asymmetric_crash,COMPLETE,0.1
raw,0.06865757576877811,0.05891311678111002,0.06370559703443965,signed_relative_error,64,full512,False,asymmetric_crash,COMPLETE,0.2
raw,-0.001683595167232706,-0.007729266974050012,-0.004716394090610955,squared_relative_error,64,full512,False,asymmetric_crash,COMPLETE,0.2
raw,0.11980251885203387,0.09473831477471593,0.10683253134391563,signed_relative_error,64,A256,False,asymmetric_crash,COMPLETE,0.2
raw,0.0004824415076866502,-0.01519272657757388,-0.007458259391782577,squared_relative_error,64,A256,False,asymmetric_crash,COMPLETE,0.2
independent,0.059749959480415595,-0.046505455492623714,0.00773841321839582,signed_relative_error,64,A256,False,asymmetric_crash,COMPLETE,0.2
independent,0.02396215111854493,0.0007336739022363428,0.011828673369591819,squared_relative_error,64,A256,False,asymmetric_crash,COMPLETE,0.2
raw,0.13439351060329024,0.097359420900148,0.11357688717857109,signed_relative_error,64,B256,False,asymmetric_crash,COMPLETE,0.2
raw,0.010229328344905635,-0.02071464852808974,-0.008264419362007433,squared_relative_error,64,B256,False,asymmetric_crash,COMPLETE,0.2
independent,0.016630150339967713,-0.10220353096067807,-0.0435338610426103,signed_relative_error,64,B256,False,asymmetric_crash,COMPLETE,0.2
independent,0.027367902939560557,-0.012306143118507484,0.006358464103227321,squared_relative_error,64,B256,False,asymmetric_crash,COMPLETE,0.2
