ci_high,ci_low,estimator,mean,metric,n_clusters,policy,scope,status,tau
-0.06470954330382918,-0.09849271917818654,raw,-0.0816550308305927,signed_relative_error,64,exact_lp512,overall,COMPLETE,0.0
0.10859739672117995,0.0823265650998795,raw,0.09488366218650242,absolute_relative_error,64,exact_lp512,overall,COMPLETE,0.0
0.018998631334914414,0.010988703820696014,raw,0.014694462373342496,squared_relative_error,64,exact_lp512,overall,COMPLETE,0.0
0.0344539564616324,0.026968858363176924,raw,0.03065785913471853,relative_regret,64,exact_lp512,overall,COMPLETE,0.0
2.0010479051980012,1.9574120144903446,raw,1.9789805906372036,true_es,64,exact_lp512,overall,COMPLETE,0.0
0.0,0.0,raw,0.0,smoothing_gap,64,exact_lp512,overall,COMPLETE,0.0
0.02170662503091009,0.012650354196810853,raw,0.016784532319099446,threshold_gap,64,exact_lp512,overall,COMPLETE,0.0
0.010583377172001689,-0.03368463906886972,independent,-0.011670402794029857,signed_relative_error,64,A256,overall,COMPLETE,0.05
0.1065619112767471,0.08196053624186676,independent,0.09407318859642688,absolute_relative_error,64,A256,overall,COMPLETE,0.05
0.019144723700795306,0.0115018036212454,independent,0.01512667413164365,squared_relative_error,64,A256,overall,COMPLETE,0.05
0.057223765498349094,0.04356563153139215,independent,0.05028178120116776,relative_regret,64,A256,overall,COMPLETE,0.05
2.0466226809064727,1.994770390581465,independent,2.020336715977834,true_es,64,A256,overall,COMPLETE,0.05
0.01166052502768954,0.010612045980359499,independent,0.011125801564893742,smoothing_gap,64,A256,overall,COMPLETE,0.05
0.03373504501771928,0.0201807224807591,independent,0.02658858094712376,threshold_gap,64,A256,overall,COMPLETE,0.05
-0.004150776072839037,-0.06048768431702092,oic_face,-0.032473443511698896,signed_relative_error,64,A256,overall,COMPLETE,0.05
0.13110585990681156,0.09753145261367299,oic_face,0.11356171292238156,absolute_relative_error,64,A256,overall,COMPLETE,0.05
0.03408044796313751,0.017370879957734186,oic_face,0.024981663245713878,squared_relative_error,64,A256,overall,COMPLETE,0.05
0.057223765498349094,0.04356563153139215,oic_face,0.05028178120116776,relative_regret,64,A256,overall,COMPLETE,0.05
2.0466226809064727,1.994770390581465,oic_face,2.020336715977834,true_es,64,A256,overall,COMPLETE,0.05
0.01166052502768954,0.010612045980359499,oic_face,0.011125801564893742,smoothing_gap,64,A256,overall,COMPLETE,0.05
0.03373504501771928,0.0201807224807591,oic_face,0.02658858094712376,threshold_gap,64,A256,overall,COMPLETE,0.05
-0.10435255624434273,-0.1493873412949603,raw,-0.12627496615656952,signed_relative_error,64,A256,overall,COMPLETE,0.05
0.1575614951051316,0.11806447902210528,raw,0.137071325585151,absolute_relative_error,64,A256,overall,COMPLETE,0.05
0.04125767492577938,0.023423984243225133,raw,0.031748088950112684,squared_relative_error,64,A256,overall,COMPLETE,0.05
0.057223765498349094,0.04356563153139215,raw,0.05028178120116776,relative_regret,64,A256,overall,COMPLETE,0.05
2.0466226809064727,1.994770390581465,raw,2.020336715977834,true_es,64,A256,overall,COMPLETE,0.05
0.01166052502768954,0.010612045980359499,raw,0.011125801564893742,smoothing_gap,64,A256,overall,COMPLETE,0.05
0.03373504501771928,0.0201807224807591,raw,0.02658858094712376,threshold_gap,64,A256,overall,COMPLETE,0.05
0.028720884292198767,-0.020122936143916137,independent,0.004715663015997862,signed_relative_error,64,B256,overall,COMPLETE,0.05
0.11512316519380782,0.08748641408587762,independent,0.10078043243647081,absolute_relative_error,64,B256,overall,COMPLETE,0.05
0.02521588628457222,0.013619380182552059,independent,0.0188798911695474,squared_relative_error,64,B256,overall,COMPLETE,0.05
0.05916363256942948,0.044142076269844184,independent,0.05141826506016711,relative_regret,64,B256,overall,COMPLETE,0.05
2.046580320951684,1.9948966971854147,independent,2.020535656634209,true_es,64,B256,overall,COMPLETE,0.05
0.011744173343621652,0.010607648583888338,independent,0.011164579593958248,smoothing_gap,64,B256,overall,COMPLETE,0.05
0.03625708498954633,0.02243387950559496,independent,0.02911188092945392,threshold_gap,64,B256,overall,COMPLETE,0.05
-0.010254530217555026,-0.06482067913171019,oic_face,-0.03751700976192518,signed_relative_error,64,B256,overall,COMPLETE,0.05
0.13120306363969886,0.09002248539056106,oic_face,0.10975272876288414,absolute_relative_error,64,B256,overall,COMPLETE,0.05
0.038410134329958406,0.01676586555734123,oic_face,0.026556625288859954,squared_relative_error,64,B256,overall,COMPLETE,0.05
0.05916363256942948,0.044142076269844184,oic_face,0.05141826506016711,relative_regret,64,B256,overall,COMPLETE,0.05
2.046580320951684,1.9948966971854147,oic_face,2.020535656634209,true_es,64,B256,overall,COMPLETE,0.05
0.011744173343621652,0.010607648583888338,oic_face,0.011164579593958248,smoothing_gap,64,B256,overall,COMPLETE,0.05
0.03625708498954633,0.02243387950559496,oic_face,0.02911188092945392,threshold_gap,64,B256,overall,COMPLETE,0.05
-0.1146868023660623,-0.1593736996899462,raw,-0.1367172298806573,signed_relative_error,64,B256,overall,COMPLETE,0.05
0.1684135396217783,0.130528929145073,raw,0.14903622128452346,absolute_relative_error,64,B256,overall,COMPLETE,0.05
0.04422006277157116,0.026690060241654517,raw,0.0349113306531941,squared_relative_error,64,B256,overall,COMPLETE,0.05
0.05916363256942948,0.044142076269844184,raw,0.05141826506016711,relative_regret,64,B256,overall,COMPLETE,0.05
2.046580320951684,1.9948966971854147,raw,2.020535656634209,true_es,64,B256,overall,COMPLETE,0.05
0.011744173343621652,0.010607648583888338,raw,0.011164579593958248,smoothing_gap,64,B256,overall,COMPLETE,0.05
0.03625708498954633,0.02243387950559496,raw,0.02911188092945392,threshold_gap,64,B256,overall,COMPLETE,0.05
0.0060388530961520215,-0.029928462904506674,oic_face,-0.011890463423416708,signed_relative_error,64,full512,overall,COMPLETE,0.05
0.0833076422874844,0.06356159681610327,oic_face,0.0731683434019001,absolute_relative_error,64,full512,overall,COMPLETE,0.05
0.012295760084515626,0.006864375624195389,oic_face,0.009399426859200137,squared_relative_error,64,full512,overall,COMPLETE,0.05
0.03153051640218945,0.024350006775647047,oic_face,0.02785755815976887,relative_regret,64,full512,overall,COMPLETE,0.05
1.997090457093073,1.9528667191883684,oic_face,1.9746690683136334,true_es,64,full512,overall,COMPLETE,0.05
0.010639559630501824,0.009810526110327926,oic_face,0.010218810856963556,smoothing_gap,64,full512,overall,COMPLETE,0.05
0.018128635545810703,0.010248341424143473,oic_face,0.01383479234028034,threshold_gap,64,full512,overall,COMPLETE,0.05
-0.057764358386386945,-0.09070607644369554,raw,-0.07415139835523565,signed_relative_error,64,full512,overall,COMPLETE,0.05
0.10134376863163747,0.07640335311925571,raw,0.08831188145036034,absolute_relative_error,64,full512,overall,COMPLETE,0.05
0.01741893633953535,0.009906393745554437,raw,0.013363963447710576,squared_relative_error,64,full512,overall,COMPLETE,0.05
0.03153051640218945,0.024350006775647047,raw,0.02785755815976887,relative_regret,64,full512,overall,COMPLETE,0.05
1.997090457093073,1.9528667191883684,raw,1.9746690683136334,true_es,64,full512,overall,COMPLETE,0.05
0.010639559630501824,0.009810526110327926,raw,0.010218810856963556,smoothing_gap,64,full512,overall,COMPLETE,0.05
0.018128635545810703,0.010248341424143473,raw,0.01383479234028034,threshold_gap,64,full512,overall,COMPLETE,0.05
0.009938196638626771,-0.03274997100743942,independent,-0.011582252756564194,signed_relative_error,64,A256,overall,COMPLETE,0.1
0.10138619648263392,0.07805761928119273,independent,0.08957944947988652,absolute_relative_error,64,A256,overall,COMPLETE,0.1
0.017868174488644188,0.010564752080207126,independent,0.013999467937637868,squared_relative_error,64,A256,overall,COMPLETE,0.1
0.053902612865821584,0.040593340337094594,independent,0.04709766493872772,relative_regret,64,A256,overall,COMPLETE,0.1
2.041437699596163,1.9905745963670163,independent,2.015582201726728,true_es,64,A256,overall,COMPLETE,0.1
0.04353807256996556,0.03982157999723804,independent,0.04163290870131544,smoothing_gap,64,A256,overall,COMPLETE,0.1
0.025772159260541543,0.01520003638185192,independent,0.02018589240908189,threshold_gap,64,A256,overall,COMPLETE,0.1
0.003105978855486267,-0.05035975816226751,oic_face,-0.023410179719987757,signed_relative_error,64,A256,overall,COMPLETE,0.1
0.12143023055739602,0.09015636840275038,oic_face,0.10502683311052757,absolute_relative_error,64,A256,overall,COMPLETE,0.1
0.029587051129968976,0.015341426547097668,oic_face,0.021883138420664822,squared_relative_error,64,A256,overall,COMPLETE,0.1
0.053902612865821584,0.040593340337094594,oic_face,0.04709766493872772,relative_regret,64,A256,overall,COMPLETE,0.1
2.041437699596163,1.9905745963670163,oic_face,2.015582201726728,true_es,64,A256,overall,COMPLETE,0.1
0.04353807256996556,0.03982157999723804,oic_face,0.04163290870131544,smoothing_gap,64,A256,overall,COMPLETE,0.1
0.025772159260541543,0.01520003638185192,oic_face,0.02018589240908189,threshold_gap,64,A256,overall,COMPLETE,0.1
-0.09177524511273222,-0.13577569614503976,raw,-0.11324448241578756,signed_relative_error,64,A256,overall,COMPLETE,0.1
0.14451456361402915,0.10645044805475073,raw,0.12475207762076523,absolute_relative_error,64,A256,overall,COMPLETE,0.1
0.03712231101826656,0.02039768729317251,raw,0.028187395243002296,squared_relative_error,64,A256,overall,COMPLETE,0.1
0.053902612865821584,0.040593340337094594,raw,0.04709766493872772,relative_regret,64,A256,overall,COMPLETE,0.1
2.041437699596163,1.9905745963670163,raw,2.015582201726728,true_es,64,A256,overall,COMPLETE,0.1
0.04353807256996556,0.03982157999723804,raw,0.04163290870131544,smoothing_gap,64,A256,overall,COMPLETE,0.1
0.025772159260541543,0.01520003638185192,raw,0.02018589240908189,threshold_gap,64,A256,overall,COMPLETE,0.1
0.028045822363424212,-0.01921993884602187,independent,0.004938792408063123,signed_relative_error,64,B256,overall,COMPLETE,0.1
0.11117412373407913,0.08444218997091614,independent,0.09731431310942462,absolute_relative_error,64,B256,overall,COMPLETE,0.1
0.023903865500251316,0.012824834187602573,independent,0.01783923323287025,squared_relative_error,64,B256,overall,COMPLETE,0.1
0.054962130964860044,0.0403913749744175,independent,0.0473776088916705,relative_regret,64,B256,overall,COMPLETE,0.1
2.0401328597422026,1.9886047858265783,independent,2.014147867210098,true_es,64,B256,overall,COMPLETE,0.1
0.0435775202664669,0.03968014189722165,independent,0.041585270920241016,smoothing_gap,64,B256,overall,COMPLETE,0.1
0.028380932062461818,0.016989048422524796,independent,0.022430104270129966,threshold_gap,64,B256,overall,COMPLETE,0.1
0.005866253737437598,-0.05567868703119236,oic_face,-0.025852759079463748,signed_relative_error,64,B256,overall,COMPLETE,0.1
0.13012253394401377,0.08686046682533409,oic_face,0.1071849046821401,absolute_relative_error,64,B256,overall,COMPLETE,0.1
0.046335982231063444,0.015664046344574814,oic_face,0.02906762367822742,squared_relative_error,64,B256,overall,COMPLETE,0.1
0.054962130964860044,0.0403913749744175,oic_face,0.0473776088916705,relative_regret,64,B256,overall,COMPLETE,0.1
2.0401328597422026,1.9886047858265783,oic_face,2.014147867210098,true_es,64,B256,overall,COMPLETE,0.1
0.0435775202664669,0.03968014189722165,oic_face,0.041585270920241016,smoothing_gap,64,B256,overall,COMPLETE,0.1
0.028380932062461818,0.016989048422524796,oic_face,0.022430104270129966,threshold_gap,64,B256,overall,COMPLETE,0.1
-0.1011132524076971,-0.14442967928931097,raw,-0.12250925318511445,signed_relative_error,64,B256,overall,COMPLETE,0.1
0.15435595855391884,0.11874208774370111,raw,0.1361726540338714,absolute_relative_error,64,B256,overall,COMPLETE,0.1
0.03955633574710202,0.023143991843360388,raw,0.03082685205641874,squared_relative_error,64,B256,overall,COMPLETE,0.1
0.054962130964860044,0.0403913749744175,raw,0.0473776088916705,relative_regret,64,B256,overall,COMPLETE,0.1
2.0401328597422026,1.9886047858265783,raw,2.014147867210098,true_es,64,B256,overall,COMPLETE,0.1
0.0435775202664669,0.03968014189722165,raw,0.041585270920241016,smoothing_gap,64,B256,overall,COMPLETE,0.1
0.028380932062461818,0.016989048422524796,raw,0.022430104270129966,threshold_gap,64,B256,overall,COMPLETE,0.1
0.005180092599401147,-0.028729683677144076,oic_face,-0.011754721356253259,signed_relative_error,64,full512,overall,COMPLETE,0.1
0.07690349507170964,0.057213960954116405,oic_face,0.06674485707563524,absolute_relative_error,64,full512,overall,COMPLETE,0.1
0.010774154947606718,0.005931553133252612,oic_face,0.008208275967481287,squared_relative_error,64,full512,overall,COMPLETE,0.1
0.02925775373379354,0.022572943352287395,oic_face,0.02581852702734374,relative_regret,64,full512,overall,COMPLETE,0.1
1.9934761508749264,1.9496932577650579,oic_face,1.971206266897517,true_es,64,full512,overall,COMPLETE,0.1
0.03978050613686872,0.03694316149953605,oic_face,0.038327301375083556,smoothing_gap,64,full512,overall,COMPLETE,0.1
0.014559545339983599,0.008571143478722534,oic_face,0.011345020792362721,threshold_gap,64,full512,overall,COMPLETE,0.1
-0.051066261051409836,-0.08260510441944632,raw,-0.06673678170608932,signed_relative_error,64,full512,overall,COMPLETE,0.1
0.09413406573837514,0.07087486428771166,raw,0.08194533909355428,absolute_relative_error,64,full512,overall,COMPLETE,0.1
0.015634181394285785,0.008760732178058778,raw,0.011919616964737667,squared_relative_error,64,full512,overall,COMPLETE,0.1
0.02925775373379354,0.022572943352287395,raw,0.02581852702734374,relative_regret,64,full512,overall,COMPLETE,0.1
1.9934761508749264,1.9496932577650579,raw,1.971206266897517,true_es,64,full512,overall,COMPLETE,0.1
0.03978050613686872,0.03694316149953605,raw,0.038327301375083556,smoothing_gap,64,full512,overall,COMPLETE,0.1
0.014559545339983599,0.008571143478722534,raw,0.011345020792362721,threshold_gap,64,full512,overall,COMPLETE,0.1
0.007842161996300176,-0.03017105565733843,independent,-0.011357704109867577,signed_relative_error,64,A256,overall,COMPLETE,0.2
0.08790672110961552,0.06732705595938322,independent,0.07747868512789455,absolute_relative_error,64,A256,overall,COMPLETE,0.2
0.01451424821318674,0.008247820588445249,independent,0.01118648713154759,squared_relative_error,64,A256,overall,COMPLETE,0.2
0.04765118305872805,0.03528707158062924,independent,0.04128571938630815,relative_regret,64,A256,overall,COMPLETE,0.2
2.0292779342779843,1.9805706163847114,independent,2.0046180468808825,true_es,64,A256,overall,COMPLETE,0.2
0.14053705739903263,0.1299976188998345,independent,0.1351185734272962,smoothing_gap,64,A256,overall,COMPLETE,0.2
0.032775601114212106,0.024903840286551838,independent,0.028645272509727628,threshold_gap,64,A256,overall,COMPLETE,0.2
0.005532257349201331,-0.04162756571679761,oic_face,-0.01765156161439158,signed_relative_error,64,A256,overall,COMPLETE,0.2
0.10556240168084803,0.07909340177726082,oic_face,0.09173682423659683,absolute_relative_error,64,A256,overall,COMPLETE,0.2
0.022582858494878212,0.011880866818974779,oic_face,0.016830906103740217,squared_relative_error,64,A256,overall,COMPLETE,0.2
0.04765118305872805,0.03528707158062924,oic_face,0.04128571938630815,relative_regret,64,A256,overall,COMPLETE,0.2
2.0292779342779843,1.9805706163847114,oic_face,2.0046180468808825,true_es,64,A256,overall,COMPLETE,0.2
0.14053705739903263,0.1299976188998345,oic_face,0.1351185734272962,smoothing_gap,64,A256,overall,COMPLETE,0.2
0.032775601114212106,0.024903840286551838,oic_face,0.028645272509727628,threshold_gap,64,A256,overall,COMPLETE,0.2
-0.06872511271349813,-0.10950874736781462,raw,-0.0886003209160619,signed_relative_error,64,A256,overall,COMPLETE,0.2
0.1195638458573761,0.08508486601078881,raw,0.10159487197151604,absolute_relative_error,64,A256,overall,COMPLETE,0.2
0.029071596459643023,0.015070530544836752,raw,0.02157425084181913,squared_relative_error,64,A256,overall,COMPLETE,0.2
0.04765118305872805,0.03528707158062924,raw,0.04128571938630815,relative_regret,64,A256,overall,COMPLETE,0.2
2.0292779342779843,1.9805706163847114,raw,2.0046180468808825,true_es,64,A256,overall,COMPLETE,0.2
0.14053705739903263,0.1299976188998345,raw,0.1351185734272962,smoothing_gap,64,A256,overall,COMPLETE,0.2
0.032775601114212106,0.024903840286551838,raw,0.028645272509727628,threshold_gap,64,A256,overall,COMPLETE,0.2
0.025800757044547117,-0.017395874050850847,independent,0.004611529903535762,signed_relative_error,64,B256,overall,COMPLETE,0.2
0.09861940145644053,0.07379812455161638,independent,0.08581931746940513,absolute_relative_error,64,B256,overall,COMPLETE,0.2
0.020122723409417207,0.010461999566124609,independent,0.01484226188922521,squared_relative_error,64,B256,overall,COMPLETE,0.2
0.048271962088363984,0.03503697941344335,independent,0.0413492689825567,relative_regret,64,B256,overall,COMPLETE,0.2
2.0285028051968808,1.979041454504675,independent,2.0034312883587253,true_es,64,B256,overall,COMPLETE,0.2
0.14012942633899372,0.12978522648927227,independent,0.1348502243622342,smoothing_gap,64,B256,overall,COMPLETE,0.2
0.035087430561566386,0.024928917281439512,independent,0.029805465066380078,threshold_gap,64,B256,overall,COMPLETE,0.2
0.0019867684780170893,-0.04637264433017002,oic_face,-0.022433683934979992,signed_relative_error,64,B256,overall,COMPLETE,0.2
0.10476899871789773,0.07253389457153403,oic_face,0.08792446291768609,absolute_relative_error,64,B256,overall,COMPLETE,0.2
0.0280109185289306,0.011107452016515678,oic_face,0.018577580222823676,squared_relative_error,64,B256,overall,COMPLETE,0.2
0.048271962088363984,0.03503697941344335,oic_face,0.0413492689825567,relative_regret,64,B256,overall,COMPLETE,0.2
2.0285028051968808,1.979041454504675,oic_face,2.0034312883587253,true_es,64,B256,overall,COMPLETE,0.2
0.14012942633899372,0.12978522648927227,oic_face,0.1348502243622342,smoothing_gap,64,B256,overall,COMPLETE,0.2
0.035087430561566386,0.024928917281439512,oic_face,0.029805465066380078,threshold_gap,64,B256,overall,COMPLETE,0.2
-0.07837779738171848,-0.11676276200926439,raw,-0.09744665147645715,signed_relative_error,64,B256,overall,COMPLETE,0.2
0.12743104387017698,0.09637860056264594,raw,0.11149359735998567,absolute_relative_error,64,B256,overall,COMPLETE,0.2
0.030589683518450872,0.017011075310526435,raw,0.023376574006993243,squared_relative_error,64,B256,overall,COMPLETE,0.2
0.048271962088363984,0.03503697941344335,raw,0.0413492689825567,relative_regret,64,B256,overall,COMPLETE,0.2
2.0285028051968808,1.979041454504675,raw,2.0034312883587253,true_es,64,B256,overall,COMPLETE,0.2
0.14012942633899372,0.12978522648927227,raw,0.1348502243622342,smoothing_gap,64,B256,overall,COMPLETE,0.2
0.035087430561566386,0.024928917281439512,raw,0.029805465066380078,threshold_gap,64,B256,overall,COMPLETE,0.2
0.004460107426096537,-0.025733290620575795,oic_face,-0.010563029855027424,signed_relative_error,64,full512,overall,COMPLETE,0.2
0.06720976609473361,0.04993168606009956,oic_face,0.0582825350956661,absolute_relative_error,64,full512,overall,COMPLETE,0.2
0.008647014355911802,0.004812938413116182,oic_face,0.006612872315084083,squared_relative_error,64,full512,overall,COMPLETE,0.2
0.025577710983276592,0.019605299617279946,oic_face,0.022515961275891734,relative_regret,64,full512,overall,COMPLETE,0.2
1.98618201170427,1.9437023900481871,oic_face,1.9646316012375022,true_es,64,full512,overall,COMPLETE,0.2
0.1300741073196371,0.12254549910679667,oic_face,0.12623102200568861,smoothing_gap,64,full512,overall,COMPLETE,0.2
0.03132734945789847,0.0250093595869683,oic_face,0.028034847914608044,threshold_gap,64,full512,overall,COMPLETE,0.2
-0.03887680558348886,-0.0672064790152701,raw,-0.052975271485641434,signed_relative_error,64,full512,overall,COMPLETE,0.2
0.07959917812065656,0.0594088323431446,raw,0.06898142899756499,absolute_relative_error,64,full512,overall,COMPLETE,0.2
0.012211052108690995,0.006621095670608488,raw,0.009184293040590524,squared_relative_error,64,full512,overall,COMPLETE,0.2
0.025577710983276592,0.019605299617279946,raw,0.022515961275891734,relative_regret,64,full512,overall,COMPLETE,0.2
1.98618201170427,1.9437023900481871,raw,1.9646316012375022,true_es,64,full512,overall,COMPLETE,0.2
0.1300741073196371,0.12254549910679667,raw,0.12623102200568861,smoothing_gap,64,full512,overall,COMPLETE,0.2
0.03132734945789847,0.0250093595869683,raw,0.028034847914608044,threshold_gap,64,full512,overall,COMPLETE,0.2
-0.05149853415605556,-0.07782264096583426,raw,-0.06445084002297907,signed_relative_error,64,exact_lp512,gaussian,COMPLETE,0.0
0.08146180052575681,0.05854712346789487,raw,0.06954124235154882,absolute_relative_error,64,exact_lp512,gaussian,COMPLETE,0.0
0.009152889286747188,0.0051539832752824435,raw,0.007030654717298647,squared_relative_error,64,exact_lp512,gaussian,COMPLETE,0.0
0.027124758593271882,0.0200557295308292,raw,0.023466636298704557,relative_regret,64,exact_lp512,gaussian,COMPLETE,0.0
1.144829162215008,1.099815641493739,raw,1.122134061720802,true_es,64,exact_lp512,gaussian,COMPLETE,0.0
0.0,0.0,raw,0.0,smoothing_gap,64,exact_lp512,gaussian,COMPLETE,0.0
0.011183198303900391,0.0059538070448763155,raw,0.008326241108044592,threshold_gap,64,exact_lp512,gaussian,COMPLETE,0.0
0.028261982022042973,-0.01666137198519212,independent,0.005610102610779074,signed_relative_error,64,A256,gaussian,COMPLETE,0.05
0.08711517339015479,0.05993020227126285,independent,0.0727751900954387,absolute_relative_error,64,A256,gaussian,COMPLETE,0.05
0.011706976253449393,0.0057006394248441,independent,0.008328644712278576,squared_relative_error,64,A256,gaussian,COMPLETE,0.05
0.04318612941119479,0.033844639119437456,independent,0.03842063173663289,relative_regret,64,A256,gaussian,COMPLETE,0.05
1.161593859729387,1.1154671510862206,independent,1.1385284125721018,true_es,64,A256,gaussian,COMPLETE,0.05
0.018783805881240248,0.017178822349063205,independent,0.017981137044199465,smoothing_gap,64,A256,gaussian,COMPLETE,0.05
0.016082758193430757,0.008440264623875718,independent,0.012024015041805149,threshold_gap,64,A256,gaussian,COMPLETE,0.05
-0.014889930132887443,-0.054295817287198435,oic_face,-0.03439723463374706,signed_relative_error,64,A256,gaussian,COMPLETE,0.05
0.08188686140308384,0.05421784789630272,oic_face,0.06759602210503113,absolute_relative_error,64,A256,gaussian,COMPLETE,0.05
0.010846349768731011,0.004966704045223898,oic_face,0.007719673219385589,squared_relative_error,64,A256,gaussian,COMPLETE,0.05
0.04318612941119479,0.033844639119437456,oic_face,0.03842063173663289,relative_regret,64,A256,gaussian,COMPLETE,0.05
1.161593859729387,1.1154671510862206,oic_face,1.1385284125721018,true_es,64,A256,gaussian,COMPLETE,0.05
0.018783805881240248,0.017178822349063205,oic_face,0.017981137044199465,smoothing_gap,64,A256,gaussian,COMPLETE,0.05
0.016082758193430757,0.008440264623875718,oic_face,0.012024015041805149,threshold_gap,64,A256,gaussian,COMPLETE,0.05
-0.08789500700617255,-0.12115756766169367,raw,-0.10441909427682108,signed_relative_error,64,A256,gaussian,COMPLETE,0.05
0.12315380951572533,0.09181772210134365,raw,0.10720985413299894,absolute_relative_error,64,A256,gaussian,COMPLETE,0.05
0.02025481582315587,0.011496750682306994,raw,0.015641357982657464,squared_relative_error,64,A256,gaussian,COMPLETE,0.05
0.04318612941119479,0.033844639119437456,raw,0.03842063173663289,relative_regret,64,A256,gaussian,COMPLETE,0.05
1.161593859729387,1.1154671510862206,raw,1.1385284125721018,true_es,64,A256,gaussian,COMPLETE,0.05
0.018783805881240248,0.017178822349063205,raw,0.017981137044199465,smoothing_gap,64,A256,gaussian,COMPLETE,0.05
0.016082758193430757,0.008440264623875718,raw,0.012024015041805149,threshold_gap,64,A256,gaussian,COMPLETE,0.05
0.019943364015182208,-0.01780875125512706,independent,0.0009645253958516457,signed_relative_error,64,B256,gaussian,COMPLETE,0.05
0.07219643099177732,0.04919092707204802,independent,0.06026627213940102,absolute_relative_error,64,B256,gaussian,COMPLETE,0.05
0.007989812631841398,0.004061532163152047,independent,0.0058662509583681036,squared_relative_error,64,B256,gaussian,COMPLETE,0.05
0.04779667646810718,0.035713415406779365,independent,0.04161484416312437,relative_regret,64,B256,gaussian,COMPLETE,0.05
1.1655529842761558,1.1186373763141075,independent,1.142034687640343,true_es,64,B256,gaussian,COMPLETE,0.05
0.018776161893421114,0.01693086676160287,independent,0.017834061051849974,smoothing_gap,64,B256,gaussian,COMPLETE,0.05
0.01783882173974183,0.00873427425667242,independent,0.012877438919497103,threshold_gap,64,B256,gaussian,COMPLETE,0.05
-0.010141443647800199,-0.054322694762290534,oic_face,-0.031869591696395874,signed_relative_error,64,B256,gaussian,COMPLETE,0.05
0.091532938891681,0.06274153241969327,oic_face,0.07675256775973986,absolute_relative_error,64,B256,gaussian,COMPLETE,0.05
0.012818994033595233,0.0063365163641222085,oic_face,0.00928559451672933,squared_relative_error,64,B256,gaussian,COMPLETE,0.05
0.04779667646810718,0.035713415406779365,oic_face,0.04161484416312437,relative_regret,64,B256,gaussian,COMPLETE,0.05
1.1655529842761558,1.1186373763141075,oic_face,1.142034687640343,true_es,64,B256,gaussian,COMPLETE,0.05
0.018776161893421114,0.01693086676160287,oic_face,0.017834061051849974,smoothing_gap,64,B256,gaussian,COMPLETE,0.05
0.01783882173974183,0.00873427425667242,oic_face,0.012877438919497103,threshold_gap,64,B256,gaussian,COMPLETE,0.05
-0.07990640727173687,-0.12053208485881974,raw,-0.10009957924251167,signed_relative_error,64,B256,gaussian,COMPLETE,0.05
0.1272452945132243,0.09287696399486704,raw,0.10958297602909757,absolute_relative_error,64,B256,gaussian,COMPLETE,0.05
0.02223533337989235,0.012370300704025429,raw,0.016980491316984054,squared_relative_error,64,B256,gaussian,COMPLETE,0.05
0.04779667646810718,0.035713415406779365,raw,0.04161484416312437,relative_regret,64,B256,gaussian,COMPLETE,0.05
1.1655529842761558,1.1186373763141075,raw,1.142034687640343,true_es,64,B256,gaussian,COMPLETE,0.05
0.018776161893421114,0.01693086676160287,raw,0.017834061051849974,smoothing_gap,64,B256,gaussian,COMPLETE,0.05
0.01783882173974183,0.00873427425667242,raw,0.012877438919497103,threshold_gap,64,B256,gaussian,COMPLETE,0.05
0.0045000877522233616,-0.02357344381481081,oic_face,-0.009406915353092802,signed_relative_error,64,full512,gaussian,COMPLETE,0.05
0.05562504263155224,0.039464035081971854,oic_face,0.04720352110769413,absolute_relative_error,64,full512,gaussian,COMPLETE,0.05
0.004463808182977751,0.0023771878953758366,oic_face,0.0033367946290502205,squared_relative_error,64,full512,gaussian,COMPLETE,0.05
0.022247150746843622,0.01683132546320689,oic_face,0.019501738504394982,relative_regret,64,full512,gaussian,COMPLETE,0.05
1.1405896937749207,1.0956287980442574,oic_face,1.1178700041986493,true_es,64,full512,gaussian,COMPLETE,0.05
0.01760388253210717,0.016202101168384452,oic_face,0.01689572507076359,smoothing_gap,64,full512,gaussian,COMPLETE,0.05
0.006849243067957459,0.0036889847836119147,oic_face,0.005123364126183463,threshold_gap,64,full512,gaussian,COMPLETE,0.05
-0.04055600750649265,-0.0655412158531882,raw,-0.05288175700116188,signed_relative_error,64,full512,gaussian,COMPLETE,0.05
0.07006907119533323,0.04871808054709233,raw,0.0590149100147246,absolute_relative_error,64,full512,gaussian,COMPLETE,0.05
0.007042591348912854,0.003910954962220092,raw,0.005383670064679812,squared_relative_error,64,full512,gaussian,COMPLETE,0.05
0.022247150746843622,0.01683132546320689,raw,0.019501738504394982,relative_regret,64,full512,gaussian,COMPLETE,0.05
1.1405896937749207,1.0956287980442574,raw,1.1178700041986493,true_es,64,full512,gaussian,COMPLETE,0.05
0.01760388253210717,0.016202101168384452,raw,0.01689572507076359,smoothing_gap,64,full512,gaussian,COMPLETE,0.05
0.006849243067957459,0.0036889847836119147,raw,0.005123364126183463,threshold_gap,64,full512,gaussian,COMPLETE,0.05
0.02495725847299628,-0.014876699187047702,independent,0.004858818415449566,signed_relative_error,64,A256,gaussian,COMPLETE,0.1
0.07758165229553365,0.053471916291201585,independent,0.06487581747935044,absolute_relative_error,64,A256,gaussian,COMPLETE,0.1
0.00912679051014688,0.004559443255223184,independent,0.0065812388119775795,squared_relative_error,64,A256,gaussian,COMPLETE,0.1
0.03800719075883876,0.029200542740408144,independent,0.033545538314064614,relative_regret,64,A256,gaussian,COMPLETE,0.1
1.1562073785573856,1.1102999545952341,independent,1.1331647068403952,true_es,64,A256,gaussian,COMPLETE,0.1
0.06940362215443661,0.0639656355282603,independent,0.0667106603375317,smoothing_gap,64,A256,gaussian,COMPLETE,0.1
0.008875453364135899,0.0043525499298754594,independent,0.006409561952555617,threshold_gap,64,A256,gaussian,COMPLETE,0.1
-0.011898904878264989,-0.04538145253399101,oic_face,-0.0284198869588074,signed_relative_error,64,A256,gaussian,COMPLETE,0.1
0.06868070658461173,0.04450150815287976,oic_face,0.0561669058688513,absolute_relative_error,64,A256,gaussian,COMPLETE,0.1
0.00794052143268064,0.0035409619646457635,oic_face,0.005577350784652189,squared_relative_error,64,A256,gaussian,COMPLETE,0.1
0.03800719075883876,0.029200542740408144,oic_face,0.033545538314064614,relative_regret,64,A256,gaussian,COMPLETE,0.1
1.1562073785573856,1.1102999545952341,oic_face,1.1331647068403952,true_es,64,A256,gaussian,COMPLETE,0.1
0.06940362215443661,0.0639656355282603,oic_face,0.0667106603375317,smoothing_gap,64,A256,gaussian,COMPLETE,0.1
0.008875453364135899,0.0043525499298754594,oic_face,0.006409561952555617,threshold_gap,64,A256,gaussian,COMPLETE,0.1
-0.06956911956231411,-0.09937032093765019,raw,-0.08440295628308973,signed_relative_error,64,A256,gaussian,COMPLETE,0.1
0.10188276753818275,0.0742636156070382,raw,0.08774587371737791,absolute_relative_error,64,A256,gaussian,COMPLETE,0.1
0.014467400463340564,0.007856640000215992,raw,0.010954671761635048,squared_relative_error,64,A256,gaussian,COMPLETE,0.1
0.03800719075883876,0.029200542740408144,raw,0.033545538314064614,relative_regret,64,A256,gaussian,COMPLETE,0.1
1.1562073785573856,1.1102999545952341,raw,1.1331647068403952,true_es,64,A256,gaussian,COMPLETE,0.1
0.06940362215443661,0.0639656355282603,raw,0.0667106603375317,smoothing_gap,64,A256,gaussian,COMPLETE,0.1
0.008875453364135899,0.0043525499298754594,raw,0.006409561952555617,threshold_gap,64,A256,gaussian,COMPLETE,0.1
0.018495514114938754,-0.015700258906938505,independent,0.0013007130019796875,signed_relative_error,64,B256,gaussian,COMPLETE,0.1
0.06560510075355887,0.04538835362467481,independent,0.055115545052646917,absolute_relative_error,64,B256,gaussian,COMPLETE,0.1
0.006476158086294179,0.003314975211303832,independent,0.004767868745904844,squared_relative_error,64,B256,gaussian,COMPLETE,0.1
0.041287761324118405,0.030942521043367054,independent,0.03596654641540124,relative_regret,64,B256,gaussian,COMPLETE,0.1
1.1592203501616678,1.1130048595826258,independent,1.135877311774268,true_es,64,B256,gaussian,COMPLETE,0.1
0.06910586621903572,0.06287552275553078,independent,0.06591141739935419,smoothing_gap,64,B256,gaussian,COMPLETE,0.1
0.009844177648942439,0.005063244326807508,independent,0.007286075149803981,threshold_gap,64,B256,gaussian,COMPLETE,0.1
0.000328690048758823,-0.04115018159930175,oic_face,-0.020275967013808453,signed_relative_error,64,B256,gaussian,COMPLETE,0.1
0.0836561739471019,0.05815275826129574,oic_face,0.07037529120236204,absolute_relative_error,64,B256,gaussian,COMPLETE,0.1
0.010470153246491748,0.005352693467945027,oic_face,0.007646929984859089,squared_relative_error,64,B256,gaussian,COMPLETE,0.1
0.041287761324118405,0.030942521043367054,oic_face,0.03596654641540124,relative_regret,64,B256,gaussian,COMPLETE,0.1
1.1592203501616678,1.1130048595826258,oic_face,1.135877311774268,true_es,64,B256,gaussian,COMPLETE,0.1
0.06910586621903572,0.06287552275553078,oic_face,0.06591141739935419,smoothing_gap,64,B256,gaussian,COMPLETE,0.1
0.009844177648942439,0.005063244326807508,oic_face,0.007286075149803981,threshold_gap,64,B256,gaussian,COMPLETE,0.1
-0.061039499788726075,-0.09693981651611575,raw,-0.07890033927320679,signed_relative_error,64,B256,gaussian,COMPLETE,0.1
0.10480271866425848,0.07517179531707602,raw,0.08953179535833003,absolute_relative_error,64,B256,gaussian,COMPLETE,0.1
0.015582005634001962,0.008379369216848582,raw,0.01171930270648498,squared_relative_error,64,B256,gaussian,COMPLETE,0.1
0.041287761324118405,0.030942521043367054,raw,0.03596654641540124,relative_regret,64,B256,gaussian,COMPLETE,0.1
1.1592203501616678,1.1130048595826258,raw,1.135877311774268,true_es,64,B256,gaussian,COMPLETE,0.1
0.06910586621903572,0.06287552275553078,raw,0.06591141739935419,smoothing_gap,64,B256,gaussian,COMPLETE,0.1
0.009844177648942439,0.005063244326807508,raw,0.007286075149803981,threshold_gap,64,B256,gaussian,COMPLETE,0.1
0.004888425715618872,-0.019889230639243555,oic_face,-0.007314210276311364,signed_relative_error,64,full512,gaussian,COMPLETE,0.1
0.049461607157918086,0.035432378445491755,oic_face,0.04222110984667385,absolute_relative_error,64,full512,gaussian,COMPLETE,0.1
0.003454714959812497,0.0019084728482284257,oic_face,0.00262484039980363,squared_relative_error,64,full512,gaussian,COMPLETE,0.1
0.019177720908383777,0.014769231219216226,oic_face,0.016938482807641382,relative_regret,64,full512,gaussian,COMPLETE,0.1
1.137699365587958,1.0929188789532387,oic_face,1.1150824527977776,true_es,64,full512,gaussian,COMPLETE,0.1
0.06515387421457658,0.06043544261700244,oic_face,0.06278091587547296,smoothing_gap,64,full512,gaussian,COMPLETE,0.1
0.00621591900223978,0.0032291049004085763,oic_face,0.004618503147520528,threshold_gap,64,full512,gaussian,COMPLETE,0.1
-0.03102938607199946,-0.053444372066408646,raw,-0.04212613816465999,signed_relative_error,64,full512,gaussian,COMPLETE,0.1
0.059409473247135025,0.04111336234282463,raw,0.04996782581391874,absolute_relative_error,64,full512,gaussian,COMPLETE,0.1
0.005107321409706231,0.0028108490358416767,raw,0.0038860089057949155,squared_relative_error,64,full512,gaussian,COMPLETE,0.1
0.019177720908383777,0.014769231219216226,raw,0.016938482807641382,relative_regret,64,full512,gaussian,COMPLETE,0.1
1.137699365587958,1.0929188789532387,raw,1.1150824527977776,true_es,64,full512,gaussian,COMPLETE,0.1
0.06515387421457658,0.06043544261700244,raw,0.06278091587547296,smoothing_gap,64,full512,gaussian,COMPLETE,0.1
0.00621591900223978,0.0032291049004085763,raw,0.004618503147520528,threshold_gap,64,full512,gaussian,COMPLETE,0.1
0.01834115549008404,-0.009959573110919513,independent,0.004015436317268374,signed_relative_error,64,A256,gaussian,COMPLETE,0.2
0.0546764189811308,0.03767472367974472,independent,0.04579743155662572,absolute_relative_error,64,A256,gaussian,COMPLETE,0.2
0.004490879232638101,0.002300674180091959,independent,0.0032818695704512355,squared_relative_error,64,A256,gaussian,COMPLETE,0.2
0.03171225623452919,0.023663550226893395,independent,0.02753646853577244,relative_regret,64,A256,gaussian,COMPLETE,0.2
1.1492853045983082,1.1040706418365513,independent,1.1265860144636333,true_es,64,A256,gaussian,COMPLETE,0.2
0.21515884990943432,0.2015073902562917,independent,0.2083830210218513,smoothing_gap,64,A256,gaussian,COMPLETE,0.2
0.040402012199591525,0.02965755196088211,independent,0.03493469376767572,threshold_gap,64,A256,gaussian,COMPLETE,0.2
-0.004192521984430498,-0.028521662486181102,oic_face,-0.01631069191017545,signed_relative_error,64,A256,gaussian,COMPLETE,0.2
0.04905637730715526,0.03275204310187391,oic_face,0.040587369737855976,absolute_relative_error,64,A256,gaussian,COMPLETE,0.2
0.0039548886607260105,0.0017289850895608545,oic_face,0.002742034145244668,squared_relative_error,64,A256,gaussian,COMPLETE,0.2
0.03171225623452919,0.023663550226893395,oic_face,0.02753646853577244,relative_regret,64,A256,gaussian,COMPLETE,0.2
1.1492853045983082,1.1040706418365513,oic_face,1.1265860144636333,true_es,64,A256,gaussian,COMPLETE,0.2
0.21515884990943432,0.2015073902562917,oic_face,0.2083830210218513,smoothing_gap,64,A256,gaussian,COMPLETE,0.2
0.040402012199591525,0.02965755196088211,oic_face,0.03493469376767572,threshold_gap,64,A256,gaussian,COMPLETE,0.2
-0.04019150203237802,-0.0626415695848139,raw,-0.05137567916960045,signed_relative_error,64,A256,gaussian,COMPLETE,0.2
0.06597259762308516,0.04622336570855663,raw,0.05574533792100102,absolute_relative_error,64,A256,gaussian,COMPLETE,0.2
0.006541416265532573,0.0033045893407400717,raw,0.004770464229619925,squared_relative_error,64,A256,gaussian,COMPLETE,0.2
0.03171225623452919,0.023663550226893395,raw,0.02753646853577244,relative_regret,64,A256,gaussian,COMPLETE,0.2
1.1492853045983082,1.1040706418365513,raw,1.1265860144636333,true_es,64,A256,gaussian,COMPLETE,0.2
0.21515884990943432,0.2015073902562917,raw,0.2083830210218513,smoothing_gap,64,A256,gaussian,COMPLETE,0.2
0.040402012199591525,0.02965755196088211,raw,0.03493469376767572,threshold_gap,64,A256,gaussian,COMPLETE,0.2
0.013019120107402719,-0.011777962322446532,independent,0.0006826717342685844,signed_relative_error,64,B256,gaussian,COMPLETE,0.2
0.04767370048811606,0.03359676482775822,independent,0.040498502458972366,absolute_relative_error,64,B256,gaussian,COMPLETE,0.2
0.003277453087819058,0.0017492430952237544,independent,0.0024646164059922895,squared_relative_error,64,B256,gaussian,COMPLETE,0.2
0.033110634202707635,0.025077428789769967,independent,0.02901115401121106,relative_regret,64,B256,gaussian,COMPLETE,0.2
1.1515919752220907,1.1056511149895625,independent,1.1283254807525092,true_es,64,B256,gaussian,COMPLETE,0.2
0.21393469617578123,0.19839915707317882,independent,0.2060065115638037,smoothing_gap,64,B256,gaussian,COMPLETE,0.2
0.04300196600965407,0.031220137444045268,independent,0.03706774295837527,threshold_gap,64,B256,gaussian,COMPLETE,0.2
0.004316628983392759,-0.024357930083682155,oic_face,-0.009873894900152627,signed_relative_error,64,B256,gaussian,COMPLETE,0.2
0.057454284388706214,0.03994423220363406,oic_face,0.04823115996878541,absolute_relative_error,64,B256,gaussian,COMPLETE,0.2
0.004879640897066717,0.002498227083572484,oic_face,0.0035767889699618955,squared_relative_error,64,B256,gaussian,COMPLETE,0.2
0.033110634202707635,0.025077428789769967,oic_face,0.02901115401121106,relative_regret,64,B256,gaussian,COMPLETE,0.2
1.1515919752220907,1.1056511149895625,oic_face,1.1283254807525092,true_es,64,B256,gaussian,COMPLETE,0.2
0.21393469617578123,0.19839915707317882,oic_face,0.2060065115638037,smoothing_gap,64,B256,gaussian,COMPLETE,0.2
0.04300196600965407,0.031220137444045268,oic_face,0.03706774295837527,threshold_gap,64,B256,gaussian,COMPLETE,0.2
-0.03354480549628417,-0.05924043070181779,raw,-0.04632294280453583,signed_relative_error,64,B256,gaussian,COMPLETE,0.2
0.0675909141799736,0.04751111247940423,raw,0.05724631316604558,absolute_relative_error,64,B256,gaussian,COMPLETE,0.2
0.006605364042133856,0.0034286694872566314,raw,0.0049103571762936,squared_relative_error,64,B256,gaussian,COMPLETE,0.2
0.033110634202707635,0.025077428789769967,raw,0.02901115401121106,relative_regret,64,B256,gaussian,COMPLETE,0.2
1.1515919752220907,1.1056511149895625,raw,1.1283254807525092,true_es,64,B256,gaussian,COMPLETE,0.2
0.21393469617578123,0.19839915707317882,raw,0.2060065115638037,smoothing_gap,64,B256,gaussian,COMPLETE,0.2
0.04300196600965407,0.031220137444045268,raw,0.03706774295837527,threshold_gap,64,B256,gaussian,COMPLETE,0.2
0.004917241915185249,-0.012908496033891808,oic_face,-0.003913398470572961,signed_relative_error,64,full512,gaussian,COMPLETE,0.2
0.03522985102994493,0.025157639918041562,oic_face,0.029953549863356785,absolute_relative_error,64,full512,gaussian,COMPLETE,0.2
0.0017398509187328362,0.000967812493903631,oic_face,0.0013212325570129023,squared_relative_error,64,full512,gaussian,COMPLETE,0.2
0.01580885893318773,0.012104946155829457,oic_face,0.013923058303744937,relative_regret,64,full512,gaussian,COMPLETE,0.2
1.1342900000190541,1.0897633202539407,oic_face,1.1117859831251962,true_es,64,full512,gaussian,COMPLETE,0.2
0.20314717119249628,0.19215028231520578,oic_face,0.19757118652961458,smoothing_gap,64,full512,gaussian,COMPLETE,0.2
0.049289352033625417,0.039380442736484396,oic_face,0.04428319467431204,threshold_gap,64,full512,gaussian,COMPLETE,0.2
-0.01684273563839304,-0.03331406759730732,raw,-0.02503228469736135,signed_relative_error,64,full512,gaussian,COMPLETE,0.2
0.040186181941320585,0.028046833160501362,raw,0.03387911549143084,absolute_relative_error,64,full512,gaussian,COMPLETE,0.2
0.0022886756557543,0.001266157966373339,raw,0.0017476799174148301,squared_relative_error,64,full512,gaussian,COMPLETE,0.2
0.01580885893318773,0.012104946155829457,raw,0.013923058303744937,relative_regret,64,full512,gaussian,COMPLETE,0.2
1.1342900000190541,1.0897633202539407,raw,1.1117859831251962,true_es,64,full512,gaussian,COMPLETE,0.2
0.20314717119249628,0.19215028231520578,raw,0.19757118652961458,smoothing_gap,64,full512,gaussian,COMPLETE,0.2
0.049289352033625417,0.039380442736484396,raw,0.04428319467431204,threshold_gap,64,full512,gaussian,COMPLETE,0.2
-0.07188228632218782,-0.12637267121372717,raw,-0.09885922163820632,signed_relative_error,64,exact_lp512,asymmetric_crash,COMPLETE,0.0
0.14285915373002178,0.09985854769873101,raw,0.12022608202145603,absolute_relative_error,64,exact_lp512,asymmetric_crash,COMPLETE,0.0
0.0303899463179655,0.015507668188019809,raw,0.022358270029386347,squared_relative_error,64,exact_lp512,asymmetric_crash,COMPLETE,0.0
0.04543894862044066,0.030940382321014235,raw,0.037849081970732515,relative_regret,64,exact_lp512,asymmetric_crash,COMPLETE,0.0
2.8632354428205518,2.809920737599913,raw,2.8358271195536053,true_es,64,exact_lp512,asymmetric_crash,COMPLETE,0.0
0.0,0.0,raw,0.0,smoothing_gap,64,exact_lp512,asymmetric_crash,COMPLETE,0.0
0.0340875342125696,0.017699350705222012,raw,0.0252428235301543,threshold_gap,64,exact_lp512,asymmetric_crash,COMPLETE,0.0
0.007496506261845704,-0.06376563122823019,independent,-0.02895090819883879,signed_relative_error,64,A256,asymmetric_crash,COMPLETE,0.05
0.13869838289850683,0.09327781442522991,independent,0.11537118709741509,absolute_relative_error,64,A256,asymmetric_crash,COMPLETE,0.05
0.02999014123428136,0.014869090965332907,independent,0.021924703551008725,squared_relative_error,64,A256,asymmetric_crash,COMPLETE,0.05
0.0755979098329544,0.04976429588264807,independent,0.062142930665702645,relative_regret,64,A256,asymmetric_crash,COMPLETE,0.05
2.942204170530999,2.8634002191716745,independent,2.902145019383566,true_es,64,A256,asymmetric_crash,COMPLETE,0.05
0.004896264934109073,0.00370290920631571,independent,0.004270466085588022,smoothing_gap,64,A256,asymmetric_crash,COMPLETE,0.05
0.05394852564718377,0.029577882877719276,independent,0.04115314685244237,threshold_gap,64,A256,asymmetric_crash,COMPLETE,0.05
0.0198754982676731,-0.07935876544936091,oic_face,-0.030549652389650732,signed_relative_error,64,A256,asymmetric_crash,COMPLETE,0.05
0.19244864970753078,0.12946239130438972,oic_face,0.15952740373973198,absolute_relative_error,64,A256,asymmetric_crash,COMPLETE,0.05
0.06008371094374533,0.02745983661934188,oic_face,0.04224365327204216,squared_relative_error,64,A256,asymmetric_crash,COMPLETE,0.05
0.0755979098329544,0.04976429588264807,oic_face,0.062142930665702645,relative_regret,64,A256,asymmetric_crash,COMPLETE,0.05
2.942204170530999,2.8634002191716745,oic_face,2.902145019383566,true_es,64,A256,asymmetric_crash,COMPLETE,0.05
0.004896264934109073,0.00370290920631571,oic_face,0.004270466085588022,smoothing_gap,64,A256,asymmetric_crash,COMPLETE,0.05
0.05394852564718377,0.029577882877719276,oic_face,0.04115314685244237,threshold_gap,64,A256,asymmetric_crash,COMPLETE,0.05
-0.10965131345162697,-0.18810504206877662,raw,-0.1481308380363179,signed_relative_error,64,A256,asymmetric_crash,COMPLETE,0.05
0.20181173892747195,0.13482358134961078,raw,0.16693279703730313,absolute_relative_error,64,A256,asymmetric_crash,COMPLETE,0.05
0.06523235736397288,0.032637204467842594,raw,0.0478548199175679,squared_relative_error,64,A256,asymmetric_crash,COMPLETE,0.05
0.0755979098329544,0.04976429588264807,raw,0.062142930665702645,relative_regret,64,A256,asymmetric_crash,COMPLETE,0.05
2.942204170530999,2.8634002191716745,raw,2.902145019383566,true_es,64,A256,asymmetric_crash,COMPLETE,0.05
0.004896264934109073,0.00370290920631571,raw,0.004270466085588022,smoothing_gap,64,A256,asymmetric_crash,COMPLETE,0.05
0.05394852564718377,0.029577882877719276,raw,0.04115314685244237,threshold_gap,64,A256,asymmetric_crash,COMPLETE,0.05
0.05194895107927732,-0.03484956588137129,independent,0.008466800636144082,signed_relative_error,64,B256,asymmetric_crash,COMPLETE,0.05
0.16908804662688157,0.11570720641518535,independent,0.1412945927335406,absolute_relative_error,64,B256,asymmetric_crash,COMPLETE,0.05
0.04444819497007117,0.021535436111864693,independent,0.0318935313807267,squared_relative_error,64,B256,asymmetric_crash,COMPLETE,0.05
0.07626900797584474,0.047627799187280634,independent,0.06122168595720985,relative_regret,64,B256,asymmetric_crash,COMPLETE,0.05
2.9402764266041728,2.8600591854002304,independent,2.8990366256280744,true_es,64,B256,asymmetric_crash,COMPLETE,0.05
0.0051234063403039366,0.003908129306883047,independent,0.0044950981360665256,smoothing_gap,64,B256,asymmetric_crash,COMPLETE,0.05
0.05810946538661607,0.03313792005420825,independent,0.04534632293941074,threshold_gap,64,B256,asymmetric_crash,COMPLETE,0.05
0.00830786169888302,-0.09269888251543637,oic_face,-0.04316442782745449,signed_relative_error,64,B256,asymmetric_crash,COMPLETE,0.05
0.18186250975051246,0.10683805040805394,oic_face,0.1427528897660284,absolute_relative_error,64,B256,asymmetric_crash,COMPLETE,0.05
0.06681373564421855,0.02509483982260598,oic_face,0.04382765606099058,squared_relative_error,64,B256,asymmetric_crash,COMPLETE,0.05
0.07626900797584474,0.047627799187280634,oic_face,0.06122168595720985,relative_regret,64,B256,asymmetric_crash,COMPLETE,0.05
2.9402764266041728,2.8600591854002304,oic_face,2.8990366256280744,true_es,64,B256,asymmetric_crash,COMPLETE,0.05
0.0051234063403039366,0.003908129306883047,oic_face,0.0044950981360665256,smoothing_gap,64,B256,asymmetric_crash,COMPLETE,0.05
0.05810946538661607,0.03313792005420825,oic_face,0.04534632293941074,threshold_gap,64,B256,asymmetric_crash,COMPLETE,0.05
-0.1370780604758938,-0.2102575928053675,raw,-0.1733348805188029,signed_relative_error,64,B256,asymmetric_crash,COMPLETE,0.05
0.22129748047479383,0.1576779188487165,raw,0.1884894665399493,absolute_relative_error,64,B256,asymmetric_crash,COMPLETE,0.05
0.07015962677419912,0.03749168389745145,raw,0.05284216998940414,squared_relative_error,64,B256,asymmetric_crash,COMPLETE,0.05
0.07626900797584474,0.047627799187280634,raw,0.06122168595720985,relative_regret,64,B256,asymmetric_crash,COMPLETE,0.05
2.9402764266041728,2.8600591854002304,raw,2.8990366256280744,true_es,64,B256,asymmetric_crash,COMPLETE,0.05
0.0051234063403039366,0.003908129306883047,raw,0.0044950981360665256,smoothing_gap,64,B256,asymmetric_crash,COMPLETE,0.05
0.05810946538661607,0.03313792005420825,raw,0.04534632293941074,threshold_gap,64,B256,asymmetric_crash,COMPLETE,0.05
0.015023961806546658,-0.04442961142415374,oic_face,-0.014374011493740612,signed_relative_error,64,full512,asymmetric_crash,COMPLETE,0.05
0.1180580498996102,0.08167631013605552,oic_face,0.09913316569610606,absolute_relative_error,64,full512,asymmetric_crash,COMPLETE,0.05
0.02115179098046652,0.010529521313723764,oic_face,0.015462059089350054,squared_relative_error,64,full512,asymmetric_crash,COMPLETE,0.05
0.04356574793724323,0.029550976226720167,oic_face,0.03621337781514275,relative_regret,64,full512,asymmetric_crash,COMPLETE,0.05
2.8587585608132327,2.805373704663639,oic_face,2.8314681324286175,true_es,64,full512,asymmetric_crash,COMPLETE,0.05
0.003967181962249809,0.003169394000160875,oic_face,0.0035418966431635234,smoothing_gap,64,full512,asymmetric_crash,COMPLETE,0.05
0.030471297701436147,0.01585150625487002,oic_face,0.022546220554377217,threshold_gap,64,full512,asymmetric_crash,COMPLETE,0.05
-0.06863081388919177,-0.12238880122678661,raw,-0.09542103970930946,signed_relative_error,64,full512,asymmetric_crash,COMPLETE,0.05
0.13961938441339822,0.09772283270162167,raw,0.11760885288599607,absolute_relative_error,64,full512,asymmetric_crash,COMPLETE,0.05
0.02902722122830258,0.014813643662816511,raw,0.021344256830741343,squared_relative_error,64,full512,asymmetric_crash,COMPLETE,0.05
0.04356574793724323,0.029550976226720167,raw,0.03621337781514275,relative_regret,64,full512,asymmetric_crash,COMPLETE,0.05
2.8587585608132327,2.805373704663639,raw,2.8314681324286175,true_es,64,full512,asymmetric_crash,COMPLETE,0.05
0.003967181962249809,0.003169394000160875,raw,0.0035418966431635234,smoothing_gap,64,full512,asymmetric_crash,COMPLETE,0.05
0.030471297701436147,0.01585150625487002,raw,0.022546220554377217,threshold_gap,64,full512,asymmetric_crash,COMPLETE,0.05
0.007923005627534589,-0.0624938574486727,independent,-0.028023323928577957,signed_relative_error,64,A256,asymmetric_crash,COMPLETE,0.1
0.13713758085308958,0.09255858604896303,independent,0.11428308148042261,absolute_relative_error,64,A256,asymmetric_crash,COMPLETE,0.1
0.029170911940106473,0.014561969316001958,independent,0.021417697063298158,squared_relative_error,64,A256,asymmetric_crash,COMPLETE,0.1
0.07376603031797262,0.0485128845419546,independent,0.060649791563390835,relative_regret,64,A256,asymmetric_crash,COMPLETE,0.1
2.9371128575540917,2.8599407719807197,independent,2.8979996966130614,true_es,64,A256,asymmetric_crash,COMPLETE,0.1
0.018833158654478648,0.01448220962802397,independent,0.016555157065099184,smoothing_gap,64,A256,asymmetric_crash,COMPLETE,0.1
0.044653126272004205,0.02431434125922191,independent,0.03396222286560816,threshold_gap,64,A256,asymmetric_crash,COMPLETE,0.1
0.029171748504308037,-0.06615285921776248,oic_face,-0.01840047248116812,signed_relative_error,64,A256,asymmetric_crash,COMPLETE,0.1
0.18423933331812165,0.12543428140665114,oic_face,0.15388676035220383,absolute_relative_error,64,A256,asymmetric_crash,COMPLETE,0.1
0.05323669090673442,0.025322732808268904,oic_face,0.03818892605667745,squared_relative_error,64,A256,asymmetric_crash,COMPLETE,0.1
0.07376603031797262,0.0485128845419546,oic_face,0.060649791563390835,relative_regret,64,A256,asymmetric_crash,COMPLETE,0.1
2.9371128575540917,2.8599407719807197,oic_face,2.8979996966130614,true_es,64,A256,asymmetric_crash,COMPLETE,0.1
0.018833158654478648,0.01448220962802397,oic_face,0.016555157065099184,smoothing_gap,64,A256,asymmetric_crash,COMPLETE,0.1
0.044653126272004205,0.02431434125922191,oic_face,0.03396222286560816,threshold_gap,64,A256,asymmetric_crash,COMPLETE,0.1
-0.10395988663748117,-0.18153115204862957,raw,-0.1420860085484854,signed_relative_error,64,A256,asymmetric_crash,COMPLETE,0.1
0.19588651327087142,0.1302344837192557,raw,0.1617582815241526,absolute_relative_error,64,A256,asymmetric_crash,COMPLETE,0.1
0.06207930247537911,0.03088877989728748,raw,0.045420118724369546,squared_relative_error,64,A256,asymmetric_crash,COMPLETE,0.1
0.07376603031797262,0.0485128845419546,raw,0.060649791563390835,relative_regret,64,A256,asymmetric_crash,COMPLETE,0.1
2.9371128575540917,2.8599407719807197,raw,2.8979996966130614,true_es,64,A256,asymmetric_crash,COMPLETE,0.1
0.018833158654478648,0.01448220962802397,raw,0.016555157065099184,smoothing_gap,64,A256,asymmetric_crash,COMPLETE,0.1
0.044653126272004205,0.02431434125922191,raw,0.03396222286560816,threshold_gap,64,A256,asymmetric_crash,COMPLETE,0.1
0.051327257927103416,-0.034093066063798916,independent,0.00857687181414656,signed_relative_error,64,B256,asymmetric_crash,COMPLETE,0.1
0.16681947742288955,0.11437382840061049,independent,0.13951308116620234,absolute_relative_error,64,B256,asymmetric_crash,COMPLETE,0.1
0.04299237426942593,0.020927176011120256,independent,0.030910597719835654,squared_relative_error,64,B256,asymmetric_crash,COMPLETE,0.1
0.07368059804397137,0.04537215314157446,independent,0.05878867136793976,relative_regret,64,B256,asymmetric_crash,COMPLETE,0.1
2.933551993033835,2.8537220681028432,independent,2.892418422645928,true_es,64,B256,asymmetric_crash,COMPLETE,0.1
0.019448088779312134,0.015221295647610735,independent,0.01725912444112784,smoothing_gap,64,B256,asymmetric_crash,COMPLETE,0.1
0.048705717701630645,0.027234625033773174,independent,0.03757413339045595,threshold_gap,64,B256,asymmetric_crash,COMPLETE,0.1
0.025946849817575893,-0.083342535104598,oic_face,-0.03142955114511905,signed_relative_error,64,B256,asymmetric_crash,COMPLETE,0.1
0.18786927381950827,0.10492891922127821,oic_face,0.14399451816191816,absolute_relative_error,64,B256,asymmetric_crash,COMPLETE,0.1
0.08490945521904783,0.023849027739481696,oic_face,0.050488317371595745,squared_relative_error,64,B256,asymmetric_crash,COMPLETE,0.1
0.07368059804397137,0.04537215314157446,oic_face,0.05878867136793976,relative_regret,64,B256,asymmetric_crash,COMPLETE,0.1
2.933551993033835,2.8537220681028432,oic_face,2.892418422645928,true_es,64,B256,asymmetric_crash,COMPLETE,0.1
0.019448088779312134,0.015221295647610735,oic_face,0.01725912444112784,smoothing_gap,64,B256,asymmetric_crash,COMPLETE,0.1
0.048705717701630645,0.027234625033773174,oic_face,0.03757413339045595,threshold_gap,64,B256,asymmetric_crash,COMPLETE,0.1
-0.13012850431850592,-0.20269547163856116,raw,-0.1661181670970221,signed_relative_error,64,B256,asymmetric_crash,COMPLETE,0.1
0.2146461642413022,0.1526002488491079,raw,0.18281351270941282,absolute_relative_error,64,B256,asymmetric_crash,COMPLETE,0.1
0.06643684552848628,0.03531208714179336,raw,0.0499344014063525,squared_relative_error,64,B256,asymmetric_crash,COMPLETE,0.1
0.07368059804397137,0.04537215314157446,raw,0.05878867136793976,relative_regret,64,B256,asymmetric_crash,COMPLETE,0.1
2.933551993033835,2.8537220681028432,raw,2.892418422645928,true_es,64,B256,asymmetric_crash,COMPLETE,0.1
0.019448088779312134,0.015221295647610735,raw,0.01725912444112784,smoothing_gap,64,B256,asymmetric_crash,COMPLETE,0.1
0.048705717701630645,0.027234625033773174,raw,0.03757413339045595,threshold_gap,64,B256,asymmetric_crash,COMPLETE,0.1
0.011423870885324745,-0.044627699632506936,oic_face,-0.016195232436195153,signed_relative_error,64,full512,asymmetric_crash,COMPLETE,0.1
0.10954722252675907,0.07393829443420208,oic_face,0.09126860430459661,absolute_relative_error,64,full512,asymmetric_crash,COMPLETE,0.1
0.018818497613581803,0.009377487568924587,oic_face,0.013791711535158945,squared_relative_error,64,full512,asymmetric_crash,COMPLETE,0.1
0.041518468030457945,0.028546441392738972,oic_face,0.03469857124704609,relative_regret,64,full512,asymmetric_crash,COMPLETE,0.1
2.853666549035288,2.801932045914312,oic_face,2.827330080997257,true_es,64,full512,asymmetric_crash,COMPLETE,0.1
0.015342669958956728,0.012562307484482222,oic_face,0.01387368687469415,smoothing_gap,64,full512,asymmetric_crash,COMPLETE,0.1
0.02445914806748785,0.012620076463444464,oic_face,0.018071538437204916,threshold_gap,64,full512,asymmetric_crash,COMPLETE,0.1
-0.06527787330280001,-0.117719068255566,raw,-0.09134742524751865,signed_relative_error,64,full512,asymmetric_crash,COMPLETE,0.1
0.13530910628605536,0.09480862754437086,raw,0.11392285237318983,absolute_relative_error,64,full512,asymmetric_crash,COMPLETE,0.1
0.02712605405623579,0.013880608741688848,raw,0.01995322502368042,squared_relative_error,64,full512,asymmetric_crash,COMPLETE,0.1
0.041518468030457945,0.028546441392738972,raw,0.03469857124704609,relative_regret,64,full512,asymmetric_crash,COMPLETE,0.1
2.853666549035288,2.801932045914312,raw,2.827330080997257,true_es,64,full512,asymmetric_crash,COMPLETE,0.1
0.015342669958956728,0.012562307484482222,raw,0.01387368687469415,smoothing_gap,64,full512,asymmetric_crash,COMPLETE,0.1
0.02445914806748785,0.012620076463444464,raw,0.018071538437204916,threshold_gap,64,full512,asymmetric_crash,COMPLETE,0.1
0.006999619425029347,-0.059276461997538374,independent,-0.02673084453700353,signed_relative_error,64,A256,asymmetric_crash,COMPLETE,0.2
0.1303507581216571,0.08909247172028453,independent,0.10915993869916336,absolute_relative_error,64,A256,asymmetric_crash,COMPLETE,0.2
0.025833408895006377,0.01316261712475293,independent,0.019091104692643947,squared_relative_error,64,A256,asymmetric_crash,COMPLETE,0.2
0.06695689299092651,0.04380074223212492,independent,0.055034970236843866,relative_regret,64,A256,asymmetric_crash,COMPLETE,0.2
2.91902490124049,2.8473793419610964,independent,2.882650079298132,true_es,64,A256,asymmetric_crash,COMPLETE,0.2
0.068789959493997,0.05543930944967348,independent,0.06185412583274107,smoothing_gap,64,A256,asymmetric_crash,COMPLETE,0.2
0.029846514755784214,0.016143999634656438,independent,0.022355851251779545,threshold_gap,64,A256,asymmetric_crash,COMPLETE,0.2
0.02338976794114222,-0.06276242152577613,oic_face,-0.018992431318607707,signed_relative_error,64,A256,asymmetric_crash,COMPLETE,0.2
0.16897600928015002,0.11861259561167829,oic_face,0.14288627873533769,absolute_relative_error,64,A256,asymmetric_crash,COMPLETE,0.2
0.042088566372070084,0.02119241736065962,oic_face,0.030919778062235767,squared_relative_error,64,A256,asymmetric_crash,COMPLETE,0.2
0.06695689299092651,0.04380074223212492,oic_face,0.055034970236843866,relative_regret,64,A256,asymmetric_crash,COMPLETE,0.2
2.91902490124049,2.8473793419610964,oic_face,2.882650079298132,true_es,64,A256,asymmetric_crash,COMPLETE,0.2
0.068789959493997,0.05543930944967348,oic_face,0.06185412583274107,smoothing_gap,64,A256,asymmetric_crash,COMPLETE,0.2
0.029846514755784214,0.016143999634656438,oic_face,0.022355851251779545,threshold_gap,64,A256,asymmetric_crash,COMPLETE,0.2
-0.08978860873303995,-0.1631016887197554,raw,-0.12582496266252335,signed_relative_error,64,A256,asymmetric_crash,COMPLETE,0.2
0.17939625351557786,0.11798098849843372,raw,0.14744440602203104,absolute_relative_error,64,A256,asymmetric_crash,COMPLETE,0.2
0.0527137468216461,0.025860127937118615,raw,0.03837803745401834,squared_relative_error,64,A256,asymmetric_crash,COMPLETE,0.2
0.06695689299092651,0.04380074223212492,raw,0.055034970236843866,relative_regret,64,A256,asymmetric_crash,COMPLETE,0.2
2.91902490124049,2.8473793419610964,raw,2.882650079298132,true_es,64,A256,asymmetric_crash,COMPLETE,0.2
0.068789959493997,0.05543930944967348,raw,0.06185412583274107,smoothing_gap,64,A256,asymmetric_crash,COMPLETE,0.2
0.029846514755784214,0.016143999634656438,raw,0.022355851251779545,threshold_gap,64,A256,asymmetric_crash,COMPLETE,0.2
0.04873562536003008,-0.03159043567228955,independent,0.008540388072802938,signed_relative_error,64,B256,asymmetric_crash,COMPLETE,0.2
0.15652829231652723,0.10759426949604098,independent,0.13114013247983786,absolute_relative_error,64,B256,asymmetric_crash,COMPLETE,0.2
0.03773080904037199,0.018488167573776828,independent,0.02721990737245813,squared_relative_error,64,B256,asymmetric_crash,COMPLETE,0.2
0.0674981801274209,0.04118337776953894,independent,0.05368738395390234,relative_regret,64,B256,asymmetric_crash,COMPLETE,0.2
2.9171694808771194,2.842232079747473,independent,2.8785370959649406,true_es,64,B256,asymmetric_crash,COMPLETE,0.2
0.07001313580728663,0.05777020357819282,independent,0.06369393716066468,smoothing_gap,64,B256,asymmetric_crash,COMPLETE,0.2
0.031396646981552256,0.014990139927795647,independent,0.022543187174384895,threshold_gap,64,B256,asymmetric_crash,COMPLETE,0.2
0.010148400676432785,-0.07778788972889178,oic_face,-0.03499347296980735,signed_relative_error,64,B256,asymmetric_crash,COMPLETE,0.2
0.16126952968009253,0.09696196876020081,oic_face,0.1276177658665868,absolute_relative_error,64,B256,asymmetric_crash,COMPLETE,0.2
0.05250976783800078,0.0187562610691576,oic_face,0.03357837147568546,squared_relative_error,64,B256,asymmetric_crash,COMPLETE,0.2
0.0674981801274209,0.04118337776953894,oic_face,0.05368738395390234,relative_regret,64,B256,asymmetric_crash,COMPLETE,0.2
2.9171694808771194,2.842232079747473,oic_face,2.8785370959649406,true_es,64,B256,asymmetric_crash,COMPLETE,0.2
0.07001313580728663,0.05777020357819282,oic_face,0.06369393716066468,smoothing_gap,64,B256,asymmetric_crash,COMPLETE,0.2
0.031396646981552256,0.014990139927795647,oic_face,0.022543187174384895,threshold_gap,64,B256,asymmetric_crash,COMPLETE,0.2
-0.1148410948779409,-0.18282465966863667,raw,-0.14857036014837843,signed_relative_error,64,B256,asymmetric_crash,COMPLETE,0.2
0.19539420996287254,0.137558352387079,raw,0.16574088155392575,absolute_relative_error,64,B256,asymmetric_crash,COMPLETE,0.2
0.056065881425009456,0.029401427191998404,raw,0.04184279083769289,squared_relative_error,64,B256,asymmetric_crash,COMPLETE,0.2
0.0674981801274209,0.04118337776953894,raw,0.05368738395390234,relative_regret,64,B256,asymmetric_crash,COMPLETE,0.2
2.9171694808771194,2.842232079747473,raw,2.8785370959649406,true_es,64,B256,asymmetric_crash,COMPLETE,0.2
0.07001313580728663,0.05777020357819282,raw,0.06369393716066468,smoothing_gap,64,B256,asymmetric_crash,COMPLETE,0.2
0.031396646981552256,0.014990139927795647,raw,0.022543187174384895,threshold_gap,64,B256,asymmetric_crash,COMPLETE,0.2
0.008566810461310087,-0.043671483991592826,oic_face,-0.01721266123948189,signed_relative_error,64,full512,asymmetric_crash,COMPLETE,0.2
0.1031732500384258,0.07101848937167173,oic_face,0.08661152032797542,absolute_relative_error,64,full512,asymmetric_crash,COMPLETE,0.2
0.015997518710623257,0.00835350329568353,oic_face,0.011904512073155262,squared_relative_error,64,full512,asymmetric_crash,COMPLETE,0.2
0.03705239102370281,0.0256477846939719,oic_face,0.031108864248038534,relative_regret,64,full512,asymmetric_crash,COMPLETE,0.2
2.8418933698042794,2.7936786425146387,oic_face,2.8174772193498088,true_es,64,full512,asymmetric_crash,COMPLETE,0.2
0.059311216861915775,0.0508359266293389,oic_face,0.054890857481762645,smoothing_gap,64,full512,asymmetric_crash,COMPLETE,0.2
0.01686480921082202,0.0076264825175003815,oic_face,0.011786501154904046,threshold_gap,64,full512,asymmetric_crash,COMPLETE,0.2
-0.05650827031478722,-0.10558159087977402,raw,-0.08091825827392152,signed_relative_error,64,full512,asymmetric_crash,COMPLETE,0.2
0.12353672318259,0.08660878583909243,raw,0.10408374250369913,absolute_relative_error,64,full512,asymmetric_crash,COMPLETE,0.2
0.022548818684320883,0.011558226659115116,raw,0.016620906163766217,squared_relative_error,64,full512,asymmetric_crash,COMPLETE,0.2
0.03705239102370281,0.0256477846939719,raw,0.031108864248038534,relative_regret,64,full512,asymmetric_crash,COMPLETE,0.2
2.8418933698042794,2.7936786425146387,raw,2.8174772193498088,true_es,64,full512,asymmetric_crash,COMPLETE,0.2
0.059311216861915775,0.0508359266293389,raw,0.054890857481762645,smoothing_gap,64,full512,asymmetric_crash,COMPLETE,0.2
0.01686480921082202,0.0076264825175003815,raw,0.011786501154904046,threshold_gap,64,full512,asymmetric_crash,COMPLETE,0.2
