error,origin,past_sha256,seconds,seed,status,world
,704,6e89dc5bf2a7c41d65fb9604dc110ca57d28a7585dba0312d380bc9a7a816328,0.1313988328911364,2026108999,COMPLETE,ar1_stationary
,768,b583eebff111451e19747e87a53307e60fafe7dd8c84f4c4e972e6e201009d46,0.20424391701817513,2026108998,COMPLETE,markov_shift
,512,8417093159d673e57adb5114f5c14a9d9fccaf415797e84f63050b739c692f5c,0.18294566706754267,2026108998,COMPLETE,markov_stationary
,768,b583eebff111451e19747e87a53307e60fafe7dd8c84f4c4e972e6e201009d46,0.18901866697706282,2026108998,COMPLETE,markov_stationary
,768,bf1308f46ffb145cca63213558e0f7032c919506a70caa84caa7986c2691a5d7,0.12076879106462002,2026108999,COMPLETE,ar1_stationary
,576,443763ab9e1c0151e7545f542216896b981a1089b84704f5db7330e492dc417a,0.18456066702492535,2026108999,COMPLETE,markov_shift
,512,307811fe26e9502ad3a35024d0fcf49793f83f339cc4d5b602f3784cb27a85da,0.18266670894809067,2026108999,COMPLETE,markov_shift
,896,85886219dd6ed208208d70ce66c4758a5e73ea4040171755d9bb6967cce0a19c,0.11817904096096754,2026108999,COMPLETE,ar1_stationary
,832,d5afa18adab77edcc984a84c5af0495149685c42c5047aee58542d37ec9a1c69,0.1877702078782022,2026108998,COMPLETE,markov_stationary
,960,065bc52390e1972697c8b804e8354bc75ee207e917909bbdef43b46573df0a6e,0.18687608395703137,2026108998,COMPLETE,markov_shift
,576,a819590098aefd402d74bba1ba65af2a8efc4e0abea32bbd81776297bfb6192c,0.1764888339675963,2026108998,COMPLETE,markov_shift
,960,f24882c4d38b458d26cc3d0443ad5c7a5c00331c95766810524880c512d8486a,0.11423854203894734,2026108998,COMPLETE,ar1_stationary
,832,83aaebb860d3c3f4b1a40420d76e97766872a3e0d3553cc693ce9c3263d28578,0.11397566692903638,2026108998,COMPLETE,ar1_stationary
,768,e4fd7ac1a14cc54d89f62accadd7970e6c505ed878e4cc7eaa2214edee426a4d,0.18259495892561972,2026108999,COMPLETE,markov_stationary
,768,e4fd7ac1a14cc54d89f62accadd7970e6c505ed878e4cc7eaa2214edee426a4d,0.18498391611501575,2026108999,COMPLETE,markov_shift
,704,3e0e1a1171792e0c7e65a91cf086bfa55ba1b9964530c61879650d8dd501ba41,0.18270462495274842,2026108998,COMPLETE,markov_shift
,640,bfc08d3f24ab3fcc4c165b2957beee49640738b49c29f3a3b596d5bbe59818ae,0.18439166597090662,2026108998,COMPLETE,markov_shift
,832,090bade1b653ec82e60b8da9a871b520906dfdbfa1a86d9f1819afac35153080,0.18600987503305078,2026108998,COMPLETE,markov_shift
,896,f3d6fb154451c2b41bb4f3a0d8e8e7311dbd42ca3f6df7e34f32ce3290b9fc57,0.18147516692988575,2026108999,COMPLETE,markov_stationary
,704,2527dc02d039ca3a7aebd6b6e2479621d616acf810d3bd2ff8f84f09c77b34fb,0.17952400003559887,2026108999,COMPLETE,markov_shift
,704,3e0e1a1171792e0c7e65a91cf086bfa55ba1b9964530c61879650d8dd501ba41,0.18157175020314753,2026108998,COMPLETE,markov_stationary
,640,bfc08d3f24ab3fcc4c165b2957beee49640738b49c29f3a3b596d5bbe59818ae,0.18073758389800787,2026108998,COMPLETE,markov_stationary
,576,a819590098aefd402d74bba1ba65af2a8efc4e0abea32bbd81776297bfb6192c,0.18595283292233944,2026108998,COMPLETE,markov_stationary
,832,1a7fc65350b2fde77be95c03514c5d7bfe499162d1c8043feb1a9794dfa30ec4,0.18630608404055238,2026108999,COMPLETE,markov_stationary
,640,b6f5f6ad29afbc11dd741a9e6429c07f65a82579d47266fa2eabb6d8f5579311,0.11088570789434016,2026108998,COMPLETE,ar1_stationary
,512,8417093159d673e57adb5114f5c14a9d9fccaf415797e84f63050b739c692f5c,0.18730724998749793,2026108998,COMPLETE,markov_shift
,896,58f66118320b92f60e04540657058df079ce610db342d220194aac553da1734a,0.19388358388096094,2026108998,COMPLETE,markov_shift
,896,07dde27fd562157a363ac08fe264210fdeec2ad6afcdcfde78a137c1ba7930c7,0.1154645411297679,2026108998,COMPLETE,ar1_stationary
,704,5c1134d7b441891d37d02cbc23fd28256aa2130d067cac86623cf0c77ba59977,0.11130595789290965,2026108998,COMPLETE,ar1_stationary
,512,307811fe26e9502ad3a35024d0fcf49793f83f339cc4d5b602f3784cb27a85da,0.21267641708254814,2026108999,COMPLETE,markov_stationary
,960,226131b53002516e42e0c9af6653888b9f66e86a9799cecdb8e3dff805464274,0.12274012505076826,2026108999,COMPLETE,ar1_stationary
,512,dff0abbe979f8696e3ca41b967c399f8eac35f7fa339a5f4bcffb4502d354ee2,0.11391249997541308,2026108999,COMPLETE,ar1_stationary
,640,8c5f3e2614b9ec1017a6a9faffed53690873ad95b381a705f8ff2ae8a3c0f98e,0.11512620910070837,2026108999,COMPLETE,ar1_stationary
,960,1b1126212bbbd5514c5a67315d76ea5fd0ebe1e9ecfb23674772e5e0a7f5f5c8,0.19164595799520612,2026108999,COMPLETE,markov_shift
,960,2e3305693cf53e06cecaf5412ca65deee760ed924f972d58324c2aedf1eaf0b7,0.18389504100196064,2026108999,COMPLETE,markov_stationary
,640,24ff71e82f8fce1b6ac32b63452fffbf3eca905e7dafc7e5bde11de0064f61aa,0.18456362490542233,2026108999,COMPLETE,markov_shift
,640,24ff71e82f8fce1b6ac32b63452fffbf3eca905e7dafc7e5bde11de0064f61aa,0.1826588329859078,2026108999,COMPLETE,markov_stationary
,896,abec4134b1559aa765022efb9dbd9692259106868767c64341d3e6c44a1c54fc,0.18803650001063943,2026108998,COMPLETE,markov_stationary
,832,3aa51ec44cfb15f09850cdf2f8a1e82a29c65c7c16b883809670188276e96f83,0.18413170799613,2026108999,COMPLETE,markov_shift
,512,94a8ba4bcac19ebca43bf8167eb00d504f373c64133feebb9f0cabf8b144ca02,0.1110764998011291,2026108998,COMPLETE,ar1_stationary
,832,aa972f1238af1c3191c38ef3d2c90b309fb37c7e431ffabf74571e0c158b9c8b,0.11368883308023214,2026108999,COMPLETE,ar1_stationary
,704,2527dc02d039ca3a7aebd6b6e2479621d616acf810d3bd2ff8f84f09c77b34fb,0.17954037501476705,2026108999,COMPLETE,markov_stationary
,576,443763ab9e1c0151e7545f542216896b981a1089b84704f5db7330e492dc417a,0.18102791695855558,2026108999,COMPLETE,markov_stationary
,768,68a661d6cec482249369cd9cc953e7988181a0b8dd25e1973230f8913939469a,0.11405258299782872,2026108998,COMPLETE,ar1_stationary
,960,23c52455223caeb2aa6a62205b1d9d5f61b02994f83dc505b0924f3b105f77fe,0.19266154104843736,2026108998,COMPLETE,markov_stationary
,576,dcf91e31b68e1c06acc1d44d02540b0156b8dbc418587608f89650248dfc4321,0.11202637501992285,2026108998,COMPLETE,ar1_stationary
,896,994047656fb24fa0296aea63ea28f868eae335dedfe6a9568f5a8682ecc85669,0.18700333312153816,2026108999,COMPLETE,markov_shift
,576,f5ce26e35c395e5851a4cfc09852ef5b19fa5829b20da92e276ad4b17b33ebfb,0.11337391613051295,2026108999,COMPLETE,ar1_stationary
