year,track,target,method,n,first,last,mean_loss_pp,sd_loss_pp,pooled_es95_pp,tail_mass_n,max_loss_pp,breaches,breach_rate,mean_predicted_es95_pp,mean_pinball95,mean_fz0,fz0_defined_n,fz0_undefined_n,mean_shortfall_residual_pp,mean_hhi,mean_half_l1_weight_change,weight_change_count,fallback_n,nonconverged_n
2010,A,equal_weight,filtered_historical,258,2010-01-04,2010-12-31,-0.050739040244710744,0.39764272799734784,0.896396784834875,12.9,1.4017456587995567,21,0.08139534883720931,0.6810917431436425,0.048238174046399206,-0.046039295913444814,258,0,0.23293269753963003,0.125,0.0,0,0,0
2010,A,equal_weight,historical,258,2010-01-04,2010-12-31,-0.050739040244710744,0.39764272799734784,0.896396784834875,12.9,1.4017456587995567,15,0.05813953488372093,0.8523608787397785,0.04741932615308476,-0.1008481230274792,258,0,0.04528660407720499,0.125,0.0,0,0,0
2010,A,equal_weight,historical_se_penalty,258,2010-01-04,2010-12-31,-0.050739040244710744,0.39764272799734784,0.896396784834875,12.9,1.4017456587995567,15,0.05813953488372093,0.8523608787397785,0.04741932615308476,-0.1008481230274792,258,0,0.04528660407720499,0.125,0.0,0,0,0
2010,A,equal_weight,random_band50,258,2010-01-04,2010-12-31,-0.050739040244710744,0.39764272799734784,0.896396784834875,12.9,1.4017456587995567,14,0.05426356589147287,0.8426477604227903,0.046942457889971215,-0.10723853434092086,258,0,0.0454623571319222,0.125,0.0,0,0,3
2010,A,equal_weight,support_band50,258,2010-01-04,2010-12-31,-0.050739040244710744,0.39764272799734784,0.896396784834875,12.9,1.4017456587995567,15,0.05813953488372093,0.8023346946672838,0.047418834264068815,-0.09072452437649475,258,0,0.09530295036938104,0.125,0.0,0,0,0
2010,A,equal_weight,support_mix50,258,2010-01-04,2010-12-31,-0.050739040244710744,0.39764272799734784,0.896396784834875,12.9,1.4017456587995567,14,0.05426356589147287,0.8919007658293137,0.04679643259232695,-0.12510271910389067,258,0,-0.0067111542274860755,0.125,0.0,0,0,0
2010,A,equal_weight,support_point50,258,2010-01-04,2010-12-31,-0.050739040244710744,0.39764272799734784,0.896396784834875,12.9,1.4017456587995567,16,0.06201550387596899,0.7277961457589409,0.04888501666952451,0.0203357195763483,258,0,0.19916514738683752,0.125,0.0,0,0,0
2010,A,historical_se_reference,filtered_historical,258,2010-01-04,2010-12-31,-0.06115578607030692,0.35937555704406027,0.8182465842942721,12.9,1.2434041110486511,18,0.06976744186046512,0.6281339535600031,0.044096766321487436,-0.14510815706192148,258,0,0.192645586799438,0.2672346548982397,0.003444416677712707,4,0,0
2010,A,historical_se_reference,historical,258,2010-01-04,2010-12-31,-0.06115578607030692,0.35937555704406027,0.8182465842942721,12.9,1.2434041110486511,16,0.06201550387596899,0.6894331620575386,0.04406525203281703,-0.1801909152301997,258,0,0.13071609252849428,0.2672346548982397,0.003444416677712707,4,0,0
2010,A,historical_se_reference,historical_se_penalty,258,2010-01-04,2010-12-31,-0.06115578607030692,0.35937555704406027,0.8182465842942721,12.9,1.2434041110486511,16,0.06201550387596899,0.6894331620575386,0.04406525203281703,-0.1801909152301997,258,0,0.13071609252849428,0.2672346548982397,0.003444416677712707,4,0,0
2010,A,historical_se_reference,random_band50,258,2010-01-04,2010-12-31,-0.06115578607030692,0.35937555704406027,0.8182465842942721,12.9,1.2434041110486511,17,0.06589147286821706,0.6785337843408213,0.043778222464274485,-0.1860136177830381,258,0,0.13587487887436087,0.2672346548982397,0.003444416677712707,4,0,3
2010,A,historical_se_reference,support_band50,258,2010-01-04,2010-12-31,-0.06115578607030692,0.35937555704406027,0.8182465842942721,12.9,1.2434041110486511,17,0.06589147286821706,0.6564665253586027,0.04430953456958626,-0.15645372798220375,258,0,0.1685683799628147,0.2672346548982397,0.003444416677712707,4,0,0
2010,A,historical_se_reference,support_mix50,258,2010-01-04,2010-12-31,-0.06115578607030692,0.35937555704406027,0.8182465842942721,12.9,1.2434041110486511,17,0.06589147286821706,0.7010654952398174,0.043674825180663755,-0.1976030731379589,258,0,0.1112752223031501,0.2672346548982397,0.003444416677712707,4,0,0
2010,A,historical_se_reference,support_point50,258,2010-01-04,2010-12-31,-0.06115578607030692,0.35937555704406027,0.8182465842942721,12.9,1.2434041110486511,19,0.07364341085271318,0.6168745588334638,0.04632336789608913,0.0038587180383704758,258,0,0.24843701301801113,0.2672346548982397,0.003444416677712707,4,0,0
2010,B,own_selection,filtered_historical,258,2010-01-04,2010-12-31,-0.046335803009001086,0.33961242679731035,0.772069864994452,12.9,1.2434041110486511,19,0.07364341085271318,0.5448140493897962,,,258,0,0.2004706021599935,0.26124616465853573,0.0517193708567482,54,0,0
2010,B,own_selection,historical,258,2010-01-04,2010-12-31,-0.0614695323027453,0.37165359607366016,0.8291198034717503,12.9,1.2434041110486511,17,0.06589147286821706,0.6875431677103544,,,258,0,0.14855343313572797,0.29311673849097214,0.0017366386997588168,2,0,0
2010,B,own_selection,historical_se_penalty,258,2010-01-04,2010-12-31,-0.06115578607030692,0.35937555704406027,0.8182465842942721,12.9,1.2434041110486511,16,0.06201550387596899,0.6894331620575386,,,258,0,0.13071609252849428,0.2672346548982397,0.003444416677712707,4,0,0
2010,B,own_selection,random_band50,258,2010-01-04,2010-12-31,-0.05918886319261303,0.37880022800510876,0.8595112649637189,12.9,1.29130496823354,17,0.06589147286821706,0.6671689340042833,,,258,0,0.19232644502511353,0.28106313560518326,0.0703210674777811,75,0,3
2010,B,own_selection,support_band50,258,2010-01-04,2010-12-31,-0.05889996167680886,0.3772098131880468,0.8463489643200871,12.9,1.29130496823354,17,0.06589147286821706,0.6470936382612948,,,258,0,0.21062227773099404,0.27469286656986114,0.07678211621182852,82,0,0
2010,B,own_selection,support_mix50,258,2010-01-04,2010-12-31,-0.06106474317188526,0.3753073939727579,0.8441595429929776,12.9,1.29130496823354,16,0.06201550387596899,0.6891332357176005,,,258,0,0.15069363058891821,0.2839024030060403,0.06820404155142139,73,0,0
2010,B,own_selection,support_point50,258,2010-01-04,2010-12-31,-0.06358552045103494,0.36058596040907753,0.7600012250345383,12.9,1.2434041110486511,20,0.07751937984496124,0.6012028250802949,,,258,0,0.2169393559441781,0.267914415007774,0.08689510833435678,70,0,0
2011,A,equal_weight,filtered_historical,257,2011-01-03,2011-12-30,-0.013105889715186263,0.38931632053235776,0.8214385201151906,12.850000000000001,1.2066286639889665,16,0.0622568093385214,0.8886211571839988,0.045077968934420856,-0.051356733081897636,257,0,-0.00016766821076861761,0.125,0.0,0,0,0
2011,A,equal_weight,historical,257,2011-01-03,2011-12-30,-0.013105889715186263,0.38931632053235776,0.8214385201151906,12.850000000000001,1.2066286639889665,17,0.06614785992217899,0.8408026937478675,0.04426531806938768,-0.11699154970711634,257,0,0.03139777792469897,0.125,0.0,0,0,0
2011,A,equal_weight,historical_se_penalty,257,2011-01-03,2011-12-30,-0.013105889715186263,0.38931632053235776,0.8214385201151906,12.850000000000001,1.2066286639889665,17,0.06614785992217899,0.8408026937478675,0.04426531806938768,-0.11699154970711634,257,0,0.03139777792469897,0.125,0.0,0,0,0
2011,A,equal_weight,random_band50,257,2011-01-03,2011-12-30,-0.013105889715186263,0.38931632053235776,0.8214385201151906,12.850000000000001,1.2066286639889665,14,0.054474708171206226,0.8419003118555045,0.04373517568773302,-0.1367624765310162,257,0,0.01969731218396871,0.125,0.0,0,0,0
2011,A,equal_weight,support_band50,257,2011-01-03,2011-12-30,-0.013105889715186263,0.38931632053235776,0.8214385201151906,12.850000000000001,1.2066286639889665,14,0.054474708171206226,0.8498668579420537,0.043588325036143495,-0.1403963929077692,257,0,0.008793753065629153,0.125,0.0,0,0,0
2011,A,equal_weight,support_mix50,257,2011-01-03,2011-12-30,-0.013105889715186263,0.38931632053235776,0.8214385201151906,12.850000000000001,1.2066286639889665,15,0.058365758754863814,0.8341160984746825,0.044283127853391606,-0.12161238739423716,257,0,0.038440568877962725,0.125,0.0,0,0,0
2011,A,equal_weight,support_point50,257,2011-01-03,2011-12-30,-0.013105889715186263,0.38931632053235776,0.8214385201151906,12.850000000000001,1.2066286639889665,12,0.04669260700389105,0.8997779614138508,0.04255966620489333,-0.17542857099503834,257,0,-0.06169052703117134,0.125,0.0,0,0,0
2011,A,historical_se_reference,filtered_historical,257,2011-01-03,2011-12-30,-0.007465412272603054,0.3592974354137432,0.8415455063792138,12.850000000000001,1.2216918543908108,19,0.07392996108949416,0.7529238755612554,0.044048736213604736,-0.094251970386146,257,0,0.12058543643823542,0.23020838084356077,0.015317738558380313,11,0,0
2011,A,historical_se_reference,historical,257,2011-01-03,2011-12-30,-0.007465412272603054,0.3592974354137432,0.8415455063792138,12.850000000000001,1.2216918543908108,19,0.07392996108949416,0.7194908740991286,0.04402206530349033,-0.10884418606741013,257,0,0.1534850196980742,0.23020838084356077,0.015317738558380313,11,0,0
2011,A,historical_se_reference,historical_se_penalty,257,2011-01-03,2011-12-30,-0.007465412272603054,0.3592974354137432,0.8415455063792138,12.850000000000001,1.2216918543908108,19,0.07392996108949416,0.7194908740991286,0.04402206530349033,-0.10884418606741013,257,0,0.1534850196980742,0.23020838084356077,0.015317738558380313,11,0,0
2011,A,historical_se_reference,random_band50,257,2011-01-03,2011-12-30,-0.007465412272603054,0.3592974354137432,0.8415455063792138,12.850000000000001,1.2216918543908108,18,0.07003891050583658,0.7273157799800728,0.04426804591006571,-0.10525440199835079,257,0,0.15057972594863747,0.23020838084356077,0.015317738558380313,11,0,0
2011,A,historical_se_reference,support_band50,257,2011-01-03,2011-12-30,-0.007465412272603054,0.3592974354137432,0.8415455063792138,12.850000000000001,1.2216918543908108,18,0.07003891050583658,0.7322972286425334,0.0441775444221986,-0.10852032381509215,257,0,0.1437882475288349,0.23020838084356077,0.015317738558380313,11,0,0
2011,A,historical_se_reference,support_mix50,257,2011-01-03,2011-12-30,-0.007465412272603054,0.3592974354137432,0.8415455063792138,12.850000000000001,1.2216918543908108,18,0.07003891050583658,0.7220703531716274,0.04444641599282195,-0.09831243283059914,257,0,0.1593925544122078,0.23020838084356077,0.015317738558380313,11,0,0
2011,A,historical_se_reference,support_point50,257,2011-01-03,2011-12-30,-0.007465412272603054,0.3592974354137432,0.8415455063792138,12.850000000000001,1.2216918543908108,16,0.0622568093385214,0.7613463798332184,0.04310004939972233,-0.148341947663129,257,0,0.09318919588862437,0.23020838084356077,0.015317738558380313,11,0,0
2011,B,own_selection,filtered_historical,257,2011-01-03,2011-12-30,-0.016128513685122223,0.33781982486018913,0.7549159015495909,12.850000000000001,1.078243109450431,17,0.06614785992217899,0.6976057640474392,,,257,0,0.10816571999543263,0.2671498146467045,0.05831763416472124,43,0,0
2011,B,own_selection,historical,257,2011-01-03,2011-12-30,-0.005359797550957884,0.35933763798555124,0.8340298229766555,12.850000000000001,1.2648748874295175,20,0.07782101167315175,0.7187200460563226,,,257,0,0.15180810937484263,0.2359644434379808,0.02275098277577936,17,0,0
2011,B,own_selection,historical_se_penalty,257,2011-01-03,2011-12-30,-0.007465412272603054,0.3592974354137432,0.8415455063792138,12.850000000000001,1.2216918543908108,19,0.07392996108949416,0.7194908740991286,,,257,0,0.1534850196980742,0.23020838084356077,0.015317738558380313,11,0,0
2011,B,own_selection,random_band50,257,2011-01-03,2011-12-30,-0.007453545855775647,0.36579325758800596,0.8124298080550981,12.850000000000001,1.2648748874295175,20,0.07782101167315175,0.721022562276802,,,257,0,0.1266437115546348,0.24026922841056403,0.10770208860042613,90,0,0
2011,B,own_selection,support_band50,257,2011-01-03,2011-12-30,-0.00517070929360398,0.36290210223330494,0.8124298080550981,12.850000000000001,1.2648748874295175,20,0.07782101167315175,0.7258416781973823,,,257,0,0.12076118865725975,0.24011024016061552,0.11268883889606737,97,0,0
2011,B,own_selection,support_mix50,257,2011-01-03,2011-12-30,-0.007743962024359078,0.36601620767948834,0.8124298080550981,12.850000000000001,1.2648748874295175,20,0.07782101167315175,0.7158665396444004,,,257,0,0.13673926636328018,0.24042273136573522,0.11124519492409654,92,0,0
2011,B,own_selection,support_point50,257,2011-01-03,2011-12-30,-0.010122323214449804,0.34287467588445525,0.7750953489918708,12.850000000000001,1.0608421378286308,13,0.05058365758754864,0.7232815934323503,,,257,0,0.04409147839332939,0.25293374498417087,0.015012099203543895,11,0,0
2012,A,equal_weight,filtered_historical,256,2012-01-02,2012-12-31,-0.00019869024562992055,0.28426153698718065,0.563726252752471,12.8,0.7210236702223747,17,0.06640625,0.5745026178693495,0.028608457192604346,-0.5537851301302845,256,0,-0.002532164262892961,0.125,0.0,0,0,0
2012,A,equal_weight,historical,256,2012-01-02,2012-12-31,-0.00019869024562992055,0.28426153698718065,0.563726252752471,12.8,0.7210236702223747,5,0.01953125,0.779356929447461,0.030667119035704824,-0.46206792052201207,256,0,-0.166213238978995,0.125,0.0,0,0,0
2012,A,equal_weight,historical_se_penalty,256,2012-01-02,2012-12-31,-0.00019869024562992055,0.28426153698718065,0.563726252752471,12.8,0.7210236702223747,5,0.01953125,0.779356929447461,0.030667119035704824,-0.46206792052201207,256,0,-0.166213238978995,0.125,0.0,0,0,0
2012,A,equal_weight,random_band50,256,2012-01-02,2012-12-31,-0.00019869024562992055,0.28426153698718065,0.563726252752471,12.8,0.7210236702223747,6,0.0234375,0.7437548649441177,0.030334949733011388,-0.47723760883883615,256,0,-0.13725456052952034,0.125,0.0,0,0,1
2012,A,equal_weight,support_band50,256,2012-01-02,2012-12-31,-0.00019869024562992055,0.28426153698718065,0.563726252752471,12.8,0.7210236702223747,7,0.02734375,0.7196279959047283,0.030083401414745768,-0.4889400667712348,256,0,-0.11815865785544345,0.125,0.0,0,0,1
2012,A,equal_weight,support_mix50,256,2012-01-02,2012-12-31,-0.00019869024562992055,0.28426153698718065,0.563726252752471,12.8,0.7210236702223747,5,0.01953125,0.7683881616395517,0.030441077353335042,-0.47047694205452983,256,0,-0.15976530481848134,0.125,0.0,0,0,0
2012,A,equal_weight,support_point50,256,2012-01-02,2012-12-31,-0.00019869024562992055,0.28426153698718065,0.563726252752471,12.8,0.7210236702223747,9,0.03515625,0.6274569699015053,0.029385630443323645,-0.5218773262155864,256,0,-0.039943051280662785,0.125,0.0,0,0,0
2012,A,historical_se_reference,filtered_historical,256,2012-01-02,2012-12-31,-0.008095908346649658,0.2716959163345648,0.5325358276911727,12.8,0.7081727663636295,17,0.06640625,0.5243436790053203,0.027431512349689418,-0.6214031639436981,256,0,0.016190659641817918,0.2221380434276346,0.0008861516812433193,1,0,0
2012,A,historical_se_reference,historical,256,2012-01-02,2012-12-31,-0.008095908346649658,0.2716959163345648,0.5325358276911727,12.8,0.7081727663636295,8,0.03125,0.6543317735530916,0.028252801773906606,-0.5726377524131664,256,0,-0.09737164642160978,0.2221380434276346,0.0008861516812433193,1,0,0
2012,A,historical_se_reference,historical_se_penalty,256,2012-01-02,2012-12-31,-0.008095908346649658,0.2716959163345648,0.5325358276911727,12.8,0.7081727663636295,8,0.03125,0.6543317735530916,0.028252801773906606,-0.5726377524131664,256,0,-0.09737164642160978,0.2221380434276346,0.0008861516812433193,1,0,0
2012,A,historical_se_reference,random_band50,256,2012-01-02,2012-12-31,-0.008095908346649658,0.2716959163345648,0.5325358276911727,12.8,0.7081727663636295,7,0.02734375,0.639482148210241,0.028115673385803164,-0.5783752076371245,256,0,-0.08526458884082774,0.2221380434276346,0.0008861516812433193,1,0,1
2012,A,historical_se_reference,support_band50,256,2012-01-02,2012-12-31,-0.008095908346649658,0.2716959163345648,0.5325358276911727,12.8,0.7081727663636295,8,0.03125,0.6247527359878609,0.027904310438816426,-0.5890016708203051,256,0,-0.07476243555818243,0.2221380434276346,0.0008861516812433193,1,0,1
2012,A,historical_se_reference,support_mix50,256,2012-01-02,2012-12-31,-0.008095908346649658,0.2716959163345648,0.5325358276911727,12.8,0.7081727663636295,7,0.02734375,0.6529059491929253,0.028452115414329238,-0.5653294641607014,256,0,-0.09195954925299077,0.2221380434276346,0.0008861516812433193,1,0,0
2012,A,historical_se_reference,support_point50,256,2012-01-02,2012-12-31,-0.008095908346649658,0.2716959163345648,0.5325358276911727,12.8,0.7081727663636295,12,0.046875,0.5454571641963786,0.02737034677516288,-0.6159920121343079,256,0,-0.006146137039771134,0.2221380434276346,0.0008861516812433193,1,0,0
2012,B,own_selection,filtered_historical,256,2012-01-02,2012-12-31,-0.0031106024628703467,0.18788537619937895,0.3653258720557398,12.8,0.5327055427539168,18,0.0703125,0.35863733789311075,,,256,0,0.03669658146812415,0.3580130549374535,0.0804177865659088,56,0,0
2012,B,own_selection,historical,256,2012-01-02,2012-12-31,-0.00841314696441947,0.270265481686496,0.5318994692623228,12.8,0.7081727663636295,7,0.02734375,0.6540905093936258,,,256,0,-0.09456397588539592,0.22654724742572874,0.0018561012535829318,2,0,0
2012,B,own_selection,historical_se_penalty,256,2012-01-02,2012-12-31,-0.008095908346649658,0.2716959163345648,0.5325358276911727,12.8,0.7081727663636295,8,0.03125,0.6543317735530916,,,256,0,-0.09737164642160978,0.2221380434276346,0.0008861516812433193,1,0,0
2012,B,own_selection,random_band50,256,2012-01-02,2012-12-31,-0.0072177308090353035,0.26945159577122463,0.5299218228943053,12.8,0.7081727663636295,8,0.03125,0.6332087653137305,,,256,0,-0.08190924989662993,0.21260977365909176,0.10374994470577775,107,0,1
2012,B,own_selection,support_band50,256,2012-01-02,2012-12-31,-0.006333934248793825,0.26063496712698925,0.5187402065555988,12.8,0.7081727663636295,9,0.03515625,0.6122133129499292,,,256,0,-0.0819601668834338,0.21890620359834898,0.11213620833867002,101,0,1
2012,B,own_selection,support_mix50,256,2012-01-02,2012-12-31,-0.006675527474260553,0.27023242795415303,0.5292798894508957,12.8,0.7081727663636295,7,0.02734375,0.6512948392733279,,,256,0,-0.09588122678595265,0.2216848599638831,0.07635913159908277,79,0,0
2012,B,own_selection,support_point50,256,2012-01-02,2012-12-31,-0.010996884771255749,0.24758836951534188,0.4507036719879276,12.8,0.7081727663636295,10,0.0390625,0.5107303504742717,,,256,0,-0.040825112176901546,0.2236247260323716,0.02099066041303484,21,0,0
2013,A,equal_weight,filtered_historical,255,2013-01-02,2013-12-31,0.037161733304434036,0.33450389312015183,0.73093090358766,12.75,1.0078498266794689,14,0.054901960784313725,0.7219149020576634,0.03502910681220452,-0.2887902408654492,255,0,0.01582896749086048,0.125,0.0,0,0,0
2013,A,equal_weight,historical,255,2013-01-02,2013-12-31,0.037161733304434036,0.33450389312015183,0.73093090358766,12.75,1.0078498266794689,18,0.07058823529411765,0.6655684452301455,0.035089415757879786,-0.3005583458079901,255,0,0.07338160323188356,0.125,0.0,0,0,0
2013,A,equal_weight,historical_se_penalty,255,2013-01-02,2013-12-31,0.037161733304434036,0.33450389312015183,0.73093090358766,12.75,1.0078498266794689,18,0.07058823529411765,0.6655684452301455,0.035089415757879786,-0.3005583458079901,255,0,0.07338160323188356,0.125,0.0,0,0,0
2013,A,equal_weight,random_band50,255,2013-01-02,2013-12-31,0.037161733304434036,0.33450389312015183,0.73093090358766,12.75,1.0078498266794689,18,0.07058823529411765,0.6662628035128413,0.035282105064357944,-0.2946301600722757,255,0,0.0765410310787511,0.125,0.0,0,0,0
2013,A,equal_weight,support_band50,255,2013-01-02,2013-12-31,0.037161733304434036,0.33450389312015183,0.73093090358766,12.75,1.0078498266794689,18,0.07058823529411765,0.6530723255112987,0.035645275390037603,-0.27352816730089696,255,0,0.09699491559388679,0.125,0.0,0,0,0
2013,A,equal_weight,support_mix50,255,2013-01-02,2013-12-31,0.037161733304434036,0.33450389312015183,0.73093090358766,12.75,1.0078498266794689,18,0.07058823529411765,0.6727106860882318,0.035017871589609485,-0.3058393751916202,255,0,0.06480847900839129,0.125,0.0,0,0,0
2013,A,equal_weight,support_point50,255,2013-01-02,2013-12-31,0.037161733304434036,0.33450389312015183,0.73093090358766,12.75,1.0078498266794689,16,0.06274509803921569,0.6889704118831071,0.036461903607119484,-0.2302005798688651,255,0,0.07742939356371584,0.125,0.0,0,0,1
2013,A,historical_se_reference,filtered_historical,255,2013-01-02,2013-12-31,0.024771913802191053,0.2729116403148642,0.6273806939917013,12.75,0.7998266887657044,14,0.054901960784313725,0.5946255453920695,0.029196390856274682,-0.499066922057619,255,0,0.014074185535614571,0.24053183846671858,0.00799472162016154,6,0,0
2013,A,historical_se_reference,historical,255,2013-01-02,2013-12-31,0.024771913802191053,0.2729116403148642,0.6273806939917013,12.75,0.7998266887657044,16,0.06274509803921569,0.5326893692742831,0.030112865075702967,-0.47081734220388977,255,0,0.09433984604196674,0.24053183846671858,0.00799472162016154,6,0,0
2013,A,historical_se_reference,historical_se_penalty,255,2013-01-02,2013-12-31,0.024771913802191053,0.2729116403148642,0.6273806939917013,12.75,0.7998266887657044,16,0.06274509803921569,0.5326893692742831,0.030112865075702967,-0.47081734220388977,255,0,0.09433984604196674,0.24053183846671858,0.00799472162016154,6,0,0
2013,A,historical_se_reference,random_band50,255,2013-01-02,2013-12-31,0.024771913802191053,0.2729116403148642,0.6273806939917013,12.75,0.7998266887657044,16,0.06274509803921569,0.5341513587068646,0.029625966331358507,-0.494677062410163,255,0,0.08313988172249606,0.24053183846671858,0.00799472162016154,6,0,0
2013,A,historical_se_reference,support_band50,255,2013-01-02,2013-12-31,0.024771913802191053,0.2729116403148642,0.6273806939917013,12.75,0.7998266887657044,18,0.07058823529411765,0.5265280818691165,0.029882981894118484,-0.47916058274402284,255,0,0.09590346981544386,0.24053183846671858,0.00799472162016154,6,0,0
2013,A,historical_se_reference,support_mix50,255,2013-01-02,2013-12-31,0.024771913802191053,0.2729116403148642,0.6273806939917013,12.75,0.7998266887657044,16,0.06274509803921569,0.5373667650191724,0.029666719613566466,-0.4931965494932028,255,0,0.08073954105434746,0.24053183846671858,0.00799472162016154,6,0,0
2013,A,historical_se_reference,support_point50,255,2013-01-02,2013-12-31,0.024771913802191053,0.2729116403148642,0.6273806939917013,12.75,0.7998266887657044,17,0.06666666666666667,0.5455934488952403,0.030410079425030108,-0.4510105925249388,255,0,0.08738005340755241,0.24053183846671858,0.00799472162016154,6,0,1
2013,B,own_selection,filtered_historical,255,2013-01-02,2013-12-31,0.026955972874808002,0.2633608775913569,0.6238530008370562,12.75,0.9215486999136538,12,0.047058823529411764,0.5472958534268277,,,255,0,0.07020577904800912,0.23845550008985522,0.05416830415920586,41,0,0
2013,B,own_selection,historical,255,2013-01-02,2013-12-31,0.02501370085090657,0.27147315596355864,0.6330504857730525,12.75,0.7998266887657044,18,0.07058823529411765,0.5319005670709673,,,255,0,0.10945345807453823,0.24484470253008103,0.016525343319740468,15,0,0
2013,B,own_selection,historical_se_penalty,255,2013-01-02,2013-12-31,0.024771913802191053,0.2729116403148642,0.6273806939917013,12.75,0.7998266887657044,16,0.06274509803921569,0.5326893692742831,,,255,0,0.09433984604196674,0.24053183846671858,0.00799472162016154,6,0,0
2013,B,own_selection,random_band50,255,2013-01-02,2013-12-31,0.03126708922578979,0.26758889171238787,0.6619488685777579,12.75,0.9444377102335739,23,0.09019607843137255,0.527315225746558,,,255,0,0.13481911897064958,0.23345975374681735,0.10702319691385515,102,0,0
2013,B,own_selection,support_band50,255,2013-01-02,2013-12-31,0.02655580638228009,0.24047214867150493,0.5223428080880125,12.75,0.6931425083219223,19,0.07450980392156863,0.5054189324199873,,,255,0,0.023006937129310047,0.22935441175209598,0.06247761538604746,54,0,0
2013,B,own_selection,support_mix50,255,2013-01-02,2013-12-31,0.03274585539013005,0.267389768969324,0.6585268321243347,12.75,0.9444377102335739,22,0.08627450980392157,0.5328561171512395,,,255,0,0.12534262945367672,0.23486202265059503,0.09808126247798273,100,0,0
2013,B,own_selection,support_point50,255,2013-01-02,2013-12-31,0.02627944506668738,0.23572770198250492,0.5169335080212271,12.75,0.7388949759858352,17,0.06666666666666667,0.49280038827428874,,,255,0,0.04813283310485111,0.24442307362465315,0.037699766128356176,29,0,1
2014,A,equal_weight,filtered_historical,255,2014-01-02,2014-12-31,-0.008673203332329554,0.25947991088439915,0.5372995720629536,12.75,0.8962638729783327,15,0.058823529411764705,0.5413389319047384,0.025788657417106668,-0.7073704310018095,255,0,-0.03423898689493504,0.125,0.0,0,0,0
2014,A,equal_weight,historical,255,2014-01-02,2014-12-31,-0.008673203332329554,0.25947991088439915,0.5372995720629536,12.75,0.8962638729783327,6,0.023529411764705882,0.651702721862366,0.02880289080659173,-0.5568325747459013,255,0,-0.0843181090628615,0.125,0.0,0,0,0
2014,A,equal_weight,historical_se_penalty,255,2014-01-02,2014-12-31,-0.008673203332329554,0.25947991088439915,0.5372995720629536,12.75,0.8962638729783327,6,0.023529411764705882,0.651702721862366,0.02880289080659173,-0.5568325747459013,255,0,-0.0843181090628615,0.125,0.0,0,0,0
2014,A,equal_weight,random_band50,255,2014-01-02,2014-12-31,-0.008673203332329554,0.25947991088439915,0.5372995720629536,12.75,0.8962638729783327,6,0.023529411764705882,0.6452921946083872,0.02877485135766073,-0.5564176971004408,255,0,-0.07846837078750264,0.125,0.0,0,0,1
2014,A,equal_weight,support_band50,255,2014-01-02,2014-12-31,-0.008673203332329554,0.25947991088439915,0.5372995720629536,12.75,0.8962638729783327,7,0.027450980392156862,0.6307745185768938,0.028507159216589743,-0.5674723506881084,255,0,-0.06930453757742897,0.125,0.0,0,0,1
2014,A,equal_weight,support_mix50,255,2014-01-02,2014-12-31,-0.008673203332329554,0.25947991088439915,0.5372995720629536,12.75,0.8962638729783327,6,0.023529411764705882,0.6541438349706956,0.028777700915232452,-0.5565390303596195,255,0,-0.08726301999837681,0.125,0.0,0,0,0
2014,A,equal_weight,support_point50,255,2014-01-02,2014-12-31,-0.008673203332329554,0.25947991088439915,0.5372995720629536,12.75,0.8962638729783327,10,0.0392156862745098,0.5862097814815603,0.028548361439878673,-0.5630673198580339,255,0,-0.023915756016316923,0.125,0.0,0,0,0
2014,A,historical_se_reference,filtered_historical,255,2014-01-02,2014-12-31,-0.008077203817591657,0.15789004985979085,0.32923405184474075,12.75,0.7062396471719881,11,0.043137254901960784,0.3705423421524655,0.01691894965206594,-1.1093500196606778,255,0,-0.04024055292873871,0.280117396464735,0.0,0,0,0
2014,A,historical_se_reference,historical,255,2014-01-02,2014-12-31,-0.008077203817591657,0.15789004985979085,0.32923405184474075,12.75,0.7062396471719881,5,0.0196078431372549,0.4496529770420264,0.018875173355831196,-0.9762515732207375,255,0,-0.08022671374299453,0.280117396464735,0.0,0,0,0
2014,A,historical_se_reference,historical_se_penalty,255,2014-01-02,2014-12-31,-0.008077203817591657,0.15789004985979085,0.32923405184474075,12.75,0.7062396471719881,5,0.0196078431372549,0.4496529770420264,0.018875173355831196,-0.9762515732207375,255,0,-0.08022671374299453,0.280117396464735,0.0,0,0,0
2014,A,historical_se_reference,random_band50,255,2014-01-02,2014-12-31,-0.008077203817591657,0.15789004985979085,0.32923405184474075,12.75,0.7062396471719881,3,0.011764705882352941,0.4449732249881137,0.019117902434151547,-0.9664551286019321,255,0,-0.07069238012267477,0.280117396464735,0.0,0,0,1
2014,A,historical_se_reference,support_band50,255,2014-01-02,2014-12-31,-0.008077203817591657,0.15789004985979085,0.32923405184474075,12.75,0.7062396471719881,4,0.01568627450980392,0.4309278161335935,0.01868196076939734,-0.9902201711708697,255,0,-0.06536580456323869,0.280117396464735,0.0,0,0,1
2014,A,historical_se_reference,support_mix50,255,2014-01-02,2014-12-31,-0.008077203817591657,0.15789004985979085,0.32923405184474075,12.75,0.7062396471719881,3,0.011764705882352941,0.45118519274710894,0.019291337183540654,-0.9571292654798266,255,0,-0.07343565289388793,0.280117396464735,0.0,0,0,0
2014,A,historical_se_reference,support_point50,255,2014-01-02,2014-12-31,-0.008077203817591657,0.15789004985979085,0.32923405184474075,12.75,0.7062396471719881,9,0.03529411764705882,0.38694920128068533,0.0183022194122107,-1.0117062224183415,255,0,-0.028982016854063194,0.280117396464735,0.0,0,0,0
2014,B,own_selection,filtered_historical,255,2014-01-02,2014-12-31,-0.007065564661752691,0.14830449618525696,0.3264068420900001,12.75,0.4594831371540541,11,0.043137254901960784,0.35604586242626257,,,255,0,-0.027910147522349795,0.34594136852773877,0.031533049737379464,29,0,0
2014,B,own_selection,historical,255,2014-01-02,2014-12-31,-0.008077203817591657,0.15789004985979085,0.32923405184474075,12.75,0.7062396471719881,5,0.0196078431372549,0.4496529770420264,,,255,0,-0.08022671374299453,0.280117396464735,0.0,0,0,0
2014,B,own_selection,historical_se_penalty,255,2014-01-02,2014-12-31,-0.008077203817591657,0.15789004985979085,0.32923405184474075,12.75,0.7062396471719881,5,0.0196078431372549,0.4496529770420264,,,255,0,-0.08022671374299453,0.280117396464735,0.0,0,0,0
2014,B,own_selection,random_band50,255,2014-01-02,2014-12-31,-0.008077203817591657,0.15789004985979085,0.32923405184474075,12.75,0.7062396471719881,3,0.011764705882352941,0.4449732249881137,,,255,0,-0.07069238012267477,0.280117396464735,0.0,0,0,1
2014,B,own_selection,support_band50,255,2014-01-02,2014-12-31,-0.008077203817591657,0.15789004985979085,0.32923405184474075,12.75,0.7062396471719881,4,0.01568627450980392,0.4309278161335935,,,255,0,-0.06536580456323869,0.280117396464735,0.0,0,0,1
2014,B,own_selection,support_mix50,255,2014-01-02,2014-12-31,-0.008077203817591657,0.15789004985979085,0.32923405184474075,12.75,0.7062396471719881,3,0.011764705882352941,0.45118519274710894,,,255,0,-0.07343565289388793,0.280117396464735,0.0,0,0,0
2014,B,own_selection,support_point50,255,2014-01-02,2014-12-31,-0.007891236440011188,0.1576939218902389,0.32923405184474075,12.75,0.7062396471719881,9,0.03529411764705882,0.3869196690200204,,,255,0,-0.028780099621978753,0.2818419659042272,0.007429882796769248,4,0,0
2015,A,equal_weight,filtered_historical,256,2015-01-02,2015-12-31,-0.01531438026897668,0.4675914488588643,0.9763921358276159,12.8,1.4231657952323435,15,0.05859375,0.8575209760726972,0.05402240269190854,0.15892342524755726,256,0,0.20761269749649616,0.125,0.0,0,0,0
2015,A,equal_weight,historical,256,2015-01-02,2015-12-31,-0.01531438026897668,0.4675914488588643,0.9763921358276159,12.8,1.4231657952323435,23,0.08984375,0.6770060142141576,0.053453992451615896,0.17457375120797886,256,0,0.3767594545491825,0.125,0.0,0,0,0
2015,A,equal_weight,historical_se_penalty,256,2015-01-02,2015-12-31,-0.01531438026897668,0.4675914488588643,0.9763921358276159,12.8,1.4231657952323435,23,0.08984375,0.6770060142141576,0.053453992451615896,0.17457375120797886,256,0,0.3767594545491825,0.125,0.0,0,0,0
2015,A,equal_weight,random_band50,256,2015-01-02,2015-12-31,-0.01531438026897668,0.4675914488588643,0.9763921358276159,12.8,1.4231657952323435,24,0.09375,0.6762007855470725,0.05337391075401306,0.1699348950762728,256,0,0.3759630492642109,0.125,0.0,0,0,0
2015,A,equal_weight,support_band50,256,2015-01-02,2015-12-31,-0.01531438026897668,0.4675914488588643,0.9763921358276159,12.8,1.4231657952323435,24,0.09375,0.6774058176773682,0.0534476180163401,0.17309446046048954,256,0,0.3762321623804562,0.125,0.0,0,0,0
2015,A,equal_weight,support_mix50,256,2015-01-02,2015-12-31,-0.01531438026897668,0.4675914488588643,0.9763921358276159,12.8,1.4231657952323435,24,0.09375,0.675744452161141,0.053448847912164976,0.17361096781539895,256,0,0.37791812581318085,0.125,0.0,0,0,0
2015,A,equal_weight,support_point50,256,2015-01-02,2015-12-31,-0.01531438026897668,0.4675914488588643,0.9763921358276159,12.8,1.4231657952323435,25,0.09765625,0.7434208957419177,0.05238083853076568,0.10922272415522566,256,0,0.2888814946044184,0.125,0.0,0,0,0
2015,A,historical_se_reference,filtered_historical,256,2015-01-02,2015-12-31,-0.03719758053335089,0.6570152915012456,0.8472423418609178,12.8,1.17538406734057,13,0.05078125,0.9150867332894608,0.04818038329716595,-0.07268956688177294,256,0,0.0113233521205066,0.25913347334009484,0.007178744862884897,7,0,0
2015,A,historical_se_reference,historical,256,2015-01-02,2015-12-31,-0.03719758053335089,0.6570152915012456,0.8472423418609178,12.8,1.17538406734057,30,0.1171875,0.5470121187831831,0.052437280027162844,0.35853336080671294,256,0,0.46453590122672206,0.25913347334009484,0.007178744862884897,7,0,0
2015,A,historical_se_reference,historical_se_penalty,256,2015-01-02,2015-12-31,-0.03719758053335089,0.6570152915012456,0.8472423418609178,12.8,1.17538406734057,30,0.1171875,0.5470121187831831,0.052437280027162844,0.35853336080671294,256,0,0.46453590122672206,0.25913347334009484,0.007178744862884897,7,0,0
2015,A,historical_se_reference,random_band50,256,2015-01-02,2015-12-31,-0.03719758053335089,0.6570152915012456,0.8472423418609178,12.8,1.17538406734057,31,0.12109375,0.543575913596763,0.053309945669055565,0.3884773642213824,256,0,0.48542541925099636,0.25913347334009484,0.007178744862884897,7,0,0
2015,A,historical_se_reference,support_band50,256,2015-01-02,2015-12-31,-0.03719758053335089,0.6570152915012456,0.8472423418609178,12.8,1.17538406734057,32,0.125,0.5419173360584666,0.05342523613080238,0.40155958340498576,256,0,0.4893898060242291,0.25913347334009484,0.007178744862884897,7,0,0
2015,A,historical_se_reference,support_mix50,256,2015-01-02,2015-12-31,-0.03719758053335089,0.6570152915012456,0.8472423418609178,12.8,1.17538406734057,31,0.12109375,0.5439223404506582,0.053285829807589,0.38698851013883423,256,0,0.48459667516777,0.25913347334009484,0.007178744862884897,7,0,0
2015,A,historical_se_reference,support_point50,256,2015-01-02,2015-12-31,-0.03719758053335089,0.6570152915012456,0.8472423418609178,12.8,1.17538406734057,29,0.11328125,0.6015547315223203,0.05354242840830569,0.41317000154397465,256,0,0.4320962561104416,0.25913347334009484,0.007178744862884897,7,0,0
2015,B,own_selection,filtered_historical,256,2015-01-02,2015-12-31,-0.03886894630004704,0.6689408909248237,0.7240715045468418,12.8,1.0038114814676284,20,0.078125,0.6059641563770692,,,256,0,0.1506444199703324,0.29356419213002816,0.03316067223917439,31,0,0
2015,B,own_selection,historical,256,2015-01-02,2015-12-31,-0.040035624258457136,0.6565599515354337,0.8472423418609178,12.8,1.17538406734057,32,0.125,0.5458799004832627,,,256,0,0.45464589796712485,0.2758880945182612,0.004580134773609435,4,0,0
2015,B,own_selection,historical_se_penalty,256,2015-01-02,2015-12-31,-0.03719758053335089,0.6570152915012456,0.8472423418609178,12.8,1.17538406734057,30,0.1171875,0.5470121187831831,,,256,0,0.46453590122672206,0.25913347334009484,0.007178744862884897,7,0,0
2015,B,own_selection,random_band50,256,2015-01-02,2015-12-31,-0.036273581132570704,0.6564478888122489,0.8363881659477598,12.8,1.17538406734057,34,0.1328125,0.5415065780275063,,,256,0,0.47713913093108595,0.28218687067889797,0.04137864948107389,38,0,0
2015,B,own_selection,support_band50,256,2015-01-02,2015-12-31,-0.03558422111807342,0.6564180907189459,0.8363881659477598,12.8,1.17538406734057,35,0.13671875,0.5398360513144007,,,256,0,0.48160604796458173,0.2819887078717773,0.038869682918666396,36,0,0
2015,B,own_selection,support_mix50,256,2015-01-02,2015-12-31,-0.036273581132570704,0.6564478888122489,0.8363881659477598,12.8,1.17538406734057,34,0.1328125,0.5418588533042257,,,256,0,0.47629015111788753,0.28218687067889797,0.04137864948107389,38,0,0
2015,B,own_selection,support_point50,256,2015-01-02,2015-12-31,-0.0411456706668784,0.6563022334031964,0.8064115885141515,12.8,1.227511953975187,28,0.109375,0.5910518228697156,,,256,0,0.3717610924699872,0.2579184791556376,0.03552486344793024,33,0,0
