track,target,method,n,first,last,mean_loss_pp,sd_loss_pp,pooled_es95_pp,tail_mass_n,max_loss_pp,breaches,breach_rate,mean_predicted_es95_pp,mean_pinball95,mean_fz0,fz0_defined_n,fz0_undefined_n,mean_shortfall_residual_pp,mean_hhi,mean_half_l1_weight_change,weight_change_count,fallback_n,nonconverged_n
A,equal_weight,filtered_historical,1537,2010-01-04,2015-12-31,-0.008565814540527577,0.3629543906729256,0.775283007234933,76.85000000000001,1.4231657952323435,98,0.06376057254391672,0.7110117598158254,0.039487649270674566,-0.24735353710074534,1537,0,0.07017541105713755,0.125,0.0,0,0,0
A,equal_weight,historical,1537,2010-01-04,2015-12-31,-0.008565814540527577,0.3629543906729256,0.775283007234933,76.85000000000001,1.4231657952323435,84,0.05465191932335719,0.7447810411151786,0.03997261913209033,-0.22662253487407505,1537,0,0.04610552698609964,0.125,0.0,0,0,0
A,equal_weight,historical_se_penalty,1537,2010-01-04,2015-12-31,-0.008565814540527577,0.3629543906729256,0.775283007234933,76.85000000000001,1.4231657952323435,84,0.05465191932335719,0.7447810411151786,0.03997261913209033,-0.22662253487407505,1537,0,0.04610552698609964,0.125,0.0,0,0,0
A,equal_weight,random_band50,1537,2010-01-04,2015-12-31,-0.008565814540527577,0.3629543906729256,0.775283007234933,76.85000000000001,1.4231657952323435,82,0.053350683148991544,0.7363218434499692,0.03976258065039231,-0.23324801342269855,1537,0,0.050363955017348756,0.125,0.0,0,0,5
A,equal_weight,support_band50,1537,2010-01-04,2015-12-31,-0.008565814540527577,0.3629543906729256,0.775283007234933,76.85000000000001,1.4231657952323435,85,0.05530253741054001,0.7224721764702491,0.03980420987213181,-0.23083956250434579,1537,0,0.06504620643185882,0.125,0.0,0,0,2
A,equal_weight,support_mix50,1537,2010-01-04,2015-12-31,-0.008565814540527577,0.3629543906729256,0.775283007234933,76.85000000000001,1.4231657952323435,82,0.053350683148991544,0.7498530168477294,0.03981648361993799,-0.2338549563499716,1537,0,0.03791084101050213,0.125,0.0,0,0,0
A,equal_weight,support_point50,1537,2010-01-04,2015-12-31,-0.008565814540527577,0.3629543906729256,0.775283007234933,76.85000000000001,1.4231657952323435,88,0.057254391672088484,0.7125114018229493,0.03972674180855322,-0.2262598696505131,1537,0,0.07345761980758701,0.125,0.0,0,0,1
A,historical_se_reference,filtered_historical,1537,2010-01-04,2015-12-31,-0.016288084494082932,0.3797486712484111,0.7134152110528786,76.85000000000001,1.2434041110486511,92,0.05985686402081978,0.6312114462648301,0.035012067685791806,-0.42257301245328666,1537,0,0.05274182295692252,0.24989014836733922,0.005790210981374513,29,0,0
A,historical_se_reference,historical,1537,2010-01-04,2015-12-31,-0.016288084494082932,0.3797486712484111,0.7134152110528786,76.85000000000001,1.2434041110486511,94,0.06115810019518542,0.5991049090455863,0.03632473425411763,-0.32418705896763045,1537,0,0.11110169154268265,0.24989014836733922,0.005790210981374513,29,0,0
A,historical_se_reference,historical_se_penalty,1537,2010-01-04,2015-12-31,-0.016288084494082932,0.3797486712484111,0.7134152110528786,76.85000000000001,1.2434041110486511,94,0.06115810019518542,0.5991049090455863,0.03632473425411763,-0.32418705896763045,1537,0,0.11110169154268265,0.24989014836733922,0.005790210981374513,29,0,0
A,historical_se_reference,random_band50,1537,2010-01-04,2015-12-31,-0.016288084494082932,0.3797486712484111,0.7134152110528786,76.85000000000001,1.2434041110486511,92,0.05985686402081978,0.5950042319320904,0.036399683934885234,-0.3228656156955851,1537,0,0.11670136227153059,0.24989014836733922,0.005790210981374513,29,0,5
A,historical_se_reference,support_band50,1537,2010-01-04,2015-12-31,-0.016288084494082932,0.3797486712484111,0.7134152110528786,76.85000000000001,1.2434041110486511,97,0.0631099544567339,0.5858084214301896,0.03642805018638728,-0.3194092723920017,1537,0,0.12646449780347235,0.24989014836733922,0.005790210981374513,29,0,2
A,historical_se_reference,support_mix50,1537,2010-01-04,2015-12-31,-0.016288084494082932,0.3797486712484111,0.7134152110528786,76.85000000000001,1.2434041110486511,92,0.05985686402081978,0.6017669290280678,0.03649970869670779,-0.31993250172724647,1537,0,0.11193916041200444,0.24989014836733922,0.005790210981374513,29,0,0
A,historical_se_reference,support_point50,1537,2010-01-04,2015-12-31,-0.016288084494082932,0.3797486712484111,0.7134152110528786,76.85000000000001,1.2434041110486511,102,0.06636304489264802,0.576612281649329,0.03654095527871437,-0.30061389317969184,1537,0,0.1379187394308749,0.24989014836733922,0.005790210981374513,29,0,1
B,own_selection,filtered_historical,1537,2010-01-04,2015-12-31,-0.014166802591006144,0.3662785238376565,0.642584520768977,76.85000000000001,1.2434041110486511,97,0.0631099544567339,0.518631637071219,,,1537,0,0.08995750670357353,0.29400389693745416,0.05185157928168496,256,0,0
B,own_selection,historical,1537,2010-01-04,2015-12-31,-0.01647409628774598,0.38130486487583565,0.7147464623996872,76.85000000000001,1.2648748874295175,99,0.06441119063109954,0.598299133235552,,,1537,0,0.11514330625622553,0.2594377119554791,0.007883623129287544,40,0,0
B,own_selection,historical_se_penalty,1537,2010-01-04,2015-12-31,-0.016288084494082932,0.3797486712484111,0.7134152110528786,76.85000000000001,1.2434041110486511,94,0.06115810019518542,0.5991049090455863,,,1537,0,0.11110169154268265,0.24989014836733922,0.005790210981374513,29,0,0
B,own_selection,random_band50,1537,2010-01-04,2015-12-31,-0.014578167252172494,0.38295169272245816,0.718419343854945,76.85000000000001,1.29130496823354,105,0.06831489915419649,0.589520537612844,,,1537,0,0.1299276672980317,0.25497306112044466,0.07190797449471768,414,0,5
B,own_selection,support_band50,1537,2010-01-04,2015-12-31,-0.014667577437212346,0.3781143251039046,0.6939131651149806,76.85000000000001,1.29130496823354,104,0.06766428106701367,0.5772183006512511,,,1537,0,0.11508393461329493,0.2542117760103751,0.06759145495265524,373,0,2
B,own_selection,support_mix50,1537,2010-01-04,2015-12-31,-0.01460596462651802,0.3825481696760154,0.7154081705216458,76.85000000000001,1.29130496823354,102,0.06636304489264802,0.5973662685931584,,,1537,0,0.12013136746846151,0.2572195034843939,0.06626440989477857,385,0,0
B,own_selection,support_point50,1537,2010-01-04,2015-12-31,-0.018000001519089478,0.3703166349340037,0.6518951725057025,76.85000000000001,1.2434041110486511,97,0.0631099544567339,0.5513198109101755,,,1537,0,0.10211868690556014,0.25478109117822545,0.03388641253226881,168,0,1
