absolute_relative_error,continuous_oracle_es,correction,estimate,estimator,family,hhi,n_fit,n_independent_eval,n_total_available,numerical_gate,policy,relative_regret,seed,signed_relative_error,smoothing_gap,squared_relative_error,target,tau,threshold,threshold_gap,true_es,true_objective,weak_active_set,weights
0.1121247174425617,2.7035391849794586,0.0,2.432574934632681,raw,asymmetric_crash,0.3798599919599994,512,0,512,True,full512,0.010918312693513954,2026107998,-0.1121247174425617,0.0029510514326284536,0.0125719522615743,smooth_objective,0.05,1.4712085132382717,0.003762659214548325,2.733057271180232,2.7397709818274087,False,"[0.1641768723285211, 0.37545101639955225, 1.6636981887714392e-15, 9.234519224907065e-16, 5.812461713454624e-16, 6.915432614535551e-16, 0.4603721112719222, 6.268063268211151e-16]"
0.05257509752434297,2.7035391849794586,0.1631523206307872,2.595727255263468,oic_face,asymmetric_crash,0.3798599919599994,512,0,512,True,full512,0.010918312693513954,2026107998,-0.05257509752434297,0.0029510514326284536,0.0027641408796941747,smooth_objective,0.05,1.4712085132382717,0.003762659214548325,2.733057271180232,2.7397709818274087,False,"[0.1641768723285211, 0.37545101639955225, 1.6636981887714392e-15, 9.234519224907065e-16, 5.812461713454624e-16, 6.915432614535551e-16, 0.4603721112719222, 6.268063268211151e-16]"
0.11066137623784034,2.7035391849794586,0.0,2.441236144407486,raw,asymmetric_crash,0.3746152032632067,512,0,512,True,full512,0.010330057813835003,2026107998,-0.11066137623784034,0.011799785030004962,0.012245940190852855,smooth_objective,0.1,1.5029897181530372,0.0017351379377616993,2.7314669010622645,2.745001824030031,False,"[0.1768891479555784, 0.3637553464087397, -9.491446623783954e-24, -3.632787571416437e-24, 2.2258714809510786e-24, 2.7298513016190683e-25, 0.45935550563568295, -7.538560272994782e-24]"
0.0390820301506809,2.7035391849794586,0.19648543557212955,2.6377215799796154,oic_face,asymmetric_crash,0.3746152032632067,512,0,512,True,full512,0.010330057813835003,2026107998,-0.0390820301506809,0.011799785030004962,0.001527405080698731,smooth_objective,0.1,1.5029897181530372,0.0017351379377616993,2.7314669010622645,2.745001824030031,False,"[0.1768891479555784, 0.3637553464087397, -9.491446623783954e-24, -3.632787571416437e-24, 2.2258714809510786e-24, 2.7298513016190683e-25, 0.45935550563568295, -7.538560272994782e-24]"
0.10775491346324984,2.7035391849794586,0.0,2.482116091227178,raw,asymmetric_crash,0.3701707663816445,512,0,512,True,full512,0.010186073603487333,2026107998,-0.10775491346324984,0.05067043675835924,0.01161112137547246,smooth_objective,0.2,1.5948104196110324,0.00012893656205381632,2.7310776341075718,2.7818770074279846,False,"[0.18801621067859647, 0.35518916912686366, -8.681426798118963e-24, -1.0858164089543525e-24, 5.883515007009623e-17, 3.9779238504887215e-24, 0.4567946201945403, -6.149556668397427e-24]"
0.05241726215535414,2.7035391849794586,0.15394253981850198,2.63605863104568,oic_face,asymmetric_crash,0.3701707663816445,512,0,512,True,full512,0.010186073603487333,2026107998,-0.05241726215535414,0.05067043675835924,0.002747569371863121,smooth_objective,0.2,1.5948104196110324,0.00012893656205381632,2.7310776341075718,2.7818770074279846,False,"[0.18801621067859647, 0.35518916912686366, -8.681426798118963e-24, -1.0858164089543525e-24, 5.883515007009623e-17, 3.9779238504887215e-24, 0.4567946201945403, -6.149556668397427e-24]"
0.09183715246636082,2.7035391849794586,0.0,2.541689686031054,raw,asymmetric_crash,0.3407435515945071,256,0,512,True,A256,0.02933044326378842,2026107998,-0.09183715246636082,0.0037095758475784025,0.008434062573129602,smooth_objective,0.05,1.3673550713182836,0.012171009701373414,2.7828351876559276,2.7987157732048793,False,"[4.359369768912778e-25, 0.2105240851994692, 0.018252579822827446, 0.352037958052849, 0.004286708944769863, 5.369470967053172e-18, 0.4148986679800845, -7.772126180314668e-25]"
0.018952116109700712,2.7035391849794586,0.20398450088199577,2.7456741869130497,oic_face,asymmetric_crash,0.3407435515945071,256,0,512,True,A256,0.02933044326378842,2026107998,-0.018952116109700712,0.0037095758475784025,0.0003591827050355772,smooth_objective,0.05,1.3673550713182836,0.012171009701373414,2.7828351876559276,2.7987157732048793,False,"[4.359369768912778e-25, 0.2105240851994692, 0.018252579822827446, 0.352037958052849, 0.004286708944769863, 5.369470967053172e-18, 0.4148986679800845, -7.772126180314668e-25]"
0.08935196160052172,2.7035391849794586,0.0,2.5486450289067024,independent,asymmetric_crash,0.3407435515945071,256,256,512,True,A256,0.02933044326378842,2026107998,-0.08935196160052172,0.0037095758475784025,0.007983773041861108,smooth_objective,0.05,1.3673550713182836,0.012171009701373414,2.7828351876559276,2.7987157732048793,False,"[4.359369768912778e-25, 0.2105240851994692, 0.018252579822827446, 0.352037958052849, 0.004286708944769863, 5.369470967053172e-18, 0.4148986679800845, -7.772126180314668e-25]"
0.08505646404566891,2.7035391849794586,0.0,2.5641623329820176,raw,asymmetric_crash,0.33884787967155494,256,0,512,True,A256,0.029151448385816625,2026107998,-0.08505646404566891,0.014190955101405929,0.007234602075952168,smooth_objective,0.1,1.4173787961100626,0.005993925008707102,2.78235126798942,2.802536148099533,False,"[1.4953412680258447e-16, 0.21603695183704025, 0.023889613184691034, 0.34295984993961603, 1.0757867791467352e-24, 1.1535433302057966e-16, 0.4171135850386525, 1.4493565150987057e-17]"
0.0033646560272697634,2.7035391849794586,0.22894424497517124,2.7931065779571886,oic_face,asymmetric_crash,0.33884787967155494,256,0,512,True,A256,0.029151448385816625,2026107998,-0.0033646560272697634,0.014190955101405929,1.1320910181842747e-05,smooth_objective,0.1,1.4173787961100626,0.005993925008707102,2.78235126798942,2.802536148099533,False,"[1.4953412680258447e-16, 0.21603695183704025, 0.023889613184691034, 0.34295984993961603, 1.0757867791467352e-24, 1.1535433302057966e-16, 0.4171135850386525, 1.4493565150987057e-17]"
0.08794505348815884,2.7035391849794586,0.0,2.556066956652421,independent,asymmetric_crash,0.33884787967155494,256,256,512,True,A256,0.029151448385816625,2026107998,-0.08794505348815884,0.014190955101405929,0.00773433243303512,smooth_objective,0.1,1.4173787961100626,0.005993925008707102,2.78235126798942,2.802536148099533,False,"[1.4953412680258447e-16, 0.21603695183704025, 0.023889613184691034, 0.34295984993961603, 1.0757867791467352e-24, 1.1535433302057966e-16, 0.4171135850386525, 1.4493565150987057e-17]"
0.0706214479856283,2.7035391849794586,0.0,2.6246776816394797,raw,asymmetric_crash,0.31328777258944884,256,0,512,True,A256,0.025226865050791636,2026107998,-0.0706214479856283,0.05225736307748777,0.004987388915586804,smooth_objective,0.2,1.5588143462260386,0.00012284459966682704,2.7717410031584624,2.824121210835617,False,"[0.02408077854093915, 0.21825156098154272, 0.04219421581540632, 0.2971451884058448, 4.07097630755998e-17, 9.027368289394018e-17, 0.41832825625626696, 2.4227944488925574e-24]"
0.10521682710966096,2.7035391849794586,0.4965886023733548,3.1212662840128345,oic_face,asymmetric_crash,0.31328777258944884,256,0,512,True,A256,0.025226865050791636,2026107998,0.10521682710966096,0.05225736307748777,0.011070580707024285,smooth_objective,0.2,1.5588143462260386,0.00012284459966682704,2.7717410031584624,2.824121210835617,False,"[0.02408077854093915, 0.21825156098154272, 0.04219421581540632, 0.2971451884058448, 4.07097630755998e-17, 9.027368289394018e-17, 0.41832825625626696, 2.4227944488925574e-24]"
0.08718697882755799,2.7035391849794586,0.0,2.5778946146200346,independent,asymmetric_crash,0.31328777258944884,256,256,512,True,A256,0.025226865050791636,2026107998,-0.08718697882755799,0.05225736307748777,0.007601569277077046,smooth_objective,0.2,1.5588143462260386,0.00012284459966682704,2.7717410031584624,2.824121210835617,False,"[0.02408077854093915, 0.21825156098154272, 0.04219421581540632, 0.2971451884058448, 4.07097630755998e-17, 9.027368289394018e-17, 0.41832825625626696, 2.4227944488925574e-24]"
0.18991832572552725,2.7035391849794586,0.0,2.220387514827131,raw,asymmetric_crash,0.39350812652129696,256,0,512,True,B256,0.005711765242434774,2026107998,-0.18991832572552725,0.003427257763566573,0.03606897044638747,smooth_objective,0.05,1.3665955516813493,0.018534354274516218,2.7189811661277847,2.7409427781658677,False,"[0.15380195812469302, 0.3461980418753219, 3.4398726669297464e-27, -2.4831883659578642e-27, 4.783421504859413e-28, 3.4398726669297464e-27, 0.5, 6.4014031833735526e-27]"
0.11804847532685347,2.7035391849794586,0.1969911474181063,2.417378662245237,oic_face,asymmetric_crash,0.39350812652129696,256,0,512,True,B256,0.005711765242434774,2026107998,-0.11804847532685347,0.003427257763566573,0.013935442526994734,smooth_objective,0.05,1.3665955516813493,0.018534354274516218,2.7189811661277847,2.7409427781658677,False,"[0.15380195812469302, 0.3461980418753219, 3.4398726669297464e-27, -2.4831883659578642e-27, 4.783421504859413e-28, 3.4398726669297464e-27, 0.5, 6.4014031833735526e-27]"
0.027709174580206164,2.7035391849794586,0.0,2.6649935162113145,independent,asymmetric_crash,0.39350812652129696,256,256,512,True,B256,0.005711765242434774,2026107998,-0.027709174580206164,0.003427257763566573,0.0007677983559163435,smooth_objective,0.05,1.3665955516813493,0.018534354274516218,2.7189811661277847,2.7409427781658677,False,"[0.15380195812469302, 0.3461980418753219, 3.4398726669297464e-27, -2.4831883659578642e-27, 4.783421504859413e-28, 3.4398726669297464e-27, 0.5, 6.4014031833735526e-27]"
0.18823464010041902,2.7035391849794586,0.0,2.2301640018144955,raw,asymmetric_crash,0.3991374616498511,256,0,512,True,B256,0.006567193644953839,2026107998,-0.18823464010041902,0.013735373708975963,0.03543227973373427,smooth_objective,0.1,1.4112051800145706,0.01227204302565843,2.7212938503339394,2.7473012670685737,False,"[0.14014222455864958, 0.3598577754413597, 3.638300523362763e-24, -2.626430221772316e-24, 5.059351507952237e-25, 3.638300523362763e-24, 0.5, 6.770665895930303e-24]"
0.11945885972169445,2.7035391849794586,0.1889477885780999,2.4191117903925954,oic_face,asymmetric_crash,0.3991374616498511,256,0,512,True,B256,0.006567193644953839,2026107998,-0.11945885972169445,0.013735373708975963,0.014270419166007475,smooth_objective,0.1,1.4112051800145706,0.01227204302565843,2.7212938503339394,2.7473012670685737,False,"[0.14014222455864958, 0.3598577754413597, 3.638300523362763e-24, -2.626430221772316e-24, 5.059351507952237e-25, 3.638300523362763e-24, 0.5, 6.770665895930303e-24]"
0.027486692389379286,2.7035391849794586,0.0,2.671787042239708,independent,asymmetric_crash,0.3991374616498511,256,256,512,True,B256,0.006567193644953839,2026107998,-0.027486692389379286,0.013735373708975963,0.0007555182585083611,smooth_objective,0.1,1.4112051800145706,0.01227204302565843,2.7212938503339394,2.7473012670685737,False,"[0.14014222455864958, 0.3598577754413597, 3.638300523362763e-24, -2.626430221772316e-24, 5.059351507952237e-25, 3.638300523362763e-24, 0.5, 6.770665895930303e-24]"
0.18326044127116725,2.7035391849794586,0.0,2.2737276488996616,raw,asymmetric_crash,0.40583902795228605,256,0,512,True,B256,0.007541071065265026,2026107998,-0.18326044127116725,0.05783607040046981,0.03358438933490294,smooth_objective,0.2,1.5244066131989704,0.002144988948271198,2.7239267661011173,2.7839078254498584,False,"[0.12582466438078987, 0.3741753356192091, 4.0100699319631424e-16, 6.938631295390725e-16, -4.3912141530789764e-26, 3.412759180555573e-16, 0.49999999999999983, -5.876532567710845e-25]"
0.12796508808614637,2.7035391849794586,0.15393716644279326,2.427664815342455,oic_face,asymmetric_crash,0.40583902795228605,256,0,512,True,B256,0.007541071065265026,2026107998,-0.12796508808614637,0.05783607040046981,0.0163750637688952,smooth_objective,0.2,1.5244066131989704,0.002144988948271198,2.7239267661011173,2.7839078254498584,False,"[0.12582466438078987, 0.3741753356192091, 4.0100699319631424e-16, 6.938631295390725e-16, -4.3912141530789764e-26, 3.412759180555573e-16, 0.49999999999999983, -5.876532567710845e-25]"
0.025980384894175756,2.7035391849794586,0.0,2.711580828634763,independent,asymmetric_crash,0.40583902795228605,256,256,512,True,B256,0.007541071065265026,2026107998,-0.025980384894175756,0.05783607040046981,0.0006749803992495159,smooth_objective,0.2,1.5244066131989704,0.002144988948271198,2.7239267661011173,2.7839078254498584,False,"[0.12582466438078987, 0.3741753356192091, 4.0100699319631424e-16, 6.938631295390725e-16, -4.3912141530789764e-26, 3.412759180555573e-16, 0.49999999999999983, -5.876532567710845e-25]"
0.114448866210756,2.7035391849794586,0.0,2.428342469281798,raw,asymmetric_crash,0.39079381450097717,512,0,512,True,exact_lp512,0.01222551708309938,2026107998,-0.114448866210756,0.0,0.013098542976927528,hinge_objective,0.0,1.4532687696934856,0.005590752302911284,2.7365913494702534,2.7421821017731647,False,"[0.1412058705008749, 0.3970625769231927, 0.0, 0.0, 0.0, 0.0, 0.46173155257593235, 0.0]"
0.1195839209961651,1.060410210109077,0.0,0.9889954597684171,raw,gaussian,0.1625701263493155,512,0,512,True,full512,0.0318992172024537,2026107998,-0.1195839209961651,0.01977095924464056,0.014300314160817057,smooth_objective,0.05,0.8056778529615123,0.009319923716898826,1.094236465725046,1.1233273486865853,False,"[0.16519312405466072, 0.15697535939873522, 0.1108244450799011, 0.11324268152312976, 0.044734024132123476, 0.040233454150497956, 0.26779116335618325, 0.1010057483047684]"
0.07401652734834763,1.060410210109077,0.05118709949296066,1.0401825592613778,oic_face,gaussian,0.1625701263493155,512,0,512,True,full512,0.0318992172024537,2026107998,-0.07401652734834763,0.01977095924464056,0.005478446320708692,smooth_objective,0.05,0.8056778529615123,0.009319923716898826,1.094236465725046,1.1233273486865853,False,"[0.16519312405466072, 0.15697535939873522, 0.1108244450799011, 0.11324268152312976, 0.044734024132123476, 0.040233454150497956, 0.26779116335618325, 0.1010057483047684]"
0.10209202356557268,1.060410210109077,0.0,1.0463486590591724,raw,gaussian,0.1618729819129084,512,0,512,True,full512,0.028005468989677373,2026107998,-0.10209202356557268,0.07370189926494482,0.010422781275713446,smooth_objective,0.1,0.8418616784564558,0.0015089748699423922,1.0901074953646241,1.1653183694995113,False,"[0.16035274925760568, 0.1448855220088764, 0.1196136420397912, 0.11772806738752205, 0.05357547163321133, 0.042246293394174766, 0.2729107789615721, 0.08868747531724647]"
0.06868216931187998,1.060410210109077,0.03893311688412966,1.085281775943302,oic_face,gaussian,0.1618729819129084,512,0,512,True,full512,0.028005468989677373,2026107998,-0.06868216931187998,0.07370189926494482,0.004717240381385749,smooth_objective,0.1,0.8418616784564558,0.0015089748699423922,1.0901074953646241,1.1653183694995113,False,"[0.16035274925760568, 0.1448855220088764, 0.1196136420397912, 0.11772806738752205, 0.05357547163321133, 0.042246293394174766, 0.2729107789615721, 0.08868747531724647]"
0.06120335693226642,1.060410210109077,0.0,1.2490667828853903,raw,gaussian,0.1684630985926762,512,0,512,True,full512,0.02025338695924228,2026107998,-0.06120335693226642,0.22025741290816594,0.003745850899778404,smooth_objective,0.2,0.9911397632597334,0.02835318773312645,1.0818871084299477,1.3304977090712402,False,"[0.14468001071130362, 0.13388560279923878, 0.12270600472917492, 0.11792476983582607, 0.06543386243587793, 0.044533352137514304, 0.29859460282602057, 0.07224179452504388]"
0.041883675100340745,1.060410210109077,0.025704792417362423,1.2747715753027526,oic_face,gaussian,0.1684630985926762,512,0,512,True,full512,0.02025338695924228,2026107998,-0.041883675100340745,0.22025741290816594,0.0017542422399109033,smooth_objective,0.2,0.9911397632597334,0.02835318773312645,1.0818871084299477,1.3304977090712402,False,"[0.14468001071130362, 0.13388560279923878, 0.12270600472917492, 0.11792476983582607, 0.06543386243587793, 0.044533352137514304, 0.29859460282602057, 0.07224179452504388]"
0.18525058530681804,1.060410210109077,0.0,0.9516772625098717,raw,gaussian,0.24054000726558927,256,0,512,True,A256,0.037677314773624015,2026107998,-0.18525058530681804,0.02387466159429499,0.03431777935651867,smooth_objective,0.05,0.7372837701623598,0.0438230214871127,1.1003636193845217,1.1680613024659294,False,"[0.14411120414347803, 0.08184715196166553, 0.14988206878432764, 0.1201232395287598, -3.913896225060613e-25, 0.09462767398076823, 0.4089305066738987, 0.0004781549271020913]"
0.1332977529692897,1.060410210109077,0.06068409300696738,1.0123613555168391,oic_face,gaussian,0.24054000726558927,256,0,512,True,A256,0.037677314773624015,2026107998,-0.1332977529692897,0.02387466159429499,0.01776829094666178,smooth_objective,0.05,0.7372837701623598,0.0438230214871127,1.1003636193845217,1.1680613024659294,False,"[0.14411120414347803, 0.08184715196166553, 0.14988206878432764, 0.1201232395287598, -3.913896225060613e-25, 0.09462767398076823, 0.4089305066738987, 0.0004781549271020913]"
0.03159870656653396,1.060410210109077,0.0,1.131152076117585,independent,gaussian,0.24054000726558927,256,256,512,True,A256,0.037677314773624015,2026107998,-0.03159870656653396,0.02387466159429499,0.0009984782566779167,smooth_objective,0.05,0.7372837701623598,0.0438230214871127,1.1003636193845217,1.1680613024659294,False,"[0.14411120414347803, 0.08184715196166553, 0.14988206878432764, 0.1201232395287598, -3.913896225060613e-25, 0.09462767398076823, 0.4089305066738987, 0.0004781549271020913]"
0.1545793664819407,1.060410210109077,0.0,1.0175742225576123,raw,gaussian,0.23137637076763978,256,0,512,True,A256,0.040210957196426644,2026107998,-0.1545793664819407,0.084997720243599,0.023894780541958132,smooth_objective,0.1,0.7935737596567566,0.015582652557252885,1.103050319678427,1.2036306924792788,False,"[0.14027337136018508, 0.07626897197419083, 0.16019138953012438, 0.11882698780249602, 4.618941424049479e-19, 0.10061199162361947, 0.3948393415354971, 0.008987946173887078]"
0.10910118701684257,1.060410210109077,0.05473893264227286,1.0723131551998852,oic_face,gaussian,0.23137637076763978,256,0,512,True,A256,0.040210957196426644,2026107998,-0.10910118701684257,0.084997720243599,0.011903069008484058,smooth_objective,0.1,0.7935737596567566,0.015582652557252885,1.103050319678427,1.2036306924792788,False,"[0.14027337136018508, 0.07626897197419083, 0.16019138953012438, 0.11882698780249602, 4.618941424049479e-19, 0.10061199162361947, 0.3948393415354971, 0.008987946173887078]"
0.034337558447525396,1.060410210109077,0.0,1.162300953227036,independent,gaussian,0.23137637076763978,256,256,512,True,A256,0.040210957196426644,2026107998,-0.034337558447525396,0.084997720243599,0.0011790679201372227,smooth_objective,0.1,0.7935737596567566,0.015582652557252885,1.103050319678427,1.2036306924792788,False,"[0.14027337136018508, 0.07626897197419083, 0.16019138953012438, 0.11882698780249602, 4.618941424049479e-19, 0.10061199162361947, 0.3948393415354971, 0.008987946173887078]"
0.09205590391828611,1.060410210109077,0.0,1.2276905587931894,raw,gaussian,0.22301054032456122,256,0,512,True,A256,0.034562346204609184,2026107998,-0.09205590391828611,0.2409706355345221,0.008474289446212724,smooth_objective,0.2,0.9642254027014326,0.014134253140713593,1.0970604749097694,1.352165363585005,False,"[0.12522326327079414, 0.06704957784309644, 0.15556116438658443, 0.11090020343710925, 0.017734292707258494, 0.1090015281154075, 0.3919573122492529, 0.022572657990496896]"
0.05864214469916351,1.060410210109077,0.045180927883266636,1.272871486676456,oic_face,gaussian,0.22301054032456122,256,0,512,True,A256,0.034562346204609184,2026107998,-0.05864214469916351,0.2409706355345221,0.003438901134917631,smooth_objective,0.2,0.9642254027014326,0.014134253140713593,1.0970604749097694,1.352165363585005,False,"[0.12522326327079414, 0.06704957784309644, 0.15556116438658443, 0.11090020343710925, 0.017734292707258494, 0.1090015281154075, 0.3919573122492529, 0.022572657990496896]"
0.022661612009063803,1.060410210109077,0.0,1.321523116743347,independent,gaussian,0.22301054032456122,256,256,512,True,A256,0.034562346204609184,2026107998,-0.022661612009063803,0.2409706355345221,0.0005135486588493447,smooth_objective,0.2,0.9642254027014326,0.014134253140713593,1.0970604749097694,1.352165363585005,False,"[0.12522326327079414, 0.06704957784309644, 0.15556116438658443, 0.11090020343710925, 0.017734292707258494, 0.1090015281154075, 0.3919573122492529, 0.022572657990496896]"
0.18285955403548193,1.060410210109077,0.0,0.9481123408562264,raw,gaussian,0.15464619724491052,256,0,512,True,B256,0.05922514007826707,2026107998,-0.18285955403548193,0.020376913712197804,0.03343761650205534,smooth_objective,0.05,0.805932270583782,0.016690696843279396,1.1232131533432117,1.160280763898689,False,"[0.20239314234424804, 0.19514820202562294, 0.07799270072077957, 0.11294687888766712, 0.08197545977404004, 0.018481891810294183, 0.18121431089569776, 0.1298474135416504]"
0.13065079636945864,1.060410210109077,0.060576817226934906,1.0086891580831614,oic_face,gaussian,0.15464619724491052,256,0,512,True,B256,0.05922514007826707,2026107998,-0.13065079636945864,0.020376913712197804,0.017069630591973747,smooth_objective,0.05,0.805932270583782,0.016690696843279396,1.1232131533432117,1.160280763898689,False,"[0.20239314234424804, 0.19514820202562294, 0.07799270072077957, 0.11294687888766712, 0.08197545977404004, 0.018481891810294183, 0.18121431089569776, 0.1298474135416504]"
0.08303146226959057,1.060410210109077,0.0,1.0639409554289032,independent,gaussian,0.15464619724491052,256,256,512,True,B256,0.05922514007826707,2026107998,-0.08303146226959057,0.020376913712197804,0.006894223726626443,smooth_objective,0.05,0.805932270583782,0.016690696843279396,1.1232131533432117,1.160280763898689,False,"[0.20239314234424804, 0.19514820202562294, 0.07799270072077957, 0.11294687888766712, 0.08197545977404004, 0.018481891810294183, 0.18121431089569776, 0.1298474135416504]"
0.14698299381571467,1.060410210109077,0.0,1.0180308788103898,raw,gaussian,0.15320215267318885,256,0,512,True,B256,0.05282417567214637,2026107998,-0.14698299381571467,0.07399134318593024,0.021604000471030418,smooth_objective,0.1,0.8511644267688359,0.003030493597661277,1.1164255053324166,1.1934473421160081,False,"[0.2017532978912114, 0.17918601444349272, 0.09296876174201141, 0.11611310861864432, 0.09576891875710974, 0.009265343600964057, 0.1879092909648845, 0.11703526398168185]"
0.10092931051217635,1.060410210109077,0.054962645933260064,1.07299352474365,oic_face,gaussian,0.15320215267318885,256,0,512,True,B256,0.05282417567214637,2026107998,-0.10092931051217635,0.07399134318593024,0.010186725720463311,smooth_objective,0.1,0.8511644267688359,0.003030493597661277,1.1164255053324166,1.1934473421160081,False,"[0.2017532978912114, 0.17918601444349272, 0.09296876174201141, 0.11611310861864432, 0.09576891875710974, 0.009265343600964057, 0.1879092909648845, 0.11703526398168185]"
0.07113412302957278,1.060410210109077,0.0,1.1085525120526114,independent,gaussian,0.15320215267318885,256,256,512,True,B256,0.05282417567214637,2026107998,-0.07113412302957278,0.07399134318593024,0.005060063459186396,smooth_objective,0.1,0.8511644267688359,0.003030493597661277,1.1164255053324166,1.1934473421160081,False,"[0.2017532978912114, 0.17918601444349272, 0.09296876174201141, 0.11611310861864432, 0.09576891875710974, 0.009265343600964057, 0.1879092909648845, 0.11703526398168185]"
0.08285286763723698,1.060410210109077,0.0,1.2372679111447744,raw,gaussian,0.15716849294690344,256,0,512,True,B256,0.039961799755773075,2026107998,-0.08285286763723698,0.22279303858465582,0.006864597675713511,smooth_objective,0.2,0.9964942885520405,0.023460571379688266,1.1027861105844332,1.3490397205487774,False,"[0.18437048426829117, 0.17083893135262235, 0.10244754208312809, 0.11983044279743432, 0.1010335010692673, 0.0021202353980820598, 0.2226394890013875, 0.09671937402978732]"
0.052637768983165745,1.060410210109077,0.040761368244641896,1.2780292793894164,oic_face,gaussian,0.15716849294690344,256,0,512,True,B256,0.039961799755773075,2026107998,-0.052637768983165745,0.22279303858465582,0.0027707347235251256,smooth_objective,0.2,0.9964942885520405,0.023460571379688266,1.1027861105844332,1.3490397205487774,False,"[0.18437048426829117, 0.17083893135262235, 0.10244754208312809, 0.11983044279743432, 0.1010335010692673, 0.0021202353980820598, 0.2226394890013875, 0.09671937402978732]"
0.047735746561885506,1.060410210109077,0.0,1.2846423023467441,independent,gaussian,0.15716849294690344,256,256,512,True,B256,0.039961799755773075,2026107998,-0.047735746561885506,0.22279303858465582,0.002278701499820564,smooth_objective,0.2,0.9964942885520405,0.023460571379688266,1.1027861105844332,1.3490397205487774,False,"[0.18437048426829117, 0.17083893135262235, 0.10244754208312809, 0.11983044279743432, 0.1010335010692673, 0.0021202353980820598, 0.2226394890013875, 0.09671937402978732]"
0.12415157194813642,1.060410210109077,0.0,0.966895656658497,raw,gaussian,0.1735735824875292,512,0,512,True,exact_lp512,0.02943894918710943,2026107998,-0.12415157194813642,0.0,0.015413612817193294,hinge_objective,0.0,0.7940386133125593,0.012325606813237577,1.0916275724019702,1.1039531792152077,False,"[0.15764176903360805, 0.14142222948336833, 0.09549096264901764, 0.11649394472661978, 0.03890084741549098, 0.03220876369300831, 0.29888354548031804, 0.11895793751856894]"
