seed,family,method,portfolio_index,predicted_ES,true_ES,signed_underestimate,relative_underestimate_pct,absolute_risk_error,regret_vs_candidate_oracle,fixed_equal_signed_error,selection_excess_error,hhi,max_weight,fit_and_scoring_seconds,w_0,w_1,w_2,w_3,w_4,w_5,w_6,w_7
100,gaussian_control,historical_CVaR,195,1.0375680213868925,1.0448749066833107,0.0073068852964182085,0.6993071849731807,0.0073068852964182085,0.0,-0.048257154683247094,0.0555640399796653,0.26410258149640603,0.36191073979078686,0.005717557000025408,0.36191073979078686,0.002619434604981987,0.283300594201403,0.005838638792942564,0.07427225359904552,0.032041152106625025,0.026531612282110675,0.21348557462210427
100,gaussian_control,equal_weight,0,1.219384317274527,1.1711271625912798,-0.048257154683247094,-4.120573429145944,0.048257154683247094,0.12625225590796907,-0.048257154683247094,0.0,0.125,0.125,0.0,0.125,0.125,0.125,0.125,0.125,0.125,0.125,0.125
100,gaussian_control,LedoitWolf_Gaussian,195,1.046860134375555,1.0448749066833107,-0.0019852276922442957,-0.18999668568421224,0.0019852276922442957,0.0,0.014403497273957289,-0.016388724966201584,0.26410258149640603,0.36191073979078686,0.0016079330000025038,0.36191073979078686,0.002619434604981987,0.283300594201403,0.005838638792942564,0.07427225359904552,0.032041152106625025,0.026531612282110675,0.21348557462210427
100,gaussian_control,GMM_base,227,1.063702801737963,1.126818334023355,0.06311553228539202,5.601216307870604,0.06311553228539202,0.08194342734004434,-0.07835529920669027,0.14147083149208228,0.232069503992317,0.35811342628388276,0.07168365399996901,0.03830347699014408,0.0074006068024557205,0.35811342628388276,0.08091642318762139,0.12565244874596432,0.04945743404587938,0.07091359570565045,0.26924258823840186
100,gaussian_control,GMM_pooled,110,1.0591590323718292,1.061004770080636,0.001845737708806805,0.17396130166940998,0.001845737708806805,0.01612986339732525,-0.0072482778657578795,0.009094015574564684,0.18201946583828865,0.2726713396587296,0.047950517000003856,0.17575065078407176,0.10023145176726404,0.2726713396587296,0.04993604733581984,0.10418707616135195,0.04788035152103697,0.02465129092327967,0.2246917918484461
100,gaussian_control,random_tail_calibration,110,1.054110151871118,1.061004770080636,0.0068946182095179775,0.6498197184348181,0.0068946182095179775,0.01612986339732525,-0.04653581067510815,0.053430428884626124,0.18201946583828865,0.2726713396587296,0.04342162299997199,0.17575065078407176,0.10023145176726404,0.2726713396587296,0.04993604733581984,0.10418707616135195,0.04788035152103697,0.02465129092327967,0.2246917918484461
100,gaussian_control,adaptive_tail_calibration,195,1.0673449339065937,1.0448749066833107,-0.02247002722328295,-2.1504992683390523,0.02247002722328295,0.0,-0.04983353337675256,0.027363506153469608,0.26410258149640603,0.36191073979078686,0.13603705799999943,0.36191073979078686,0.002619434604981987,0.283300594201403,0.005838638792942564,0.07427225359904552,0.032041152106625025,0.026531612282110675,0.21348557462210427
100,gaussian_control,nominal_half_equal,-1,1.1160178770006164,1.1212860069031714,0.0052681299025549855,0.46982927371980615,0.0052681299025549855,0.07641110021986064,-0.07835529920669027,0.08362342910924525,0.15176737599807924,0.24155671314194138,0.0,0.08165173849507204,0.06620030340122786,0.24155671314194138,0.10295821159381069,0.12532622437298216,0.08722871702293969,0.09795679785282523,0.19712129411920093
101,gaussian_control,historical_CVaR,128,1.1672632387513215,1.311457418783276,0.1441941800319544,10.994957058211824,0.1441941800319544,0.0,0.1436526861562355,0.0005414938757188903,0.16465449262237117,0.2167508381615012,0.005407775999969999,0.17081987370906712,0.1520015469347824,0.2137569155648818,0.2167508381615012,0.10438367284101752,0.011810408855001245,0.05657462464201487,0.07390211929173394
101,gaussian_control,equal_weight,0,1.1912451159009545,1.33489780205719,0.1436526861562355,10.76132464484207,0.1436526861562355,0.023440383273914067,0.1436526861562355,0.0,0.125,0.125,0.0,0.125,0.125,0.125,0.125,0.125,0.125,0.125,0.125
101,gaussian_control,LedoitWolf_Gaussian,166,1.239055830584971,1.3256001731028313,0.08654434251786025,6.528691250491162,0.08654434251786025,0.014142754319555362,0.08555306311373223,0.0009912794041280204,0.13638452721687358,0.17925600679475473,0.000868491999995058,0.09392388652798726,0.17925600679475473,0.175617836329283,0.10353540386639774,0.11760387528188021,0.1478003403446108,0.06299361534007404,0.11926903551501224
101,gaussian_control,GMM_base,126,1.2030597052113525,1.320259315861677,0.11719961065032458,8.877014480585837,0.11719961065032458,0.008801897078401177,0.1130899164211856,0.004109694229138983,0.1355889074232463,0.20335577883205871,0.04339431700003615,0.13065627432771915,0.10532017114748995,0.13410323536249258,0.20335577883205871,0.1451879957434207,0.07390874816611008,0.10021566050356623,0.10725213591714255
101,gaussian_control,GMM_pooled,107,1.1203018550869674,1.3118986219902304,0.191596766903263,14.604540601818682,0.191596766903263,0.0004412032069545102,0.16474795690141808,0.026848810001844914,0.16840717616280523,0.27199039743582243,0.041627648999963185,0.13820219215551607,0.13610399665020395,0.27199039743582243,0.190494972084666,0.11184417460961181,0.03992896880176437,0.04562887165007528,0.06580642661234026
101,gaussian_control,random_tail_calibration,126,1.1716826920607553,1.320259315861677,0.14857662380092185,11.253594048980613,0.14857662380092185,0.008801897078401177,0.1502832756698631,-0.0017066518689412558,0.1355889074232463,0.20335577883205871,0.04126670200002991,0.13065627432771915,0.10532017114748995,0.13410323536249258,0.20335577883205871,0.1451879957434207,0.07390874816611008,0.10021566050356623,0.10725213591714255
101,gaussian_control,adaptive_tail_calibration,107,1.1786390810776595,1.3118986219902304,0.13325954091257097,10.15776209219643,0.13325954091257097,0.0004412032069545102,0.13758294088644774,-0.0043233999738767626,0.16840717616280523,0.27199039743582243,0.13611898300001712,0.13820219215551607,0.13610399665020395,0.27199039743582243,0.190494972084666,0.11184417460961181,0.03992896880176437,0.04562887165007528,0.06580642661234026
101,gaussian_control,nominal_half_equal,-1,1.2066961062990045,1.323808473574541,0.11711236727553653,8.846624690300578,0.11711236727553653,0.012351054791265081,0.1130899164211856,0.004022450854350934,0.1276472268558116,0.16417788941602934,0.0,0.12782813716385957,0.11516008557374498,0.1295516176812463,0.16417788941602934,0.13509399787171034,0.09945437408305505,0.11260783025178311,0.11612606795857128
102,gaussian_control,historical_CVaR,151,1.0813834575158308,1.1576093661333071,0.07622590861747636,6.58476951271474,0.07622590861747636,0.0,0.11063410998860768,-0.03440820137113132,0.17294430191163257,0.3150963466035489,0.005763285000000451,0.05104822307446969,0.3150963466035489,0.1519454568164457,0.07764925261563217,0.1217233221323293,0.10422876987822795,0.07576294178658602,0.10254568709276027
102,gaussian_control,equal_weight,0,1.1447997443771716,1.2554338543657793,0.11063410998860768,8.812420471526783,0.11063410998860768,0.09782448823247214,0.11063410998860768,0.0,0.125,0.125,0.0,0.125,0.125,0.125,0.125,0.125,0.125,0.125,0.125
102,gaussian_control,LedoitWolf_Gaussian,283,1.114410198026707,1.1735013989981085,0.059091200971401525,5.035460632756926,0.059091200971401525,0.015892032864801342,0.06749291774652955,-0.00840171677512802,0.18127954451843137,0.2917520353097939,0.0009196289999522378,0.09562651510604424,0.2917520353097939,0.14448865100243985,0.0011758967239098564,0.1847220178895796,0.05667550288005867,0.07176349069730852,0.1537958903908653
102,gaussian_control,GMM_base,269,0.9718983632797695,1.1778156891885625,0.20591732590879297,17.482983780820277,0.20591732590879297,0.020206323055255382,0.17657174573803003,0.02934558017076294,0.16029820166412428,0.2364223244052952,0.04445356299999048,0.1012272714099771,0.2364223244052952,0.19957456334779675,0.07750742865241834,0.06991726162262003,0.15248239353958204,0.022630050189691924,0.14023870683261863
102,gaussian_control,GMM_pooled,151,1.092975882350808,1.1576093661333071,0.06463348378249911,5.583358745479958,0.06463348378249911,0.0,0.1195190840856506,-0.05488560030315148,0.17294430191163257,0.3150963466035489,0.03774092499998005,0.05104822307446969,0.3150963466035489,0.1519454568164457,0.07764925261563217,0.1217233221323293,0.10422876987822795,0.07576294178658602,0.10254568709276027
102,gaussian_control,random_tail_calibration,269,1.0418101498732089,1.1778156891885625,0.13600553931535364,11.547268436290954,0.13600553931535364,0.020206323055255382,0.1251741061731244,0.01083143314222923,0.16029820166412428,0.2364223244052952,0.04333521900002779,0.1012272714099771,0.2364223244052952,0.19957456334779675,0.07750742865241834,0.06991726162262003,0.15248239353958204,0.022630050189691924,0.14023870683261863
102,gaussian_control,adaptive_tail_calibration,269,1.0557953493483863,1.1778156891885625,0.12202033984017624,10.359884059978878,0.12202033984017624,0.020206323055255382,0.13712487774344417,-0.015104537903267934,0.16029820166412428,0.2364223244052952,0.13178039799998942,0.1012272714099771,0.2364223244052952,0.19957456334779675,0.07750742865241834,0.06991726162262003,0.15248239353958204,0.022630050189691924,0.14023870683261863
102,gaussian_control,nominal_half_equal,-1,1.0095150948170524,1.204594831312374,0.19507973649532162,16.194635027844793,0.19507973649532162,0.046985465179066876,0.17657174573803003,0.018507990757291592,0.13382455041603106,0.1807111622026476,0.0,0.11311363570498856,0.1807111622026476,0.1622872816738984,0.10125371432620917,0.09745863081131001,0.13874119676979102,0.07381502509484596,0.13261935341630932
103,gaussian_control,historical_CVaR,59,1.1192194148833599,1.1811811883465722,0.0619617734632123,5.245746721546331,0.0619617734632123,0.0034270456894536228,0.09186600827543323,-0.02990423481222093,0.2039177556127772,0.32308672641581654,0.005654833999983566,0.002996165578974605,0.32308672641581654,0.17126479833545216,0.17483443058517228,0.057382319541180726,0.014853523981763808,0.1693276903128649,0.08625434524877497
103,gaussian_control,equal_weight,0,1.1351872367451747,1.227053245020608,0.09186600827543323,7.486717357068753,0.09186600827543323,0.049299102363489444,0.09186600827543323,0.0,0.125,0.125,0.0,0.125,0.125,0.125,0.125,0.125,0.125,0.125,0.125
103,gaussian_control,LedoitWolf_Gaussian,249,1.1117615585743466,1.1810542574078242,0.06929269883347766,5.867020790861984,0.06929269883347766,0.003300114750705685,0.057022862625437876,0.012269836208039786,0.16914119367713767,0.21595546977737579,0.0009374950000164972,0.0023000720408107075,0.21595546977737579,0.20044677053185686,0.2151465621438028,0.07938460282292381,0.13006735519478915,0.06198742004983714,0.09471174743860368
103,gaussian_control,GMM_base,249,1.0683065758156363,1.1810542574078242,0.11274768159218795,9.546359185872321,0.11274768159218795,0.003300114750705685,0.11817883377222893,-0.005431152180040977,0.16914119367713767,0.21595546977737579,0.04583419700003333,0.0023000720408107075,0.21595546977737579,0.20044677053185686,0.2151465621438028,0.07938460282292381,0.13006735519478915,0.06198742004983714,0.09471174743860368
103,gaussian_control,GMM_pooled,249,1.1107646882219169,1.1810542574078242,0.07028956918590734,5.9514259184145155,0.07028956918590734,0.003300114750705685,0.052410671363241734,0.017878897822665607,0.16914119367713767,0.21595546977737579,0.04944394800003238,0.0023000720408107075,0.21595546977737579,0.20044677053185686,0.2151465621438028,0.07938460282292381,0.13006735519478915,0.06198742004983714,0.09471174743860368
103,gaussian_control,random_tail_calibration,135,1.1074504289373066,1.2029546306492251,0.09550420171191853,7.939135797696348,0.09550420171191853,0.025200487992106613,0.10999175669109507,-0.014487554979176531,0.1471844535797979,0.21690105067438406,0.055983137999987775,0.08639215448550475,0.21690105067438406,0.12491332699261513,0.15494543728258117,0.09693461400695154,0.041044017018094625,0.10007511441310706,0.1787942851267618
103,gaussian_control,adaptive_tail_calibration,135,1.104465635967778,1.2029546306492251,0.09848899468144712,8.18725762153585,0.09848899468144712,0.025200487992106613,0.1051681278603438,-0.006679133178896679,0.1471844535797979,0.21690105067438406,0.14093755299995792,0.08639215448550475,0.21690105067438406,0.12491332699261513,0.15494543728258117,0.09693461400695154,0.041044017018094625,0.10007511441310706,0.1787942851267618
103,gaussian_control,nominal_half_equal,-1,1.061992938942085,1.1890021701175346,0.1270092311754496,10.682001628549976,0.1270092311754496,0.011248027460416088,0.11817883377222893,0.008830397403220669,0.13603529841928444,0.1704777348886879,0.0,0.06365003602040535,0.1704777348886879,0.16272338526592844,0.1700732810719014,0.1021923014114619,0.1275336775973946,0.09349371002491857,0.10985587371930183
104,gaussian_control,historical_CVaR,62,1.107739747874198,1.1209231922078062,0.013183444333608296,1.176123790216327,0.013183444333608296,0.0,0.02655244108436894,-0.013368996750760642,0.25337687757971294,0.3666578276141218,0.0065553229999864016,0.0846381171675179,0.3666578276141218,0.2237325562236469,0.016300743859942502,0.011917685378590302,0.038270825126847534,0.24421962141690434,0.014262623212428901
104,gaussian_control,equal_weight,0,1.2521995295163608,1.2787519706007298,0.02655244108436894,2.076434030588057,0.02655244108436894,0.15782877839292353,0.02655244108436894,0.0,0.125,0.125,0.0,0.125,0.125,0.125,0.125,0.125,0.125,0.125,0.125
104,gaussian_control,LedoitWolf_Gaussian,62,1.0934958639627654,1.1209231922078062,0.027427328245040794,2.4468517054249763,0.027427328245040794,0.0,0.03922984221056747,-0.011802513965526673,0.25337687757971294,0.3666578276141218,0.0008225739999829784,0.0846381171675179,0.3666578276141218,0.2237325562236469,0.016300743859942502,0.011917685378590302,0.038270825126847534,0.24421962141690434,0.014262623212428901
104,gaussian_control,GMM_base,62,1.0802241087342517,1.1209231922078062,0.040699083473554554,3.63085390296835,0.040699083473554554,0.0,0.015997175611424996,0.024701907862129557,0.25337687757971294,0.3666578276141218,0.054364419999956226,0.0846381171675179,0.3666578276141218,0.2237325562236469,0.016300743859942502,0.011917685378590302,0.038270825126847534,0.24421962141690434,0.014262623212428901
104,gaussian_control,GMM_pooled,62,1.1010218415646131,1.1209231922078062,0.019901350643193094,1.7754428476044604,0.019901350643193094,0.0,0.06301563106922492,-0.043114280426031826,0.25337687757971294,0.3666578276141218,0.05301359999998567,0.0846381171675179,0.3666578276141218,0.2237325562236469,0.016300743859942502,0.011917685378590302,0.038270825126847534,0.24421962141690434,0.014262623212428901
104,gaussian_control,random_tail_calibration,62,1.077733678939077,1.1209231922078062,0.04318951326872922,3.8530305706015207,0.04318951326872922,0.0,0.03708597268525726,0.006103540583471956,0.25337687757971294,0.3666578276141218,0.0429311670000061,0.0846381171675179,0.3666578276141218,0.2237325562236469,0.016300743859942502,0.011917685378590302,0.038270825126847534,0.24421962141690434,0.014262623212428901
104,gaussian_control,adaptive_tail_calibration,62,1.081067186358655,1.1209231922078062,0.03985600584915128,3.555641111381558,0.03985600584915128,0.0,0.03441086240298863,0.005445143446162648,0.25337687757971294,0.3666578276141218,0.13604164899999205,0.0846381171675179,0.3666578276141218,0.2237325562236469,0.016300743859942502,0.011917685378590302,0.038270825126847534,0.24421962141690434,0.014262623212428901
104,gaussian_control,nominal_half_equal,-1,1.1353142174936723,1.1587109632156598,0.023396745721987466,2.019204656272235,0.023396745721987466,0.03778777100785358,0.015997175611424996,0.00739957011056247,0.15709421939492826,0.2458289138070609,0.0,0.10481905858375895,0.2458289138070609,0.17436627811182345,0.07065037192997126,0.06845884268929515,0.08163541256342377,0.18460981070845217,0.06963131160621445
100,asymmetric_crash_mixture,historical_CVaR,7,2.32420124029772,2.6815617479340124,0.35736050763629246,13.326581344308702,0.35736050763629246,0.0,0.22106176577523184,0.1362987418610606,0.5,0.5,0.005942150999999285,0.5,0.0,0.0,0.0,0.0,0.0,0.0,0.5
100,asymmetric_crash_mixture,equal_weight,0,2.6120904973733303,2.833152263148562,0.22106176577523184,7.802678615287682,0.22106176577523184,0.1515905152145498,0.22106176577523184,0.0,0.125,0.125,0.0,0.125,0.125,0.125,0.125,0.125,0.125,0.125,0.125
100,asymmetric_crash_mixture,LedoitWolf_Gaussian,195,1.5824617133575964,2.7139640151624187,1.1315023018048223,41.69186825924466,1.1315023018048223,0.032402267228406334,1.132474100890782,-0.0009717990859596792,0.26410258149640603,0.36191073979078686,0.0007723090000126831,0.36191073979078686,0.002619434604981987,0.283300594201403,0.005838638792942564,0.07427225359904552,0.032041152106625025,0.026531612282110675,0.21348557462210427
100,asymmetric_crash_mixture,GMM_base,7,2.821276839854373,2.6815617479340124,-0.13971509192036047,-5.2102134895085985,0.13971509192036047,0.0,-0.26922967681192933,0.12951458489156886,0.5,0.5,0.03781592699999692,0.5,0.0,0.0,0.0,0.0,0.0,0.0,0.5
100,asymmetric_crash_mixture,GMM_pooled,7,2.176783838060644,2.6815617479340124,0.5047779098733685,18.82402709026822,0.5047779098733685,0.0,0.428176564436483,0.07660134543688546,0.5,0.5,0.04515757100000428,0.5,0.0,0.0,0.0,0.0,0.0,0.0,0.5
100,asymmetric_crash_mixture,random_tail_calibration,7,2.5399458461087807,2.6815617479340124,0.14161590182523165,5.281097924906576,0.14161590182523165,0.0,0.030056672098469406,0.11155922972676224,0.5,0.5,0.0711897339999723,0.5,0.0,0.0,0.0,0.0,0.0,0.0,0.5
100,asymmetric_crash_mixture,adaptive_tail_calibration,7,2.5101938709852223,2.6815617479340124,0.17136787694879008,6.390599697389742,0.17136787694879008,0.0,0.02744181419516334,0.14392606275362674,0.5,0.5,0.17352225799999133,0.5,0.0,0.0,0.0,0.0,0.0,0.0,0.5
100,asymmetric_crash_mixture,nominal_half_equal,-1,2.9437004385994756,2.7361967894972694,-0.2075036491022062,-7.583652239440407,0.2075036491022062,0.05463504156325705,-0.26922967681192933,0.06172602770972313,0.21875,0.3125,0.0,0.3125,0.0625,0.0625,0.0625,0.0625,0.0625,0.0625,0.3125
101,asymmetric_crash_mixture,historical_CVaR,106,3.2429285525414446,2.9759841319910554,-0.26694442055038925,-8.96995443224331,0.26694442055038925,0.025022862319145744,-0.36359946736519566,0.09665504681480641,0.2445772561551367,0.4227619039925476,0.005516507999971054,0.13283528767004185,0.4227619039925476,0.03500213416819035,0.08819118427695598,0.02403258171978501,0.026311570522418448,0.11045566580990858,0.16040967184015226
101,asymmetric_crash_mixture,equal_weight,0,3.3288050552800175,2.965205587914822,-0.36359946736519566,-12.262200936323083,0.36359946736519566,0.014244318242912168,-0.36359946736519566,0.0,0.125,0.125,0.0,0.125,0.125,0.125,0.125,0.125,0.125,0.125,0.125
101,asymmetric_crash_mixture,LedoitWolf_Gaussian,219,2.069878128588617,2.9786175872909917,0.9087394587023745,30.508765629389153,0.9087394587023745,0.02765631761908205,0.8647287890472275,0.044010669655146994,0.16945103776363554,0.3001380497734335,0.0007991190000211645,0.10554391758497193,0.3001380497734335,0.0796519468510268,0.09815134302562081,0.15689602203595152,0.13928785750165776,0.0824513489958884,0.03787951423144918
101,asymmetric_crash_mixture,GMM_base,233,3.32976726606286,2.9943918370786924,-0.3353754289841677,-11.200118328914417,0.3353754289841677,0.04343056740678275,-0.5050211586914646,0.16964572970729686,0.22598812299977905,0.33071840605759734,0.0532600509999952,0.14388472482462367,0.33071840605759734,0.22213489591139116,0.006980920580648388,0.04400043395775605,0.03275811150925855,0.011237647295955364,0.20828485986276943
101,asymmetric_crash_mixture,GMM_pooled,178,3.3328765368388193,2.996444418381975,-0.3364321184568442,-11.227710962798747,0.3364321184568442,0.045483148710065535,-0.47442935703884137,0.1379972385819972,0.2337241121284061,0.40903819924257256,0.03896149100000912,0.13477649970111735,0.40903819924257256,0.004755558756061449,0.11061865531875123,0.11202094498805838,0.06802777760335663,0.02611647437453805,0.1346458900155442
101,asymmetric_crash_mixture,random_tail_calibration,233,3.229647030932483,2.9943918370786924,-0.2352551938537908,-7.856526689015559,0.2352551938537908,0.04343056740678275,-0.37853258464807293,0.14327739079428214,0.22598812299977905,0.33071840605759734,0.07667709900005093,0.14388472482462367,0.33071840605759734,0.22213489591139116,0.006980920580648388,0.04400043395775605,0.03275811150925855,0.011237647295955364,0.20828485986276943
101,asymmetric_crash_mixture,adaptive_tail_calibration,11,3.221459569641701,3.0976993903484833,-0.12376017929321792,-3.995228835916684,0.12376017929321792,0.14673812067657366,-0.36433335413086354,0.24057317483764562,0.5,0.5,0.17261333400000467,0.0,0.5,0.0,0.0,0.0,0.5,0.0,0.0
101,asymmetric_crash_mixture,nominal_half_equal,-1,3.395187406833278,2.9650196398786717,-0.43016776695460646,-14.508091655413416,0.43016776695460646,0.014058370206762039,-0.5050211586914646,0.07485339173685812,0.15024703074994478,0.22785920302879867,0.0,0.13444236241231183,0.22785920302879867,0.17356744795569556,0.0659904602903242,0.08450021697887802,0.07887905575462928,0.06811882364797768,0.16664242993138473
102,asymmetric_crash_mixture,historical_CVaR,13,2.7030942911388074,2.72500875419164,0.021914463052832733,0.8041978954791852,0.021914463052832733,0.0,-0.05935010211506331,0.08126456516789604,0.5,0.5,0.0064955349999991085,0.0,0.5,0.0,0.0,0.0,0.0,0.0,0.5
102,asymmetric_crash_mixture,equal_weight,0,2.9586976477538682,2.899347545638805,-0.05935010211506331,-2.04701579168519,0.05935010211506331,0.1743387914471648,-0.05935010211506331,0.0,0.125,0.125,0.0,0.125,0.125,0.125,0.125,0.125,0.125,0.125,0.125
102,asymmetric_crash_mixture,LedoitWolf_Gaussian,61,1.755274876776046,2.8071095410084608,1.0518346642324148,37.47038185957434,1.0518346642324148,0.08210078681682065,1.0546032819489268,-0.002768617716512045,0.22906406542289637,0.3675948371139973,0.0008997490000410835,0.11350756098248796,0.3675948371139973,0.004652510539112953,0.004194110247476653,0.16036149907375338,0.15485271028229333,0.018872086627391052,0.1759646851334873
102,asymmetric_crash_mixture,GMM_base,269,2.35053618781263,2.862142188480018,0.5116060006673879,17.87493307378568,0.5116060006673879,0.13713343428837765,0.3003177822334093,0.2112882184339786,0.16029820166412428,0.2364223244052952,0.0666433200000256,0.1012272714099771,0.2364223244052952,0.19957456334779675,0.07750742865241834,0.06991726162262003,0.15248239353958204,0.022630050189691924,0.14023870683261863
102,asymmetric_crash_mixture,GMM_pooled,27,2.6544046578691907,2.979832329105597,0.32542767123640637,10.921006127015348,0.32542767123640637,0.2548235749139569,0.010387009103591804,0.31504066213281456,0.5,0.5,0.04586388199999192,0.0,0.0,0.0,0.0,0.0,0.5,0.0,0.5
102,asymmetric_crash_mixture,random_tail_calibration,112,2.6282632022224535,2.867427688215865,0.23916448599341145,8.34073294947575,0.23916448599341145,0.14241893402422479,0.10446679271424664,0.1346976932791648,0.2468574344935528,0.3302998466668516,0.08436401599999499,0.019818270450607616,0.03348881078805269,0.3302998466668516,0.10972796607705121,0.049610501723254874,0.13360588330683534,0.0011259740373622765,0.3223227469499843
102,asymmetric_crash_mixture,adaptive_tail_calibration,112,2.6176583483832405,2.867427688215865,0.2497693398326244,8.71057152928703,0.2497693398326244,0.14241893402422479,0.11646495412073365,0.13330438571189074,0.2468574344935528,0.3302998466668516,0.16273224299999356,0.019818270450607616,0.03348881078805269,0.3302998466668516,0.10972796607705121,0.049610501723254874,0.13360588330683534,0.0011259740373622765,0.3223227469499843
102,asymmetric_crash_mixture,nominal_half_equal,-1,2.457753639644225,2.869997685942028,0.4122440462978032,14.36391563369819,0.4122440462978032,0.14498893175038807,0.3003177822334093,0.11192626406439388,0.13382455041603106,0.1807111622026476,0.0,0.11311363570498856,0.1807111622026476,0.1622872816738984,0.10125371432620917,0.09745863081131001,0.13874119676979102,0.07381502509484596,0.13261935341630932
103,asymmetric_crash_mixture,historical_CVaR,8,2.7637257964676056,2.772726093209374,0.009000296741768388,0.3246010041817988,0.009000296741768388,0.0,-0.17517177582920151,0.1841720725709699,0.5,0.5,0.00621646900003725,0.0,0.5,0.5,0.0,0.0,0.0,0.0,0.0
103,asymmetric_crash_mixture,equal_weight,0,3.0533411685569796,2.878169392727778,-0.17517177582920151,-6.086221897564649,0.17517177582920151,0.10544329951840403,-0.17517177582920151,0.0,0.125,0.125,0.0,0.125,0.125,0.125,0.125,0.125,0.125,0.125,0.125
103,asymmetric_crash_mixture,LedoitWolf_Gaussian,59,1.8374608013496052,2.8054372398460568,0.9679764384964515,34.50358556406585,0.9679764384964515,0.03271114663668273,0.9762206239707913,-0.008244185474339805,0.2039177556127772,0.32308672641581654,0.0008549720000132766,0.002996165578974605,0.32308672641581654,0.17126479833545216,0.17483443058517228,0.057382319541180726,0.014853523981763808,0.1693276903128649,0.08625434524877497
103,asymmetric_crash_mixture,GMM_base,8,2.4893379256911716,2.772726093209374,0.2833881675182024,10.220561209137912,0.2833881675182024,0.0,0.035267078904121174,0.24812108861408122,0.5,0.5,0.04166578600001003,0.0,0.5,0.5,0.0,0.0,0.0,0.0,0.0
103,asymmetric_crash_mixture,GMM_pooled,8,2.8253703695308294,2.772726093209374,-0.05264427632145541,-1.8986468389497764,0.05264427632145541,0.0,-0.21490215078629937,0.16225787446484397,0.5,0.5,0.04464411700001847,0.0,0.5,0.5,0.0,0.0,0.0,0.0,0.0
103,asymmetric_crash_mixture,random_tail_calibration,8,2.6419518772989097,2.772726093209374,0.13077421591046434,4.716449137574056,0.13077421591046434,0.0,-0.10180376669584623,0.23257798260631057,0.5,0.5,0.08268926499999907,0.0,0.5,0.5,0.0,0.0,0.0,0.0,0.0
103,asymmetric_crash_mixture,adaptive_tail_calibration,8,2.7060152088949576,2.772726093209374,0.06671088431441641,2.4059673430345914,0.06671088431441641,0.0,-0.0687572499765956,0.135468134291012,0.5,0.5,0.16499937599996883,0.0,0.5,0.5,0.0,0.0,0.0,0.0,0.0
103,asymmetric_crash_mixture,nominal_half_equal,-1,2.643828976187154,2.8006784265958715,0.15684945040871767,5.60040913370275,0.15684945040871767,0.027952333386497497,0.035267078904121174,0.1215823715045965,0.21875,0.3125,0.0,0.0625,0.3125,0.3125,0.0625,0.0625,0.0625,0.0625,0.0625
104,asymmetric_crash_mixture,historical_CVaR,121,2.4627765508667245,2.9607226251473624,0.49794607428063786,16.818396632337482,0.49794607428063786,0.14212698954668568,0.3579334292579519,0.14001264502268596,0.2121339500302621,0.31714276572029637,0.005860969999957888,0.03653045055553298,0.21651146374037755,0.13922311368692233,0.20029631594983288,0.018284637831920456,0.05738202258566733,0.014629229929449969,0.31714276572029637
104,asymmetric_crash_mixture,equal_weight,0,2.5589219762501787,2.9168554055081306,0.3579334292579519,12.271209213251971,0.3579334292579519,0.09825976990745389,0.3579334292579519,0.0,0.125,0.125,0.0,0.125,0.125,0.125,0.125,0.125,0.125,0.125,0.125
104,asymmetric_crash_mixture,LedoitWolf_Gaussian,146,1.6536124022288026,2.8483649525601513,1.1947525503313488,41.94520611754782,1.1947525503313488,0.0297693169594746,1.1935368853317558,0.0012156649995929136,0.1999762409317769,0.35497335664099494,0.0008156339999914053,0.13983555649253257,0.35497335664099494,0.0958261253877937,0.07958644891159113,0.03174344186552481,0.053509007238533995,0.1729195573552932,0.07160650610773571
104,asymmetric_crash_mixture,GMM_base,13,2.684677991046474,2.895544475452867,0.210866484406393,7.2824467451294534,0.210866484406393,0.07694883985219025,-0.07550443505031268,0.2863709194567057,0.5,0.5,0.043181961000016145,0.0,0.5,0.0,0.0,0.0,0.0,0.0,0.5
104,asymmetric_crash_mixture,GMM_pooled,274,2.436907062732561,2.9415090021174253,0.5046019393848642,17.154526435976564,0.5046019393848642,0.12291336651674856,0.37738776310463296,0.12721417628023124,0.198807164301863,0.2390001058418328,0.04962617000001046,0.018397283780257612,0.1984213251885303,0.21283410137831144,0.08572753768781168,0.021916700198489247,0.2390001058418328,0.0027019878821427697,0.22100095804262404
104,asymmetric_crash_mixture,random_tail_calibration,13,2.482978243764686,2.895544475452867,0.4125662316881811,14.248312715820232,0.4125662316881811,0.07694883985219025,0.2159706432119548,0.19659558847622627,0.5,0.5,0.08429955100001507,0.0,0.5,0.0,0.0,0.0,0.0,0.0,0.5
104,asymmetric_crash_mixture,adaptive_tail_calibration,13,2.498748657039226,2.895544475452867,0.39679581841364087,13.703668576929092,0.39679581841364087,0.07694883985219025,0.22708444943554573,0.16971136897809513,0.5,0.5,0.1636612749999813,0.0,0.5,0.0,0.0,0.0,0.0,0.0,0.5
104,asymmetric_crash_mixture,nominal_half_equal,-1,2.8123961858956106,2.8736978348711952,0.061301648975584655,2.1331974514409,0.061301648975584655,0.055102199270518515,-0.07550443505031268,0.13680608402589733,0.21875,0.3125,0.0,0.0625,0.3125,0.0625,0.0625,0.0625,0.0625,0.0625,0.3125
