family,seed,n_candidates,predicted_ES,true_ES,underestimate
gaussian_control,100,1,1.24948246179797,1.1711271625912798,-0.07835529920669027
gaussian_control,100,16,1.1199464391180736,1.1357050965187085,0.01575865740063498
gaussian_control,100,64,1.0848319591053075,1.1327570321626474,0.04792507305733995
gaussian_control,100,285,1.063702801737963,1.126818334023355,0.06311553228539202
gaussian_control,101,1,1.2218078856360044,1.33489780205719,0.1130899164211856
gaussian_control,101,16,1.2165443956573332,1.3641991067161292,0.14765471105879602
gaussian_control,101,64,1.2030597052113525,1.320259315861677,0.11719961065032458
gaussian_control,101,285,1.2030597052113525,1.320259315861677,0.11719961065032458
gaussian_control,102,1,1.0788621086277492,1.2554338543657793,0.17657174573803003
gaussian_control,102,16,0.9718983632797695,1.1778156891885625,0.20591732590879297
gaussian_control,102,64,0.9718983632797695,1.1778156891885625,0.20591732590879297
gaussian_control,102,285,0.9718983632797695,1.1778156891885625,0.20591732590879297
gaussian_control,103,1,1.108874411248379,1.227053245020608,0.11817883377222893
gaussian_control,103,16,1.108874411248379,1.227053245020608,0.11817883377222893
gaussian_control,103,64,1.108874411248379,1.227053245020608,0.11817883377222893
gaussian_control,103,285,1.0683065758156363,1.1810542574078242,0.11274768159218795
gaussian_control,104,1,1.2627547949893048,1.2787519706007298,0.015997175611424996
gaussian_control,104,16,1.0802241087342517,1.1209231922078062,0.040699083473554554
gaussian_control,104,64,1.0802241087342517,1.1209231922078062,0.040699083473554554
gaussian_control,104,285,1.0802241087342517,1.1209231922078062,0.040699083473554554
gaussian_control,105,1,1.2305558414157154,1.1602113148275788,-0.07034452658813661
gaussian_control,105,16,1.1355949484307721,1.1038249116433256,-0.0317700367874465
gaussian_control,105,64,1.1355949484307721,1.1038249116433256,-0.0317700367874465
gaussian_control,105,285,1.1000918868598915,1.133383977006258,0.03329209014636647
gaussian_control,106,1,1.3706936840299884,1.2784007021444588,-0.09229298188552959
gaussian_control,106,16,1.321478994578437,1.3045941687252949,-0.016884825853142216
gaussian_control,106,64,1.244373122224062,1.190132511037987,-0.05424061118607493
gaussian_control,106,285,1.1512542705798645,1.151063537120095,-0.00019073345976949874
gaussian_control,107,1,1.238595581378887,1.233776431145764,-0.00481915023312296
gaussian_control,107,16,1.1006099745892557,1.1064099036551343,0.005799929065878562
gaussian_control,107,64,1.094276842523397,1.1124445818134838,0.01816773929008675
gaussian_control,107,285,1.048729779321624,1.0455958330275488,-0.0031339462940751517
gaussian_control,108,1,1.2187568841651357,1.2359103242947562,0.0171534401296205
gaussian_control,108,16,1.10341967134879,1.185533164617914,0.08211349326912387
gaussian_control,108,64,1.0233409805147238,1.1229081600221953,0.09956717950747151
gaussian_control,108,285,0.9874182674485646,1.1125077143179856,0.12508944686942092
gaussian_control,109,1,1.3953594653089372,1.2366661073466636,-0.15869335796227357
gaussian_control,109,16,1.3622775512586973,1.2460068762720329,-0.11627067498666444
gaussian_control,109,64,1.3187706963786128,1.1997603900157428,-0.11901030636287002
gaussian_control,109,285,1.309915928583047,1.1895748645810555,-0.12034106400199152
gaussian_control,110,1,1.221373050291961,1.1123341020483761,-0.10903894824358495
gaussian_control,110,16,1.1118443948545171,1.0281607419551333,-0.08368365289938384
gaussian_control,110,64,1.1118443948545171,1.0281607419551333,-0.08368365289938384
gaussian_control,110,285,1.08212345873313,1.0131411848276186,-0.06898227390551148
gaussian_control,111,1,1.1748719772181242,1.2541742332996078,0.07930225608148356
gaussian_control,111,16,1.1207455526929904,1.307828251546511,0.18708269885352058
gaussian_control,111,64,1.0127593881729318,1.259586772864894,0.2468273846919622
gaussian_control,111,285,1.0127593881729318,1.259586772864894,0.2468273846919622
gaussian_control,112,1,1.2390353600119726,1.4184438920246074,0.17940853201263485
gaussian_control,112,16,1.2109273965249199,1.465730867009856,0.25480347048493623
gaussian_control,112,64,1.2109273965249199,1.465730867009856,0.25480347048493623
gaussian_control,112,285,1.143878159029255,1.4374754588590513,0.2935972998297962
gaussian_control,113,1,1.1434740921415973,1.1636762162197227,0.020202124078125383
gaussian_control,113,16,1.1384093774893917,1.1426284565724174,0.004219079083025656
gaussian_control,113,64,1.0993950626457796,1.105183686237409,0.005788623591629349
gaussian_control,113,285,1.088288788018785,1.1354506990732989,0.04716191105451384
gaussian_control,114,1,1.1941280351590455,1.0721992175464903,-0.12192881761255525
gaussian_control,114,16,1.105725250092046,1.0271816459582608,-0.07854360413378525
gaussian_control,114,64,1.0752685093899694,1.0449653366740752,-0.030303172715894222
gaussian_control,114,285,1.068980824012375,1.022739840829064,-0.046240983183311046
gaussian_control,115,1,1.231437828042647,1.2025549605492223,-0.028882867493424724
gaussian_control,115,16,1.1716101232743452,1.16350234974227,-0.008107773532075147
gaussian_control,115,64,1.1431690147317606,1.109979809800692,-0.03318920493106847
gaussian_control,115,285,1.103811171330962,1.1338083682653988,0.02999719693443681
gaussian_control,116,1,1.0298590176143736,1.1133346488392595,0.08347563122488588
gaussian_control,116,16,1.0298590176143736,1.1133346488392595,0.08347563122488588
gaussian_control,116,64,0.9999338660535815,1.061701253061052,0.06176738700747042
gaussian_control,116,285,0.9826383013565817,1.0607912045633752,0.07815290320679347
gaussian_control,117,1,1.1377785454955371,1.2648308218091417,0.1270522763136046
gaussian_control,117,16,1.1377785454955371,1.2648308218091417,0.1270522763136046
gaussian_control,117,64,1.0563355607945402,1.1722755718996078,0.11594001110506769
gaussian_control,117,285,1.0210481270361143,1.1655109483218729,0.1444628212857586
gaussian_control,118,1,0.9971106526890183,1.0984005001934363,0.10128984750441794
gaussian_control,118,16,0.9879395085485023,1.0619505662124564,0.0740110576639541
gaussian_control,118,64,0.9879395085485023,1.0619505662124564,0.0740110576639541
gaussian_control,118,285,0.9618686865208992,1.0172011472964997,0.0553324607756005
gaussian_control,119,1,1.303810601401987,1.2704814018470754,-0.03332919955491165
gaussian_control,119,16,1.2477942844064145,1.3717202149012053,0.12392593049479084
gaussian_control,119,64,1.1628811743514265,1.2088541833361983,0.04597300898477186
gaussian_control,119,285,1.1489174761416958,1.2104209078092372,0.06150343166754135
gaussian_control,120,1,1.1706851403204694,1.3028875467549805,0.1322024064345111
gaussian_control,120,16,1.1417674832241307,1.2198174778730122,0.07804999464888152
gaussian_control,120,64,1.1378326150379252,1.2547008118588934,0.11686819682096816
gaussian_control,120,285,1.1273574894818386,1.2224288536102494,0.09507136412841088
gaussian_control,121,1,1.2518439145759612,1.1887644308173986,-0.06307948375856265
gaussian_control,121,16,1.2298509548478407,1.2607243239712398,0.030873369123399108
gaussian_control,121,64,1.1288736825567378,1.121699976014886,-0.007173706541851788
gaussian_control,121,285,1.1288736825567378,1.121699976014886,-0.007173706541851788
gaussian_control,122,1,1.1501791946793771,1.183301982661195,0.03312278798181789
gaussian_control,122,16,1.1459218515866976,1.2466754109456804,0.10075355935898278
gaussian_control,122,64,1.0854924173731064,1.0988772927058887,0.01338487533278232
gaussian_control,122,285,1.0679352898810004,1.0641163082904268,-0.003818981590573589
gaussian_control,123,1,1.361664637932969,1.3563283494720113,-0.005336288460957794
gaussian_control,123,16,1.2550693794560341,1.287041483378124,0.031972103922089934
gaussian_control,123,64,1.2550693794560341,1.287041483378124,0.031972103922089934
gaussian_control,123,285,1.2069688010151758,1.3551419393106374,0.14817313829546164
gaussian_control,124,1,1.1888716552687222,1.166272117603619,-0.022599537665103142
gaussian_control,124,16,1.1473042322900324,1.1366696266770464,-0.010634605612986014
gaussian_control,124,64,1.0306861768248756,1.0799129552594688,0.04922677843459322
gaussian_control,124,285,1.0306861768248756,1.0799129552594688,0.04922677843459322
gaussian_control,125,1,1.0125931190973274,1.1043575977433913,0.09176447864606385
gaussian_control,125,16,0.9952571262550438,1.0941981622943728,0.09894103603932902
gaussian_control,125,64,0.9197509687780826,1.0621855970272212,0.14243462824913855
gaussian_control,125,285,0.9055882509106934,1.0342764797193558,0.12868822880866237
gaussian_control,126,1,1.3782526811835945,1.310300978626234,-0.06795170255736038
gaussian_control,126,16,1.3755520034712356,1.245801575436514,-0.1297504280347217
gaussian_control,126,64,1.3107893074498411,1.2041296613470929,-0.10665964610274825
gaussian_control,126,285,1.3107893074498411,1.2041296613470929,-0.10665964610274825
gaussian_control,127,1,0.8785636829005223,1.0437600294314922,0.16519634653096982
gaussian_control,127,16,0.8785636829005223,1.0437600294314922,0.16519634653096982
gaussian_control,127,64,0.8397242484939982,0.9826620681980395,0.1429378197040413
gaussian_control,127,285,0.8342948395749094,0.9612528156834282,0.1269579761085189
gaussian_control,128,1,1.0870447664633553,1.1486964502650174,0.06165168380166208
gaussian_control,128,16,1.0841230280222531,1.1203342215587329,0.036211193536479724
gaussian_control,128,64,1.0623712720336667,1.1691924822236262,0.10682121018995949
gaussian_control,128,285,1.0623712720336667,1.1691924822236262,0.10682121018995949
gaussian_control,129,1,1.1210014128821753,1.0678199815973495,-0.053181431284825775
gaussian_control,129,16,1.0551279352728946,1.098114817380878,0.04298688210798329
gaussian_control,129,64,1.0551279352728946,1.098114817380878,0.04298688210798329
gaussian_control,129,285,1.019918007001413,1.0426634609161762,0.022745453914763125
asymmetric_crash_mixture,100,1,3.1023819399604915,2.833152263148562,-0.26922967681192933
asymmetric_crash_mixture,100,16,3.0624572060381205,2.860383562113912,-0.20207364392420857
asymmetric_crash_mixture,100,64,2.913689560582748,2.8817571641080892,-0.03193239647465873
asymmetric_crash_mixture,100,285,2.821276839854373,2.6815617479340124,-0.13971509192036047
asymmetric_crash_mixture,101,1,3.4702267466062864,2.965205587914822,-0.5050211586914646
asymmetric_crash_mixture,101,16,3.393634516720072,3.072585344337309,-0.3210491723827631
asymmetric_crash_mixture,101,64,3.3756116656946915,3.064205405197145,-0.3114062604975465
asymmetric_crash_mixture,101,285,3.32976726606286,2.9943918370786924,-0.3353754289841677
asymmetric_crash_mixture,102,1,2.5990297634053956,2.899347545638805,0.3003177822334093
asymmetric_crash_mixture,102,16,2.35053618781263,2.862142188480018,0.5116060006673879
asymmetric_crash_mixture,102,64,2.35053618781263,2.862142188480018,0.5116060006673879
asymmetric_crash_mixture,102,285,2.35053618781263,2.862142188480018,0.5116060006673879
asymmetric_crash_mixture,103,1,2.842902313823657,2.878169392727778,0.035267078904121174
asymmetric_crash_mixture,103,16,2.7511901117094806,2.903785692880133,0.1525955811706523
asymmetric_crash_mixture,103,64,2.6880149119445473,2.8587841124099804,0.1707692004654331
asymmetric_crash_mixture,103,285,2.4893379256911716,2.772726093209374,0.2833881675182024
asymmetric_crash_mixture,104,1,2.9923598405584433,2.9168554055081306,-0.07550443505031268
asymmetric_crash_mixture,104,16,2.8587244463954278,2.9117439491589123,0.05301950276348455
asymmetric_crash_mixture,104,64,2.7533509615380463,2.9607226251473624,0.20737166360931614
asymmetric_crash_mixture,104,285,2.684677991046474,2.895544475452867,0.210866484406393
asymmetric_crash_mixture,105,1,3.264723867586743,2.8251016936065456,-0.4396221739801973
asymmetric_crash_mixture,105,16,2.9976726271139356,2.8179504283029515,-0.17972219881098406
asymmetric_crash_mixture,105,64,2.886515384974909,2.9661159640069292,0.07960057903202022
asymmetric_crash_mixture,105,285,2.862978701737104,3.0982208558588256,0.23524215412172156
asymmetric_crash_mixture,106,1,2.8489297598933727,2.9168291876648387,0.06789942777146596
asymmetric_crash_mixture,106,16,2.534473157891709,3.002343259530558,0.46787010163884934
asymmetric_crash_mixture,106,64,2.4039548593775946,2.927564086505768,0.5236092271281736
asymmetric_crash_mixture,106,285,2.357154755221495,3.166911597017723,0.809756841796228
asymmetric_crash_mixture,107,1,3.2587808310967405,2.8788389647380015,-0.37994186635873906
asymmetric_crash_mixture,107,16,3.1641923133910534,2.8954975398547456,-0.2686947735363079
asymmetric_crash_mixture,107,64,3.127630789504509,2.7692688924740207,-0.35836189703048804
asymmetric_crash_mixture,107,285,2.91505868726631,2.6221669156806815,-0.2928917715856283
asymmetric_crash_mixture,108,1,3.2935586907620733,2.882518143636103,-0.41104054712597016
asymmetric_crash_mixture,108,16,3.1251703697949162,2.893263842012198,-0.23190652778271836
asymmetric_crash_mixture,108,64,3.1205063764326098,2.992471118521204,-0.1280352579114057
asymmetric_crash_mixture,108,285,3.0653617513427704,2.783083104572727,-0.28227864677004355
asymmetric_crash_mixture,109,1,2.7189344185500044,2.8853538581706637,0.1664194396206593
asymmetric_crash_mixture,109,16,2.656525099207196,2.9365921238343295,0.2800670246271335
asymmetric_crash_mixture,109,64,2.645253772536229,2.847172311449588,0.20191853891335887
asymmetric_crash_mixture,109,285,2.6418226116456323,2.8858777200655212,0.24405510841988898
asymmetric_crash_mixture,110,1,2.477222072310487,2.7869919828753233,0.30976991056483616
asymmetric_crash_mixture,110,16,2.0995580335006387,2.9440229806524623,0.8444649471518235
asymmetric_crash_mixture,110,64,2.0995580335006387,2.9440229806524623,0.8444649471518235
asymmetric_crash_mixture,110,285,2.0995580335006387,2.9440229806524623,0.8444649471518235
asymmetric_crash_mixture,111,1,2.4375530558447727,2.8982233585812285,0.4606703027364558
asymmetric_crash_mixture,111,16,2.299564487847997,3.328227576643035,1.0286630887950383
asymmetric_crash_mixture,111,64,2.2234148320762506,3.0014060878223905,0.7779912557461399
asymmetric_crash_mixture,111,285,2.2234148320762506,3.0014060878223905,0.7779912557461399
asymmetric_crash_mixture,112,1,2.931645847974187,3.035742244078394,0.10409639610420696
asymmetric_crash_mixture,112,16,2.743560320066316,3.050034555310393,0.3064742352440768
asymmetric_crash_mixture,112,64,2.623739032733554,3.207504855181777,0.583765822448223
asymmetric_crash_mixture,112,285,2.6039323227158624,3.1142811270754227,0.5103488043595603
asymmetric_crash_mixture,113,1,3.8937831906321314,2.828385420596636,-1.0653977700354953
asymmetric_crash_mixture,113,16,3.679907938607788,2.797016461922824,-0.8828914766849638
asymmetric_crash_mixture,113,64,3.622887822660401,2.7785861433709975,-0.8443016792894036
asymmetric_crash_mixture,113,285,3.5264763812601223,2.8125731286872204,-0.7139032525729019
asymmetric_crash_mixture,114,1,2.8291841057104836,2.7598891572925908,-0.06929494841789285
asymmetric_crash_mixture,114,16,2.692326950177888,2.9092156459302423,0.21688869575235437
asymmetric_crash_mixture,114,64,2.681724683195596,2.7284732915451935,0.046748608349597376
asymmetric_crash_mixture,114,285,2.5495697961222348,2.7387085418364148,0.18913874571418
asymmetric_crash_mixture,115,1,2.5938875317926473,2.856399004387277,0.2625114725946296
asymmetric_crash_mixture,115,16,2.456199355157699,2.8124204696926887,0.3562211145349896
asymmetric_crash_mixture,115,64,2.4255858188959207,2.862614255710407,0.4370284368144861
asymmetric_crash_mixture,115,285,2.4193037595998925,2.7769013169144494,0.3575975573145569
asymmetric_crash_mixture,116,1,2.4972115369606707,2.7910326280634172,0.29382109110274657
asymmetric_crash_mixture,116,16,2.369272153802486,2.8048353182314725,0.43556316442898657
asymmetric_crash_mixture,116,64,2.369272153802486,2.8048353182314725,0.43556316442898657
asymmetric_crash_mixture,116,285,2.3602317422286,2.9050553953461744,0.5448236531175743
asymmetric_crash_mixture,117,1,2.880391268631784,2.9049142188853003,0.024522950253516473
asymmetric_crash_mixture,117,16,2.582227966072612,2.9015890759913323,0.31936110991872013
asymmetric_crash_mixture,117,64,2.582227966072612,2.9015890759913323,0.31936110991872013
asymmetric_crash_mixture,117,285,2.4940461483834517,2.825576155026098,0.3315300066426463
asymmetric_crash_mixture,118,1,2.752509215312032,2.778369691489166,0.02586047617713394
asymmetric_crash_mixture,118,16,2.587433413595045,2.9770135370141833,0.38958012341913806
asymmetric_crash_mixture,118,64,2.565259950693086,2.765321663057376,0.2000617123642896
asymmetric_crash_mixture,118,285,2.5430120868081185,2.9141901978418727,0.3711781110337542
asymmetric_crash_mixture,119,1,3.211337258616603,2.9114181126650402,-0.2999191459515629
asymmetric_crash_mixture,119,16,3.1334882243476394,2.934746629100524,-0.1987415952471152
asymmetric_crash_mixture,119,64,2.9122825780945645,2.8815869244384182,-0.030695653656146238
asymmetric_crash_mixture,119,285,2.82130605697036,2.9002480937976274,0.07894203682726753
asymmetric_crash_mixture,120,1,1.9523800457168523,2.9382934348742102,0.9859133891573579
asymmetric_crash_mixture,120,16,1.8779380855632766,2.862052451301301,0.9841143657380245
asymmetric_crash_mixture,120,64,1.8385469093869768,2.8755754697734517,1.0370285603864748
asymmetric_crash_mixture,120,285,1.8098303996964826,2.9007083166291214,1.0908779169326388
asymmetric_crash_mixture,121,1,2.561736740687928,2.847467302570765,0.28573056188283674
asymmetric_crash_mixture,121,16,2.394658199775143,2.872225292142718,0.477567092367575
asymmetric_crash_mixture,121,64,2.343081271402351,2.8441807133150383,0.5010994419126873
asymmetric_crash_mixture,121,285,2.343081271402351,2.8441807133150383,0.5010994419126873
asymmetric_crash_mixture,122,1,2.0893371928106355,2.842052919062697,0.7527157262520614
asymmetric_crash_mixture,122,16,2.0362729721398622,2.815051735176383,0.7787787630365206
asymmetric_crash_mixture,122,64,1.9976566175413721,2.7947267227043757,0.7970701051630036
asymmetric_crash_mixture,122,285,1.945208813806653,2.7004062571498446,0.7551974433431916
asymmetric_crash_mixture,123,1,3.2382031387874117,2.9819537891746815,-0.25624934961273027
asymmetric_crash_mixture,123,16,3.0490357928026306,2.965799152723789,-0.0832366400788418
asymmetric_crash_mixture,123,64,2.991177207451127,2.990623119815071,-0.000554087636055911
asymmetric_crash_mixture,123,285,2.937151176471609,3.0010379082127328,0.0638867317411238
asymmetric_crash_mixture,124,1,2.661107845006782,2.8286432889514526,0.16753544394467035
asymmetric_crash_mixture,124,16,2.6065424030939868,2.7927615683500733,0.1862191652560865
asymmetric_crash_mixture,124,64,2.514859486628718,2.7096638353392524,0.1948043487105342
asymmetric_crash_mixture,124,285,2.468528765205221,2.6886246481576834,0.2200958829524624
asymmetric_crash_mixture,125,1,3.111774769124196,2.7839596942613922,-0.3278150748628037
asymmetric_crash_mixture,125,16,3.0340184542624153,2.734862237195068,-0.2991562170673472
asymmetric_crash_mixture,125,64,2.9564141925487335,2.7734295837106724,-0.1829846088380611
asymmetric_crash_mixture,125,285,2.804093972808008,2.6849128302019087,-0.11918114260609913
asymmetric_crash_mixture,126,1,3.6307530248557796,2.9430980196969623,-0.6876550051588173
asymmetric_crash_mixture,126,16,3.4844587178672084,2.9938101050470647,-0.4906486128201437
asymmetric_crash_mixture,126,64,3.4132108091391022,2.874121959847187,-0.539088849291915
asymmetric_crash_mixture,126,285,3.073556875497868,2.7593268886001616,-0.3142299868977063
asymmetric_crash_mixture,127,1,2.471858519145019,2.73871864665692,0.2668601275119009
asymmetric_crash_mixture,127,16,2.383655104096996,2.739945339652239,0.35629023555524286
asymmetric_crash_mixture,127,64,2.383655104096996,2.739945339652239,0.35629023555524286
asymmetric_crash_mixture,127,285,2.368422053797883,2.6711520168399407,0.3027299630420579
asymmetric_crash_mixture,128,1,4.1212503238475175,2.8169794025074504,-1.3042709213400672
asymmetric_crash_mixture,128,16,3.6578059257989195,2.91390529175191,-0.7439006340470096
asymmetric_crash_mixture,128,64,3.6578059257989195,2.91390529175191,-0.7439006340470096
asymmetric_crash_mixture,128,285,3.5358446223948,2.8600209334698374,-0.6758236889249627
asymmetric_crash_mixture,129,1,3.282698241342005,2.757362700216021,-0.5253355411259841
asymmetric_crash_mixture,129,16,3.2551045107177945,2.8547800492346913,-0.4003244614831032
asymmetric_crash_mixture,129,64,3.102940634967614,2.723913939729686,-0.37902669523792776
asymmetric_crash_mixture,129,285,3.0395103998327184,2.711670641107907,-0.3278397587248114
