,,predicted_ES,predicted_ES,true_ES,true_ES,signed_underestimate,signed_underestimate,absolute_risk_error,absolute_risk_error,relative_underestimate_pct,relative_underestimate_pct,regret_vs_candidate_oracle,regret_vs_candidate_oracle,fixed_equal_signed_error,fixed_equal_signed_error,selection_excess_error,selection_excess_error,hhi,hhi
,,mean,std,mean,std,mean,std,mean,std,mean,std,mean,std,mean,std,mean,std,mean,std
family,method,,,,,,,,,,,,,,,,,,
asymmetric_crash_mixture,GMM_base,2.6494684076086648,0.4185699991611963,2.850587690467825,0.1400331820842116,0.2011192828591602,0.4501643544535516,0.4145352007916056,0.25831525993012583,6.796905093724064,15.64150286988434,0.10973949306457989,0.1129116461077867,-0.07021286792373194,0.48649452080034367,0.2713321507828921,0.18690105560280187,0.3596441649004915,0.1371531736306094
asymmetric_crash_mixture,GMM_pooled,2.672335216777317,0.34027693636658535,2.810381683224122,0.12526247885361735,0.13804646644680546,0.3550646628857515,0.30559419267606774,0.22175841305879815,4.7641272541489545,12.499266186816584,0.06953348582087689,0.07294043639853443,-0.0021669679904727734,0.37979400539964236,0.1402134344372782,0.0951524254611145,0.3768713965856811,0.1365241110557237
asymmetric_crash_mixture,LedoitWolf_Gaussian,1.773189433840352,0.1696228013575226,2.79813839455241,0.0915352971690227,1.024948960712058,0.150803545567486,1.024948960712058,0.150803545567486,36.651308023004226,5.410410560248147,0.05729019714916502,0.04291570895963564,1.0053716799962316,0.16831164491454736,0.01957728071582646,0.05066483181739503,0.22152637564291996,0.06135360847799743
asymmetric_crash_mixture,adaptive_tail_calibration,2.6702638643096885,0.3039292015711426,2.8219696841827355,0.12053514058530204,0.15170581987304704,0.30428834986049186,0.2708694524096175,0.20124461543482713,5.289721823321597,10.74382326329387,0.08112148677949063,0.06765638493168295,-0.016169779252164136,0.3395825204416019,0.1678755991252112,0.10589962231367903,0.379480081826992,0.13454796304218108
asymmetric_crash_mixture,equal_weight,2.886575846828111,0.34285423332257425,2.8637089019880393,0.07179436845820944,-0.022866944840071835,0.3345533755512006,0.2596706317109222,0.206671042754477,-0.7960273567883085,11.640575791884853,0.12286070458479403,0.05731387446932985,-0.022866944840071835,0.3345533755512006,0.0,0.0,0.125,0.0
asymmetric_crash_mixture,historical_CVaR,2.6856476862967846,0.2900761140036847,2.798024814007591,0.11659087368916579,0.1123771277108063,0.28716408659611575,0.23585317053445187,0.1948907907918044,3.9481871780838236,10.180220834288424,0.05717661660434576,0.057749254069222315,-0.022866944840071835,0.3345533755512006,0.13524407255087814,0.0994130253791651,0.39550754735189136,0.1321414111023293
asymmetric_crash_mixture,nominal_half_equal,2.759646175012324,0.44986382697823013,2.8274886218071607,0.08365475956587021,0.06784244679483659,0.45886294080481166,0.3752806215081489,0.26386466855935403,2.310167892020425,16.226735620980744,0.08664042440391533,0.05579509541441485,-0.07021286792373194,0.48649452080034367,0.13805531471856847,0.10398156143502145,0.18366104122512283,0.03428829340765237
asymmetric_crash_mixture,random_tail_calibration,2.673290938667439,0.31124461368993167,2.8358184216155418,0.12091361399543779,0.16252748294810315,0.3146825408444047,0.2853066692445075,0.20529092559332493,5.639555249339868,11.10893825391302,0.09497022421229682,0.0848983488419426,-0.02915372218358134,0.3469981275317454,0.19168120513168446,0.12149549116494202,0.3636247044651364,0.1339777591876082
gaussian_control,GMM_base,1.076456639488495,0.10290169540657357,1.1423312726609276,0.1063963179147264,0.06587463317243264,0.09395258385264485,0.08964405551108809,0.0707321003502763,5.5013703083080365,7.66206574890681,0.02801652459668509,0.0316642875335328,0.02019419632585426,0.09506214368741327,0.04568043684657838,0.05932592325867674,0.21409114881512323,0.06592144088024224
gaussian_control,GMM_pooled,1.099701157726192,0.11088483290358273,1.1263541583160368,0.09928803287956103,0.02665300058984456,0.0648248545878675,0.050500619576310794,0.047946697158312304,2.3223182467158714,5.5764510939795695,0.012039410251794268,0.016562047666681165,0.020287587459666332,0.07443782322086291,0.006365413130178233,0.03362374827886633,0.20853574228307473,0.03912596091119986
gaussian_control,LedoitWolf_Gaussian,1.0980470226738335,0.0961489642479424,1.1212990804669827,0.10391620224774721,0.02325205779314907,0.046021787920846303,0.04323328172566652,0.027271552833690316,1.9512984513130598,4.082046168298776,0.006984332402740267,0.010527614128343242,0.02368227233871837,0.04947981725997773,-0.00043021454556929693,0.019152646660144046,0.21257319775994338,0.03942353009018173
gaussian_control,adaptive_tail_calibration,1.0982660459944225,0.10548331258651528,1.1275650379236024,0.10013264430100788,0.02929899192917984,0.06120359786036477,0.05429557093765967,0.03980261145441187,2.5185423262506013,5.35120248062994,0.013250289859359833,0.015876366961823398,0.013412829474800537,0.07617791302377695,0.015886162454379304,0.03595355164441628,0.21558312451922804,0.06577906383339248
gaussian_control,equal_weight,1.202611262349469,0.11472630014848358,1.2085049457914814,0.09168321350562368,0.005893683442012312,0.07183098365204506,0.055921084945192705,0.04427891576259025,0.4754596536471433,6.022816006297411,0.09419019772723877,0.04018707531034584,0.005893683442012312,0.07183098365204506,0.0,0.0,0.125,0.0
gaussian_control,historical_CVaR,1.1001999085297813,0.10697774234521457,1.130386213778668,0.09796368046544535,0.03018630524888656,0.06260527536482456,0.052971456669191716,0.044264225723974794,2.6157568594068947,5.525572089476912,0.016071465714425578,0.015798383157017683,0.005893683442012312,0.07183098365204506,0.024292621806874228,0.03510136048850426,0.22203431529865794,0.06125173138822924
gaussian_control,nominal_half_equal,1.1039314215953662,0.1060266256629781,1.1490642564392826,0.09830497557098011,0.04513283484391642,0.09030833165501138,0.0797576959947792,0.06068082965547116,3.7398478284593,7.634344926763497,0.03474950837504019,0.025759830992116758,0.02019419632585426,0.09506214368741327,0.024938638518062155,0.032886777551521605,0.1472727872037808,0.016480360220060553
gaussian_control,random_tail_calibration,1.089004623979062,0.10053165739065814,1.1367460343411906,0.11027570498971308,0.04774141036212858,0.06797872533449996,0.06975851858797757,0.04410092120324764,4.000832398279239,5.750855370138527,0.022431286276948216,0.026287755359335353,0.01896989090294577,0.07488018520099828,0.02877151945918279,0.0465435277659725,0.2074021635109194,0.06469886410823583
