cell,local_queries,local_seconds,median_paired_speed_ratio,replicates,speed_ratios,union_queries,union_seconds
128x16/alpha=0.01,"[369, 258, 362, 305]",0.008917562547139823,1.0252936543932654,4,"[1.0999436237392144, 1.0046031498505696, 1.0328193726104251, 1.0177679361761058]","[14720, 512, 13824, 6528]",0.009380771080031991
128x16/alpha=0.05,"[451, 302, 438, 276]",0.008989937603473663,1.0317543662924695,4,"[1.054716840582538, 1.008791892002401, 1.07045155402823, 0.9896546233985405]","[25216, 6144, 23552, 2816]",0.009347146027721465
128x16/alpha=0.2,"[626, 260, 599, 329]",0.02539979200810194,1.0792474392269007,4,"[1.198447720434343, 1.017656807405601, 1.1408380710482005, 0.9959645958826214]","[47616, 768, 44160, 9600]",0.026949375052936375
128x16/alpha=1.0,"[256, 256, 256, 256]",0.008399729034863412,1.013604325405042,4,"[1.004030549182033, 1.019476212680658, 1.0317564695282668, 1.0077324381294261]","[256, 256, 256, 256]",0.008548958459869027
128x256/alpha=0.01,"[638, 416, 656, 355]",0.03398483362980187,1.0413547628789983,4,"[1.05877242050941, 1.0239371052485868, 1.067797675400065, 1.0025034824930028]","[49152, 20736, 51456, 12928]",0.03585137496702373
128x256/alpha=0.05,"[1119, 600, 1204, 560]",0.04262439603917301,1.0979440241784688,4,"[1.1378583472530672, 1.0499059768131167, 1.14153162472096, 1.0580297011038704]","[110720, 44288, 121600, 39168]",0.04682429146487266
128x256/alpha=0.2,"[1831, 652, 2017, 268]",0.0367828335147351,1.1491044446989487,4,"[1.249044171195897, 1.049164718202, 1.2724159249740006, 0.9976498320136787]","[201856, 50944, 225664, 1792]",0.04292010411154479
128x256/alpha=1.0,"[256, 256, 256, 256]",0.11793456203304231,1.018707952046416,4,"[0.9973779802475982, 1.0319032994894592, 1.0553771462433443, 1.0055126046033727]","[256, 256, 256, 256]",0.12098410434555262
128x64/alpha=0.01,"[452, 310, 450, 321]",0.014660082873888314,1.050427055960851,4,"[1.0905385067929496, 1.0495094127215683, 1.051344699200134, 1.0330398938002547]","[25344, 7168, 25088, 8576]",0.015531916986219585
128x64/alpha=0.05,"[673, 308, 756, 452]",0.049235186888836324,1.0845099417935735,4,"[1.1540159799272198, 0.9695340311077204, 1.107656083210806, 1.0613638003763413]","[53632, 6912, 64256, 25344]",0.04848935455083847
128x64/alpha=0.2,"[1063, 538, 953, 463]",0.015027375076897442,1.14010415249466,4,"[1.206014175334703, 1.071846130812816, 1.216702609060071, 1.074194129654617]","[103552, 36352, 89472, 26752]",0.01709756243508309
128x64/alpha=1.0,"[256, 256, 256, 256]",0.014680895954370499,1.0115680948309613,4,"[1.0046169244855985, 1.0148394258391633, 1.0092707208360399, 1.0138654688258826]","[256, 256, 256, 256]",0.014847333543002605
2048x16/alpha=0.01,"[5901, 4500, 5946, 4221]",0.13858300005085766,1.506678449951968,4,"[1.8160071803477147, 1.2207031587933408, 1.7926537411105956, 1.049856824903953]","[3700736, 831488, 3792896, 260096]",0.231642207945697
2048x16/alpha=0.05,"[7398, 4882, 7451, 4964]",0.11713379144202918,1.8776587923253878,4,"[2.3921011890073935, 1.3378062548867904, 2.438714120475482, 1.3632163956433818]","[6766592, 1613824, 6875136, 1781760]",0.22267472906969488
2048x16/alpha=0.2,"[9880, 4130, 9825, 5375]",0.4180574784986675,2.774969837218598,4,"[4.018976212848988, 0.9872397748216345, 4.025930520796821, 1.5309634615882088]","[11849728, 73728, 11737088, 2623488]",0.629053125041537
2048x16/alpha=1.0,"[4096, 4096, 4096, 4096]",0.1252672290429473,1.0054684524176125,4,"[1.0237127115604534, 0.9911231772811095, 1.0008341344403124, 1.0101027703949126]","[4096, 4096, 4096, 4096]",0.12716991698835045
2048x256/alpha=0.01,"[10393, 7942, 10497, 6962]",0.7037387085147202,1.830566623979888,4,"[2.0163839742485576, 1.6447492737112182, 2.1883207254615655, 1.4376810153111186]","[12900352, 7880704, 13113344, 5873664]",1.439344646059908
2048x256/alpha=0.05,"[18521, 4415, 18176, 12054]",0.5828163750702515,2.7255461844281204,4,"[3.186513209521259, 1.0501465948488977, 3.0892326816351763, 2.3618596872210644]","[29546496, 657408, 28839936, 16302080]",1.8285487913526595
2048x256/alpha=0.2,"[30777, 22035, 31459, 9117]",0.583493479527533,4.178011930508976,4,"[4.741917880965827, 3.6141059800521256, 4.886336682273996, 1.950870955746093]","[54646784, 36743168, 56043520, 10287104]",2.4233197710709646
2048x256/alpha=1.0,"[4096, 4096, 4096, 4096]",0.6285132084740326,0.9979795684957741,4,"[0.999016232398267, 0.9918918905258508, 0.9969429045932812, 4.861468978707283]","[4096, 4096, 4096, 4096]",1.7389885624870658
2048x64/alpha=0.01,"[7432, 5160, 7469, 5745]",0.2662814795039594,1.7410135332385714,4,"[1.98764503746096, 1.3367824432411974, 2.039359591236963, 1.494382029016183]","[6836224, 2183168, 6912000, 3381248]",0.5274050000589341
2048x64/alpha=0.05,"[10975, 4973, 11336, 4835]",0.2656811665510759,2.36568510301967,4,"[3.4821353402534436, 1.249234865785897, 3.524140403220153, 1.23740796579574]","[14092288, 1800192, 14831616, 1517568]",0.637707187444903
2048x64/alpha=0.2,"[16923, 9774, 17174, 5710]",0.7853641255060211,4.096691662475495,4,"[5.024291306563114, 3.169092018387875, 5.1399745623705275, 1.4987620067497673]","[26273792, 11632640, 26787840, 3309568]",2.628208020934835
2048x64/alpha=1.0,"[4096, 4096, 4097, 4096]",0.7771065415581688,0.9927000672307829,4,"[0.991690969175189, 0.9937091652863769, 0.9639195711105935, 1.0073044528993498]","[4096, 4096, 6144, 4096]",0.770257520955056
32x16/alpha=0.01,"[89, 66, 109, 67]",0.006515895365737379,1.015021803552263,4,"[1.0654252641956685, 1.0181471767964616, 1.0118964303080644, 0.9882073993035763]","[864, 128, 1504, 160]",0.006667020847089589
32x16/alpha=0.05,"[121, 68, 135, 92]",0.0018447500187903643,1.016046521063312,4,"[1.0346872765774602, 0.9853643783345226, 1.007454708576724, 1.0246383335499]","[1888, 192, 2336, 960]",0.001862896024249494
32x16/alpha=0.2,"[149, 117, 147, 77]",0.0018323335098102689,1.0210966592311896,4,"[1.0340358895565738, 1.0084044128268481, 1.033788905635531, 1.0010031652009088]","[2784, 1760, 2720, 480]",0.001892791478894651
32x16/alpha=1.0,"[64, 64, 64, 64]",0.006800958071835339,0.9898184835407765,4,"[0.99054122393885, 0.9854849193165087, 1.0155952493416311, 0.989095743142703]","[64, 64, 64, 64]",0.006734999944455922
32x256/alpha=0.01,"[182, 99, 173, 71]",0.008511875057592988,1.0070311962256122,4,"[1.0304570069518637, 0.9917980668109311, 1.0189658772542651, 0.9950965151969591]","[3840, 1184, 3552, 288]",0.008600917062722147
32x256/alpha=0.05,"[251, 186, 286, 205]",0.029953645542263985,1.02473253078661,4,"[1.0239201177883446, 1.0255449437848754, 0.9880170208842021, 1.101469942878082]","[6048, 3968, 7168, 4576]",0.03071033291053027
32x256/alpha=0.2,"[485, 93, 451, 81]",0.009379895986057818,1.02894034299714,4,"[1.0842322836096558, 0.9916648095722129, 1.0542142150884677, 1.003666470905812]","[13536, 992, 12448, 608]",0.009665208985097706
32x256/alpha=1.0,"[64, 64, 64, 64]",0.009329020627774298,1.007558067240439,4,"[1.0308125277304598, 0.9818833073036658, 1.0029212145905748, 1.0121949198903033]","[64, 64, 64, 64]",0.009345707949250937
32x64/alpha=0.01,"[111, 69, 123, 85]",0.0037269790191203356,0.999429411595392,4,"[1.0111606916573779, 0.9876981315334061, 1.0475807028819275, 0.9825276853810372]","[1568, 224, 1952, 736]",0.0036870004842057824
32x64/alpha=0.05,"[156, 75, 167, 76]",0.020235853968188167,1.022137424049611,4,"[0.9641397621092045, 1.0409360644024253, 1.0439153469680267, 1.0033387836967969]","[3008, 416, 3360, 448]",0.020357374916784465
32x64/alpha=0.2,"[212, 186, 277, 188]",0.003723312634974718,1.031298395070272,4,"[1.0320841948557347, 1.0305125952848093, 1.0963487837184425, 1.0281333194718225]","[4800, 3968, 6880, 4032]",0.0038939790101721883
32x64/alpha=1.0,"[64, 64, 64, 64]",0.0036390209570527077,0.9971121555695805,4,"[1.0378093315010275, 0.9923652297276074, 1.0018590814115538, 0.9669919958997417]","[64, 64, 64, 64]",0.0036166870268061757
512x16/alpha=0.01,"[1503, 1192, 1493, 1045]",0.034463791525922716,1.1386996927843027,4,"[1.2012210018947818, 1.0761783836738235, 1.241233303370644, 1.0108600040499784]","[246272, 87040, 241152, 11776]",0.03593839600216597
512x16/alpha=0.05,"[1833, 1248, 1806, 1058]",0.10381952091120183,1.225957298395722,4,"[1.347463704044881, 1.1135746822237915, 1.3383399145676529, 1.0177540971173873]","[415232, 115712, 401408, 18432]",0.11863445804920048
512x16/alpha=0.2,"[2397, 1442, 2481, 1845]",0.035647937562316656,1.4613397421582695,4,"[1.576097934727712, 1.1571372997654736, 1.5977823524979506, 1.346581549588827]","[704000, 215040, 747008, 421376]",0.05248283292166889
512x16/alpha=1.0,"[1024, 1024, 1024, 1024]",0.03117304143961519,1.0112409697233908,4,"[1.0168017777820595, 1.0056801616647222, 1.0193970173477427, 0.999022718829801]","[1024, 1024, 1024, 1024]",0.031270979437977076
512x256/alpha=0.01,"[2668, 2420, 2642, 1810]",0.49033252091612667,1.2326245398686844,4,"[1.247623917947982, 1.2262985838591538, 1.2389504958782152, 1.1274748468080242]","[842752, 715776, 829440, 403456]",0.5635116460034624
512x256/alpha=0.05,"[4487, 1800, 4726, 1304]",0.4798683748813346,1.3195751004217096,4,"[1.5209627138177564, 1.118187487025663, 1.5935183402140751, 1.0481612730863203]","[1774080, 398336, 1896448, 144384]",0.5693467914825305
512x256/alpha=0.2,"[7948, 3664, 7871, 2368]",0.15506868762895465,1.8245284550991414,4,"[2.2740582099998674, 1.4223076750684198, 2.226749235129863, 1.2022662285976975]","[3546112, 1352704, 3506688, 689152]",0.3163122290279716
512x256/alpha=1.0,"[1024, 1024, 1024, 1024]",0.486299250042066,0.9971854926103862,4,"[0.9920520192481049, 1.0002488907373226, 1.0123371095939773, 0.9941220944834499]","[1024, 1024, 1024, 1024]",0.48310379160102457
512x64/alpha=0.01,"[1836, 1043, 1854, 1094]",0.06555035396013409,1.1100357381659598,4,"[1.2550508706739825, 1.0007162671610828, 1.2193552091708368, 0.9758948984263287]","[416768, 10752, 425984, 36864]",0.08105381240602583
512x64/alpha=0.05,"[2663, 1267, 2732, 1766]",0.19117041607387364,1.3891733448875483,4,"[1.533314113737834, 1.062769295060862, 1.5556219693919797, 1.2450325760372623]","[840192, 125440, 875520, 380928]",0.28453722852282226
512x64/alpha=0.2,"[4094, 1319, 4196, 3478]",0.06642508343793452,1.8491968628911768,4,"[1.962736041852045, 1.068778354418279, 1.9951402932959683, 1.7356576839303088]","[1572864, 152064, 1625088, 1257472]",0.1290848960634321
512x64/alpha=1.0,"[1024, 1024, 1024, 1024]",0.05404066666960716,1.000144271956316,4,"[1.0084064780946456, 1.003608996673944, 0.9966795472386879, 0.9903527462276722]","[1024, 1024, 1024, 1024]",0.05436545831616968
8x16/alpha=0.01,"[27, 18, 28, 16]",0.0005164999747648835,0.997541966987686,4,"[0.9814214001719217, 1.0008330550847637, 0.9959488542853526, 0.9991350796900195]","[104, 32, 112, 16]",0.0005165209295228124
8x16/alpha=0.05,"[27, 18, 24, 17]",0.0017925420543178916,1.0041779012733187,4,"[0.9996403446415576, 1.0087154579050799, 1.0817061596302928, 0.9463743344909501]","[104, 32, 80, 24]",0.0017891040770336986
8x16/alpha=0.2,"[39, 25, 42, 17]",0.0005440835375338793,0.9965718552201552,4,"[0.9746900984195642, 1.0099483762858574, 1.120475387012208, 0.983195334154453]","[200, 88, 224, 24]",0.0005328330444172025
8x16/alpha=1.0,"[16, 16, 16, 16]",0.000588021008297801,0.9988295852684612,4,"[1.0012934766371053, 0.996365693899817, 0.9539971179544332, 1.0016591482561459]","[16, 16, 16, 16]",0.0005873125046491623
8x256/alpha=0.01,"[29, 29, 52, 18]",0.007281041471287608,0.9794973104460052,4,"[0.9774096892277442, 0.9962720269255426, 0.9593696257002289, 0.9815849316642661]","[120, 120, 304, 32]",0.00720566650852561
8x256/alpha=0.05,"[64, 19, 97, 25]",0.007250541937537491,1.0137557786179827,4,"[0.9888155026386934, 1.0137619124230786, 1.0447170069053064, 1.0137496448128867]","[400, 40, 664, 88]",0.007229353883303702
8x256/alpha=0.2,"[115, 30, 110, 49]",0.002316562575288117,1.0006014483377763,4,"[1.041269434579479, 1.0044078111931463, 0.9626353846631288, 0.9967950854824061]","[808, 128, 768, 280]",0.00233714550267905
8x256/alpha=1.0,"[16, 16, 16, 16]",0.0022932500578463078,0.9842093582212723,4,"[0.9545023691527771, 1.0106315177298184, 0.9995525877144111, 0.9688661287281334]","[16, 16, 16, 16]",0.0022597500355914235
8x64/alpha=0.01,"[22, 17, 25, 19]",0.005052312393672764,0.9935993189006023,4,"[1.088641359293853, 0.9843317420301921, 1.0028668957710125, 0.9356366265046638]","[64, 24, 88, 40]",0.005048125050961971
8x64/alpha=0.05,"[36, 26, 56, 47]",0.00103095849044621,0.9940225626911705,4,"[0.9707935279592241, 0.9860648254799039, 1.0026980400883707, 1.0019802999024372]","[176, 96, 336, 264]",0.0010085420217365026
8x64/alpha=0.2,"[66, 35, 90, 30]",0.0010332704987376928,0.9764588063534934,4,"[0.9882379191065737, 0.926224792647864, 1.021935739730795, 0.9646796936004132]","[416, 168, 608, 128]",0.0009825211018323898
8x64/alpha=1.0,"[16, 16, 16, 16]",0.004977583535946906,1.002256511041586,4,"[1.0037190312151298, 1.0019368515635572, 0.9429597267547702, 1.002576170519615]","[16, 16, 16, 16]",0.004840187029913068
