family,policy,banks,histories,mean_true_net_regret,ci95_low,ci95_high,switches,harmful_switches,mean_cost
component_shift,fixed_q,24,1536,0.0006429989304835142,0.0004849887785324189,0.0008089041373829163,1397,643,0.0002462623076903583
component_shift,historical,24,1536,0.00037109788901665665,0.00026008577669213955,0.0004946208312958343,1352,393,0.0002235568266563353
component_shift,ignore_cost,24,1536,0.0007754084840505322,0.0006094895533927808,0.0009469291463794333,1535,769,0.0005073158347998394
component_shift,incumbent,24,1536,0.0007981527163250637,0.0006069546833573904,0.0010108596659076112,0,0,0.0
component_shift,nominal_components,24,1536,0.0006354463472642958,0.0004694961956419526,0.0008089354664004649,1405,642,0.0002519155461131317
component_shift,point,24,1536,0.0006398148065195454,0.0004759346549761878,0.0008092303157326506,1404,646,0.0002524654449924992
component_shift,rectangular_endpoints,24,1536,0.0005978194797047765,0.0004511787933856564,0.0007521716013344131,1431,644,0.00027681404945205737
component_shift,rectangular_full,24,1536,0.0005978194797047765,0.0004496791180210937,0.0007510453154997638,1431,644,0.00027681404945205737
component_shift,shared_endpoints,24,1536,0.0006510312728224378,0.0004919390031221747,0.0008113079774908065,1396,649,0.0002476003497162242
component_shift,shared_full,24,1536,0.0006510312728224378,0.0004971357365709302,0.0008182269136969335,1396,649,0.0002476003497162242
stationary,fixed_q,24,1536,6.548003768298903e-05,5.3962288460977214e-05,7.822402459303422e-05,1410,115,0.0002533625069792667
stationary,historical,24,1536,0.00027037043653560874,0.0002000421725854351,0.0003420636331494364,1361,460,0.00022403083360325972
stationary,ignore_cost,24,1536,0.00020820241580280928,0.00016279326822875873,0.00025591990409948984,1531,504,0.0005096219553870973
stationary,incumbent,24,1536,0.0006651884582826935,0.0004969432536505407,0.0008556274788366027,0,0,0.0
stationary,nominal_components,24,1536,5.439810284407833e-05,4.482626833702146e-05,6.495545766879384e-05,1418,110,0.00025757496659042906
stationary,point,24,1536,5.461865202931662e-05,4.4992441565231955e-05,6.500485601750111e-05,1422,111,0.00025729499414135895
stationary,rectangular_endpoints,24,1536,0.000119780655898158,9.11896522540855e-05,0.00014953385290270775,1444,258,0.00027289410708846703
stationary,rectangular_full,24,1536,0.00011981806807211054,9.205011998337171e-05,0.00015032508566765356,1444,258,0.0002729501424352431
stationary,shared_endpoints,24,1536,6.68547171780603e-05,5.591420180556873e-05,7.965050402827787e-05,1400,119,0.00024995661478467365
stationary,shared_full,24,1536,6.689687302651758e-05,5.557107057440003e-05,7.986015883019708e-05,1400,119,0.00025032765951499503
